Student Name,Problem Solving,Analytical Thinking,Logical Reasoning,Creative Writing,Innovation Challenges,Lateral Thinking,Leadership,Communication Skills,Teamwork,Career Suggestion
Sarah Mcconnell,92,52,89,48,44,69,91,63,88,Human Resource Specialist
Robert Pope,53,90,41,43,78,95,75,48,85,Financial Analyst
Debra Moore,64,42,69,46,64,90,91,92,97,Manager
Gary Phillips,74,67,64,99,94,87,55,96,77,Writer
Jackie Washington,41,49,83,65,91,42,100,74,91,Entrepreneur
Brandon Keller,54,77,77,40,47,58,60,49,41,Financial Analyst
Adam Long,89,78,50,55,41,81,49,48,97,Human Resource Specialist
Antonio Green,59,42,82,100,91,42,82,50,96,Writer
Lisa Brandt,75,91,86,76,42,51,82,81,67,Data Scientist
George Adams,42,88,70,47,81,71,70,88,86,Entrepreneur
Rebecca Arnold,93,42,73,80,87,89,95,94,68,Manager
Richard Best,76,72,91,99,70,69,88,92,82,Writer
Philip Stewart,56,89,74,48,84,85,63,94,64,Entrepreneur
Alyssa Chandler,61,82,55,99,70,40,57,57,90,Writer
Monica Carlson,55,57,75,51,45,53,89,74,88,Human Resource Specialist
Thomas Rodriguez,82,66,82,100,79,71,49,57,62,Writer
Keith Guzman,64,41,66,92,95,45,86,46,95,Writer
Alyssa Schneider,51,73,47,87,76,57,63,66,89,Writer
Sharon Evans,48,75,62,68,93,46,63,70,94,Entrepreneur
Kelly Porter,98,52,70,46,46,82,93,99,79,Manager
Elizabeth Mullins,60,85,42,41,41,49,48,58,54,Financial Analyst
Meredith Moreno,96,95,91,84,73,50,68,47,77,Data Scientist
Dr. Nathan Farrell,55,75,98,72,74,52,78,92,41,Financial Analyst
Brianna Koch,66,96,73,100,78,70,100,83,76,Writer
Jasmine Alvarez,94,79,78,70,47,70,41,79,89,Human Resource Specialist
Nicole Weaver,41,41,94,82,65,74,55,97,76,Marketing Executive
Michelle Potter,49,74,88,44,98,96,48,83,46,Entrepreneur
Trevor Watson,82,61,52,67,69,45,91,46,58,Financial Analyst
Traci Abbott,91,53,42,56,91,91,70,79,72,Entrepreneur
Megan Morrison,49,61,95,82,70,78,51,49,96,Human Resource Specialist
Rhonda Stewart,67,56,47,47,72,74,42,61,64,Software Engineer
Amber Harrell,52,72,86,74,65,78,45,73,86,Human Resource Specialist
Bobby Thomas,80,49,76,98,90,84,72,81,63,Writer
Scott Scott,93,46,54,64,80,89,51,71,89,Human Resource Specialist
John Campbell,73,87,87,97,83,64,99,83,50,Data Scientist
Dr. Stephen Walsh,67,54,48,44,48,86,49,41,80,Financial Analyst
Jacob Rodriguez,91,78,65,49,87,41,75,91,86,Entrepreneur
Debbie Scott,99,79,73,66,92,59,71,81,52,Entrepreneur
Cindy Perez,84,73,46,79,74,45,51,77,71,Teacher
Kiara Smith,88,46,42,93,76,95,42,61,93,Writer
Philip Barnes,90,80,45,49,95,46,84,57,56,Entrepreneur
Richard Patterson,44,62,47,98,43,78,61,49,45,Writer
Thomas Campos,57,72,74,68,79,46,69,43,60,Teacher
David Nelson,74,93,73,91,79,57,100,76,50,Writer
Raymond Gonzalez,63,71,68,63,49,42,100,43,54,Marketing Executive
William James,81,55,43,81,83,47,93,72,97,Entrepreneur
Shannon Castillo,67,77,52,87,49,75,86,64,95,Writer
Paul Costa,67,90,71,41,81,48,86,65,74,Entrepreneur
Crystal Smith,82,51,46,66,83,83,62,72,61,Entrepreneur
Karen Figueroa,70,48,58,44,45,41,98,52,95,Human Resource Specialist
Felicia Ramirez,71,92,51,95,88,40,49,57,41,Writer
Donna Miller,43,75,100,99,92,100,49,41,58,Writer
Katelyn Torres,70,72,67,47,89,72,52,93,66,Entrepreneur
Kayla Huffman,86,69,79,97,43,61,92,71,59,Writer
Catherine Weaver,97,90,42,59,75,40,51,99,71,Teacher
Rachel Webb,48,72,60,80,55,82,44,71,73,Financial Analyst
Marcia Jones,59,56,72,92,64,55,85,71,74,Writer
Patrick Johnson,75,76,76,74,68,79,93,50,56,Financial Analyst
Dawn Morris,83,97,91,48,41,76,87,70,65,Data Scientist
Miranda Johnson,51,87,82,54,69,51,71,93,70,Data Scientist
Olivia Thompson,60,80,78,43,87,50,57,88,85,Entrepreneur
Mrs. Carol Rush DDS,100,78,72,83,96,60,73,47,56,Entrepreneur
Alexander Porter,72,94,72,82,98,44,79,57,60,Entrepreneur
Steven Jones,56,56,91,91,70,66,68,80,62,Writer
Shawn Perez,44,74,69,84,48,88,77,63,44,Software Engineer
Michael Cohen,62,63,41,40,67,43,65,52,40,Marketing Executive
Kelly Fields,70,65,68,48,71,92,95,98,68,Manager
Megan Padilla,71,99,75,65,41,61,73,96,50,Software Engineer
Tanya Simon,47,46,79,64,45,40,78,79,53,Marketing Executive
Tamara Ortega,90,40,71,66,72,75,58,85,52,Financial Analyst
Miranda Clark,59,98,90,51,92,81,67,90,59,Data Scientist
Amanda Boyd,65,91,53,57,95,55,62,49,64,Entrepreneur
Sara Green,71,54,81,86,47,85,97,76,73,Writer
Rebecca Owens,49,87,59,69,77,70,74,43,49,Software Engineer
Erika Giles,89,94,64,70,70,63,80,90,44,Teacher
Patricia Cooper,94,57,45,93,56,97,62,78,82,Writer
Joann Fuller,99,74,47,88,57,50,79,56,85,Writer
Scott Rhodes,100,99,52,77,99,90,44,65,55,Entrepreneur
Michelle Lopez,80,50,97,57,61,55,53,82,63,Software Engineer
Kathleen Griffin,88,50,48,48,88,43,46,70,100,Entrepreneur
Timothy Jones,96,49,50,82,95,69,81,69,74,Entrepreneur
Joshua Rodriguez,75,69,78,99,52,41,58,41,54,Writer
Christopher Jacobson,64,51,55,60,94,100,58,44,94,Entrepreneur
Brianna Crosby,64,59,65,53,88,79,96,57,60,Entrepreneur
Dakota Bell,65,77,55,62,89,57,55,85,89,Entrepreneur
Andrew Heath,95,69,60,75,100,64,88,44,59,Entrepreneur
Edward Stuart,43,88,53,78,92,79,57,52,46,Entrepreneur
Seth Coleman,75,58,79,98,84,55,47,99,78,Writer
Elizabeth Mendoza,85,96,88,66,51,57,94,53,77,Data Scientist
Elizabeth Allen,93,93,60,66,63,58,89,82,64,Manager
Frederick Newman,100,56,97,73,66,48,63,66,77,Software Engineer
Thomas James,44,61,71,100,88,43,56,98,94,Writer
Christopher Andrade,42,74,75,42,72,63,100,64,48,Marketing Executive
Cynthia Chavez,71,78,99,95,41,96,88,62,73,Data Scientist
Dennis Yang,46,71,93,70,45,50,53,80,65,Financial Analyst
Danielle Chang,85,77,90,42,71,77,47,51,63,Data Scientist
Ariel White,81,67,48,69,46,83,52,88,55,Financial Analyst
Sharon Bender,95,80,72,58,70,92,82,68,85,Teacher
Julia Ramos,47,82,72,63,90,64,42,75,72,Entrepreneur
Laura White,89,87,57,83,62,90,85,42,53,Software Engineer
Karen Irwin,57,74,94,65,42,55,93,51,76,Software Engineer
Julie Frederick,84,59,93,83,61,64,62,59,100,Human Resource Specialist
Nicholas Evans,50,47,75,42,83,66,57,45,53,Entrepreneur
Lori Walker,59,50,74,84,77,86,67,96,76,Marketing Executive
Nicholas Hoffman,70,59,69,67,81,81,95,87,84,Manager
Kelly Hood,56,42,70,92,92,72,94,57,66,Writer
Sean Cole,65,87,54,50,53,53,72,56,43,Marketing Executive
Brenda Jones,60,63,59,65,76,85,47,52,54,Marketing Executive
Amber Bullock,81,49,62,98,53,83,93,90,97,Writer
Joseph Burns,83,87,73,55,97,83,76,49,44,Entrepreneur
Oscar Howard,91,62,81,54,100,47,73,94,89,Entrepreneur
Trevor Cooper,87,65,100,56,50,73,80,95,83,Teacher
Sara Powers,61,48,75,68,93,86,53,80,89,Entrepreneur
Cindy Conrad,63,40,59,95,100,71,91,63,61,Writer
Diana Atkinson,70,53,77,63,50,93,70,61,55,Software Engineer
Chad Hodges,72,59,79,89,65,43,75,83,88,Writer
Tony Jones,48,52,61,58,99,80,82,72,48,Entrepreneur
Ryan Pena,80,50,46,76,59,100,52,80,75,Marketing Executive
Chad Hart,73,80,74,54,58,68,91,77,46,Manager
Kelly Williams,85,44,56,71,72,81,45,85,87,Human Resource Specialist
Heather Murphy,41,43,43,57,72,82,92,64,76,Financial Analyst
Eric Mccall,53,85,84,87,98,72,99,52,42,Data Scientist
Joan Glenn,41,69,94,81,56,81,98,56,62,Teacher
Robert Holden PhD,92,42,69,71,46,73,76,69,76,Financial Analyst
Kyle Johnson,97,69,60,42,55,66,48,80,83,Teacher
Anthony Ellis,60,91,60,61,95,50,60,94,70,Entrepreneur
Wayne Davis,71,49,77,62,71,90,71,69,77,Software Engineer
Sharon Lee,46,59,76,66,46,85,85,46,82,Software Engineer
Michelle Zuniga,99,86,40,76,78,92,91,63,44,Teacher
Joseph Johnston,94,90,44,66,82,83,81,60,58,Entrepreneur
Paul Shaw,69,65,92,47,72,47,81,83,61,Manager
Arthur Watson,82,100,94,52,50,95,90,70,54,Data Scientist
Ashley Kennedy,57,78,71,41,51,53,90,92,59,Manager
Timothy Kelly,40,73,44,68,84,67,45,94,79,Entrepreneur
Judy Lee,74,42,69,52,75,45,67,90,91,Human Resource Specialist
Monica Gonzalez,89,79,74,87,97,40,43,42,68,Writer
Jonathan Maddox,86,95,57,67,58,94,56,85,52,Financial Analyst
Melissa Welch,88,42,63,50,54,58,67,73,44,Teacher
Gregory Powers,53,63,56,83,45,97,63,92,95,Human Resource Specialist
Steven Velasquez,99,79,77,56,83,71,45,91,52,Entrepreneur
Victoria Jones,71,98,89,86,79,81,88,40,77,Data Scientist
Samantha Bryant,99,85,71,76,55,70,71,67,90,Human Resource Specialist
Thomas Wilson,45,97,67,43,44,87,96,86,81,Manager
Carrie Anderson,85,55,70,55,94,56,43,80,58,Entrepreneur
Randy Smith,57,75,53,92,85,94,95,51,62,Writer
Nicholas Wallace,54,100,55,90,54,50,67,60,63,Writer
Deborah Scott,70,77,77,56,78,96,52,72,80,Financial Analyst
Angela Turner,55,83,59,61,49,78,79,40,67,Marketing Executive
Christopher Miller,83,59,82,64,100,69,80,57,95,Entrepreneur
Eric Martinez,97,56,84,83,51,86,75,77,84,Software Engineer
Wesley Cox,61,75,85,87,50,44,54,61,92,Writer
John Garcia,94,75,63,43,99,48,57,81,55,Entrepreneur
James Oliver,95,95,90,57,66,94,73,68,75,Data Scientist
James Moore,57,88,79,63,59,49,65,90,65,Marketing Executive
James Brown,47,83,58,62,42,95,64,98,90,Human Resource Specialist
Ryan Wolfe,77,51,42,72,52,61,78,72,69,Financial Analyst
Daniel Abbott,40,71,70,57,57,58,95,79,41,Manager
Michael Hodges,94,73,76,59,57,70,73,76,100,Human Resource Specialist
Jessica Carroll,72,84,91,79,67,45,44,47,64,Data Scientist
Gregory Price,90,67,56,48,93,77,50,41,89,Entrepreneur
Julia Thomas,72,64,93,70,58,44,54,96,88,Human Resource Specialist
Allen Rose,44,43,53,65,72,89,56,85,78,Marketing Executive
Christopher Horn,75,98,89,55,70,41,55,54,100,Data Scientist
Nicole Miller,82,55,71,42,48,79,74,46,46,Marketing Executive
Justin Evans,68,65,55,93,78,50,50,77,77,Writer
Keith Henry,97,85,87,54,41,94,88,59,90,Data Scientist
Mr. Jesse Arnold,100,58,74,100,67,79,47,66,61,Writer
Edwin Mckay,81,65,60,70,52,81,83,68,60,Software Engineer
Timothy Marshall,63,81,72,52,63,78,42,71,60,Software Engineer
Megan Wright,46,44,61,80,61,78,71,41,73,Financial Analyst
Jennifer Barker,46,92,70,67,62,61,86,53,91,Human Resource Specialist
Samantha Lawson,90,50,90,52,73,50,100,63,81,Software Engineer
Steven Forbes,42,50,96,47,82,98,58,40,87,Entrepreneur
Maria Matthews,58,98,89,71,48,54,88,74,99,Data Scientist
Corey Adams,98,63,40,70,70,74,44,74,51,Marketing Executive
Luis Rose,62,98,48,83,43,59,66,61,72,Financial Analyst
Beth Garcia,73,81,51,83,70,52,84,100,58,Manager
Todd Bryant,64,87,81,67,53,67,84,59,100,Data Scientist
Rachel Alexander,98,61,94,53,63,54,97,96,57,Manager
Rebecca Duffy,50,40,67,75,100,47,40,47,51,Entrepreneur
Travis Weber,58,66,76,70,45,46,87,46,54,Financial Analyst
Matthew Brady,78,68,50,43,74,92,56,66,62,Financial Analyst
William Becker,54,52,80,67,63,62,83,55,51,Marketing Executive
Michelle Carr,40,70,44,70,65,100,52,66,99,Human Resource Specialist
Steven Allen,47,58,75,97,88,75,89,52,93,Writer
Kimberly Fernandez,73,54,91,68,44,99,43,83,93,Human Resource Specialist
Sarah Rodriguez,66,74,87,49,74,97,90,59,41,Teacher
Charles Kelly,56,71,59,71,66,68,85,83,73,Manager
Raymond Cortez,71,55,91,83,93,57,87,72,85,Entrepreneur
Frank Ellis,97,73,56,60,64,70,90,76,69,Manager
Marilyn Patel,82,45,47,96,92,75,65,67,65,Writer
Jason Chavez,50,95,78,61,86,100,60,66,50,Entrepreneur
Jennifer Perry,88,60,66,77,90,91,52,47,64,Entrepreneur
Lisa Vasquez,82,54,75,100,56,66,91,92,95,Writer
Theresa Smith,78,46,79,89,91,78,74,44,78,Writer
Brad Campbell,93,68,97,47,41,100,96,54,57,Financial Analyst
Valerie Meyer,51,95,42,83,41,96,41,78,80,Marketing Executive
Dr. Maria Kim DDS,75,94,91,72,60,55,97,91,41,Data Scientist
Zachary Thomas,58,74,97,42,91,68,48,77,63,Entrepreneur
Rita Sanchez,87,43,66,80,92,77,40,69,69,Entrepreneur
Pamela Leblanc,100,72,61,90,78,41,56,55,70,Writer
Paul Allen,45,74,57,61,92,74,51,70,90,Entrepreneur
Craig Vargas,52,46,69,68,64,93,40,55,72,Financial Analyst
Whitney Lucas,95,89,96,57,96,68,94,59,58,Data Scientist
Elizabeth Haynes,70,82,57,69,41,87,72,75,82,Financial Analyst
Linda Cervantes,51,84,69,77,95,68,75,96,42,Entrepreneur
Shawn Porter,51,61,85,48,88,72,91,82,56,Manager
Molly Anthony,89,61,41,83,92,87,40,95,49,Entrepreneur
Justin Ewing,96,44,73,89,86,88,52,86,93,Writer
Michelle Kim,41,71,89,47,81,65,100,79,96,Manager
Joshua Zhang,69,57,61,57,83,63,95,40,77,Entrepreneur
Tony Horton,92,92,100,95,97,49,95,96,51,Data Scientist
Scott Martin,94,50,44,64,98,60,50,86,49,Entrepreneur
Jeremy Boyd,45,59,84,70,83,99,60,62,100,Entrepreneur
Elizabeth Nielsen,42,51,68,97,98,65,96,90,43,Writer
Kim Moore,85,67,71,69,41,85,67,59,57,Financial Analyst
Steven Jenkins,62,76,82,66,67,73,65,55,46,Data Scientist
Miguel Martin,56,83,57,96,48,96,81,68,59,Writer
Christopher Rose,77,52,53,84,92,49,57,52,75,Entrepreneur
Carrie Frost,88,66,100,59,53,92,84,78,89,Manager
Jason Norris,48,67,89,70,73,42,90,79,51,Manager
Deborah Wilson,100,99,57,60,57,74,59,41,65,Teacher
Peter Perry,40,78,59,69,86,44,60,89,55,Entrepreneur
Christopher Tucker,49,46,63,77,47,40,85,67,62,Teacher
Linda Miranda,42,41,85,41,74,87,44,71,69,Software Engineer
Julia Walters,73,94,88,79,62,71,76,78,45,Data Scientist
Roy Rodriguez,94,49,70,47,55,48,89,51,67,Software Engineer
Anthony Johnson,63,73,97,75,71,82,63,45,51,Teacher
Carrie Richards,59,100,95,59,69,42,60,70,64,Data Scientist
Thomas Gonzalez,96,59,95,93,48,85,53,87,55,Writer
Patricia Mccoy,63,69,57,56,72,46,52,41,77,Financial Analyst
Katherine Chen,95,56,96,93,44,69,99,46,69,Writer
Nicole Williams,80,88,67,61,94,45,92,59,60,Entrepreneur
Douglas Graham,100,71,70,69,52,73,58,47,84,Teacher
Richard Newman,91,68,76,85,93,75,66,84,61,Entrepreneur
Joshua Thompson,89,56,42,78,53,66,68,53,68,Teacher
Victoria Phillips,60,43,72,90,77,63,44,79,48,Writer
Scott Malone,54,44,64,71,79,56,65,52,62,Marketing Executive
Lauren Holmes,90,66,82,74,45,94,86,53,46,Marketing Executive
Mary Jacobs,94,94,85,77,43,56,81,64,44,Data Scientist
Hunter Saunders,92,63,52,42,90,64,100,92,99,Manager
Juan Yang,41,72,42,67,58,81,74,81,51,Marketing Executive
Heather Quinn,100,80,62,83,67,54,65,63,97,Human Resource Specialist
Heather Johnson,50,42,64,65,51,54,92,42,80,Teacher
Tyrone Martinez,47,94,43,47,86,56,62,68,99,Entrepreneur
Angela Alvarez,58,84,61,43,53,90,82,64,77,Software Engineer
Andrew Brewer,75,52,63,45,64,70,77,58,100,Human Resource Specialist
Herbert Warren,98,82,68,99,88,73,87,49,63,Writer
Chloe Booker,90,98,43,45,89,40,88,90,61,Manager
Denise Moss,97,46,48,96,90,100,87,76,96,Writer
Kathleen Johnson,87,79,48,80,42,79,56,63,97,Human Resource Specialist
Kenneth Hoover,94,61,52,47,67,59,68,77,69,Financial Analyst
Rick Williams,66,61,60,70,53,82,46,56,41,Financial Analyst
Nicholas Massey,43,64,94,99,62,68,96,66,82,Writer
Tina Kent,64,59,99,76,70,55,46,55,100,Human Resource Specialist
Ana Jackson,48,77,68,91,56,78,71,48,79,Writer
Gregory Smith,57,89,71,75,61,58,41,95,85,Financial Analyst
Victor Collier,42,43,98,40,58,56,41,55,86,Human Resource Specialist
Melissa Braun,52,72,92,54,55,62,53,65,90,Human Resource Specialist
Angela Mcgee,63,85,73,86,62,54,72,78,73,Writer
Ashley Rivers,49,52,99,86,81,89,41,74,47,Writer
Brad Kent,67,55,89,57,67,47,61,99,43,Teacher
Stephanie Douglas,67,82,53,44,64,72,94,97,64,Manager
Mandy Ray,89,62,72,50,87,51,54,40,41,Entrepreneur
Donald Morgan,92,82,63,60,93,72,87,71,94,Entrepreneur
Nicole Page,84,65,45,93,58,63,99,99,57,Writer
Chase Whitney,98,55,41,45,49,79,51,48,92,Human Resource Specialist
Christopher Thomas,50,46,59,53,97,95,85,73,50,Entrepreneur
Colleen Thomas,77,44,57,63,59,77,61,87,88,Human Resource Specialist
Mrs. Julia Boyle MD,92,98,60,44,82,62,56,61,75,Entrepreneur
Mckenzie Mcdaniel,71,68,69,86,67,80,84,93,85,Writer
Luis Brown,70,94,74,80,99,87,69,66,63,Entrepreneur
John Weiss,99,62,96,84,70,70,47,55,80,Software Engineer
Charles Costa,49,62,75,62,84,86,96,46,97,Entrepreneur
Dominique Johnson,57,76,96,93,81,55,53,45,69,Data Scientist
Susan Smith,58,87,91,83,52,73,84,72,85,Data Scientist
Regina Rodriguez,89,81,71,46,43,78,74,70,60,Software Engineer
Larry Williams,78,55,72,72,78,67,42,96,62,Teacher
Erica Mcdaniel,59,52,59,92,76,93,79,50,91,Writer
Matthew Willis,52,82,80,50,47,50,53,65,88,Human Resource Specialist
Maria Allen,95,82,73,75,94,50,72,61,77,Entrepreneur
Richard Lopez,56,84,59,88,87,99,83,70,44,Writer
Jeremiah Nichols,41,79,93,89,71,99,58,87,83,Data Scientist
Heather Smith,64,49,61,51,52,56,58,47,91,Human Resource Specialist
Matthew Payne,93,88,67,88,64,99,99,79,87,Writer
Nathaniel Brooks,87,52,58,65,44,97,84,79,55,Manager
Justin Sanford,82,68,48,89,81,64,50,55,70,Writer
Crystal Palmer,54,65,57,85,80,61,43,94,54,Software Engineer
Monique Thompson,83,67,40,43,77,46,48,96,88,Human Resource Specialist
Regina Horton,84,56,77,60,68,67,46,61,92,Human Resource Specialist
Mr. Michael Cox MD,76,70,99,89,82,49,81,55,74,Writer
Rose Kelley,40,91,57,61,45,47,61,70,52,Teacher
Jennifer Ochoa DDS,40,55,45,60,87,50,48,59,85,Entrepreneur
Tracy Sims,45,43,85,56,77,69,98,91,87,Manager
Beverly Burgess,74,64,73,81,75,90,66,65,65,Teacher
David Davis,69,62,65,90,64,84,71,56,88,Writer
Frank Harrison,63,95,100,81,49,59,96,47,71,Data Scientist
Richard Estrada,75,40,62,90,49,94,55,79,86,Writer
Susan Farley,52,55,67,86,85,95,93,90,65,Writer
Samuel Gonzalez,89,84,57,70,51,47,83,86,55,Manager
Latoya Lester,86,65,98,84,88,89,83,58,65,Entrepreneur
Joshua Ray,99,93,42,82,53,55,73,64,69,Financial Analyst
Michelle Price,89,40,56,60,62,42,67,91,84,Marketing Executive
Patricia Hester,75,91,47,71,50,90,87,58,76,Teacher
Paul Dalton,48,63,65,50,80,68,87,69,65,Marketing Executive
Jordan Arnold,91,89,78,88,99,89,61,75,55,Writer
Susan Hunter,98,55,56,73,71,99,85,99,46,Manager
Martin Mitchell,93,58,59,67,48,100,91,52,82,Financial Analyst
Amanda Day,42,82,78,86,88,93,88,61,95,Writer
John Williams,51,86,78,81,56,98,51,87,45,Teacher
Shannon Hunter,85,52,50,90,84,85,87,47,61,Writer
Victoria Haynes,85,85,73,90,85,47,44,68,68,Writer
Richard Arnold,46,85,58,66,100,96,62,67,54,Entrepreneur
Christina Jones,88,50,57,87,95,80,59,46,91,Writer
Corey Holmes,75,98,46,97,98,65,88,42,61,Writer
Nicole Burch,98,73,97,87,98,63,92,99,73,Writer
Scott Stark,49,97,79,40,43,53,65,43,68,Financial Analyst
Allison Simmons,55,71,88,76,98,72,90,52,48,Entrepreneur
Desiree Gardner,84,59,64,42,69,71,64,90,60,Teacher
Joshua Johnson,61,51,41,66,61,57,99,81,55,Manager
Richard Meyers,66,90,84,85,99,55,96,79,68,Data Scientist
Laura Eaton,40,59,78,49,62,57,65,62,89,Human Resource Specialist
Jillian Herman,76,74,79,98,72,83,76,81,76,Writer
Erica Stevens,47,97,73,59,51,97,86,70,97,Human Resource Specialist
David Figueroa,87,52,40,69,63,59,68,49,67,Financial Analyst
Jeremy King,88,87,68,93,56,41,43,55,98,Writer
Andrew Bates,92,67,58,92,63,94,41,53,99,Writer
Brandi Haley,70,94,57,44,79,93,46,49,59,Marketing Executive
James Farrell,64,59,59,62,100,98,46,59,61,Entrepreneur
Kevin Roy,57,53,44,44,87,95,57,88,89,Entrepreneur
Michael Yang,59,59,50,56,60,51,43,65,44,Financial Analyst
Alexandra Nguyen,48,94,62,86,48,48,50,43,60,Writer
David Wall,56,84,93,40,81,67,93,52,48,Data Scientist
Jill Houston,40,57,66,53,70,44,62,83,88,Human Resource Specialist
Tiffany Brown,49,84,43,46,79,62,90,60,77,Software Engineer
Leah Larson DDS,81,95,92,82,78,83,88,58,66,Data Scientist
Timothy Jacobs,68,93,68,47,74,72,57,100,88,Human Resource Specialist
Matthew Hanson,84,68,50,87,44,81,50,67,62,Writer
Miss Kathleen Serrano,97,73,87,76,49,94,47,43,100,Human Resource Specialist
Heather Davis,75,92,82,88,83,68,83,74,63,Data Scientist
Frank Collins,63,87,68,56,42,95,66,74,56,Software Engineer
Amanda Miller,46,99,57,61,87,56,45,99,63,Entrepreneur
Ryan Collier,71,42,47,67,88,46,45,71,51,Entrepreneur
Patricia Wolf,71,75,79,54,100,40,82,49,60,Entrepreneur
Vicki Webb,80,80,75,69,98,59,71,51,94,Entrepreneur
Mrs. Karen Rogers,91,50,47,54,42,53,41,52,40,Marketing Executive
Justin Collins,67,95,74,87,51,42,87,87,83,Writer
Alexandra Thompson,88,68,40,57,71,63,72,46,96,Human Resource Specialist
Sharon Ferguson,76,97,92,52,53,40,74,80,75,Data Scientist
Zachary Long,48,95,90,59,88,96,78,49,59,Data Scientist
Gina Pugh,80,88,52,72,52,72,95,57,88,Human Resource Specialist
Erica Holland,99,57,53,52,61,92,44,75,62,Financial Analyst
Ernest Hopkins,48,98,96,55,43,98,96,76,71,Data Scientist
Joy Dixon,75,63,44,41,68,81,64,79,61,Financial Analyst
Troy Mata,64,81,82,52,100,83,83,40,71,Data Scientist
Richard Smith,88,100,60,87,74,99,48,92,78,Writer
Jesus Diaz,73,95,50,65,72,71,99,80,56,Manager
Tracy Valdez,73,94,51,51,76,65,48,92,59,Teacher
Joshua Mason,79,72,71,55,80,87,56,43,41,Software Engineer
Cynthia Bauer,79,58,51,80,81,86,41,79,70,Entrepreneur
Diana Rivera,52,41,48,82,65,66,52,47,47,Marketing Executive
Bruce Smith,58,68,40,67,94,77,84,68,55,Entrepreneur
Carlos Finley,47,57,97,47,47,99,100,45,71,Software Engineer
Kelly King,66,97,68,74,54,90,70,54,80,Software Engineer
Robert Lucero,53,44,99,59,66,75,52,73,100,Human Resource Specialist
James Hill,95,71,80,65,42,72,65,89,75,Marketing Executive
Alexa Liu,75,79,88,87,77,54,63,90,96,Data Scientist
Robin King,62,98,65,85,99,73,98,93,68,Manager
Robert Sanchez,77,78,44,80,63,97,62,69,73,Software Engineer
Mrs. Michele Durham,95,51,83,51,99,61,42,56,52,Entrepreneur
Jamie Gonzalez,63,53,79,47,91,83,59,59,56,Entrepreneur
Danielle Barker,74,40,92,51,91,92,100,70,67,Entrepreneur
Robin Taylor,90,51,54,85,87,75,84,54,57,Entrepreneur
Ann Vasquez,86,67,77,78,48,85,58,87,48,Software Engineer
Deanna Griffin,72,92,57,89,53,57,100,96,46,Writer
Jasmine Davis,92,94,87,87,69,40,50,92,64,Data Scientist
Carol Wells,51,90,56,66,75,65,74,79,73,Marketing Executive
James Richards,85,93,87,55,51,44,62,45,57,Data Scientist
Kimberly Mathews,79,48,58,80,62,71,56,65,97,Human Resource Specialist
Christie Anderson,57,62,61,79,48,52,42,83,59,Marketing Executive
Ryan Gordon,67,52,77,51,52,100,93,81,87,Manager
Tracy Underwood,59,77,96,93,80,91,91,71,51,Data Scientist
Christine Moreno,51,75,64,93,47,89,66,65,42,Writer
Michael Thompson,60,69,93,78,61,48,64,56,54,Teacher
Sarah Wagner,65,62,83,71,60,71,76,42,56,Financial Analyst
Lori Perez,61,46,98,59,84,100,48,47,78,Entrepreneur
Joseph Olson,72,49,75,94,97,77,62,66,81,Writer
Kristen Johnson,44,65,80,54,49,92,62,62,43,Financial Analyst
Kevin Bright,56,72,50,76,96,79,41,73,62,Entrepreneur
Julie Mahoney,71,81,91,85,85,95,95,47,82,Data Scientist
Dale Brown,50,97,41,60,67,75,60,49,81,Teacher
Melinda Turner,48,89,55,91,98,54,75,87,87,Writer
Annette Mcconnell,71,58,67,64,48,100,80,56,100,Human Resource Specialist
George Scott,65,75,82,70,59,84,56,49,42,Marketing Executive
Tiffany Rodriguez,61,43,54,79,81,94,96,78,84,Manager
Susan Allen,53,47,63,53,82,75,61,51,46,Entrepreneur
Joshua Welch,50,97,95,47,43,43,54,41,44,Data Scientist
Audrey Bennett,43,40,89,66,78,51,82,87,46,Manager
Shelby Hernandez,57,75,41,86,72,93,56,95,52,Writer
Ebony Morales,54,50,48,69,59,49,88,58,42,Teacher
Jamie Powell,51,74,74,91,55,72,82,47,89,Writer
David Edwards,40,46,45,46,68,73,56,40,55,Marketing Executive
Christopher Norris,71,80,77,94,84,65,67,70,62,Writer
Charles Griffin,54,41,46,71,69,91,40,40,53,Marketing Executive
James Lee,69,54,95,84,85,98,61,97,55,Entrepreneur
Brandon Lowery,42,88,57,62,97,80,50,96,67,Entrepreneur
Brittany Wilson,50,53,54,70,57,40,69,70,49,Teacher
Cory Allen,49,75,83,75,78,43,61,67,91,Human Resource Specialist
Thomas Dixon,90,97,52,58,51,66,51,95,65,Software Engineer
Carolyn Rocha,88,51,92,98,98,66,100,85,79,Writer
Elizabeth Ramirez,96,50,69,94,78,86,70,84,62,Writer
Doris Schneider,59,90,47,86,66,42,55,57,64,Writer
Jesus Ho,76,80,62,71,68,94,51,57,96,Human Resource Specialist
Robert Hammond,91,82,97,99,83,69,75,57,82,Data Scientist
Christina Barnes,80,93,51,83,62,45,79,100,77,Software Engineer
Julian Warren,48,60,64,43,52,62,60,54,50,Teacher
Carol Nielsen,47,74,49,96,100,61,81,55,43,Writer
Garrett Jones,100,75,69,42,57,68,84,47,58,Financial Analyst
Patricia Galloway,80,51,52,67,45,87,40,74,89,Human Resource Specialist
Debra Jackson,92,58,61,42,76,91,83,84,84,Manager
Matthew Eaton,90,53,50,100,41,91,70,95,43,Writer
Lawrence Martinez,85,57,69,52,97,95,55,94,50,Entrepreneur
Alyssa Wheeler,93,45,82,62,59,47,92,51,41,Software Engineer
Diane Williams,43,66,71,76,57,87,51,81,97,Human Resource Specialist
Amy Martin,88,64,42,79,96,98,41,63,78,Entrepreneur
Jonathan Johnson,97,52,88,99,92,44,67,79,51,Writer
Ana Hill,86,71,49,91,41,78,79,85,68,Writer
Nicole Ware,47,80,44,94,73,77,52,82,42,Writer
Ryan Jennings,77,88,46,64,95,67,51,89,40,Entrepreneur
Andrea Smith,51,60,77,59,51,70,84,90,54,Manager
Phillip Rodriguez,44,40,48,53,85,90,94,51,86,Entrepreneur
Michael Boyle,57,84,69,62,64,44,78,93,85,Financial Analyst
Amy Fitzgerald,56,70,63,56,73,61,77,43,71,Software Engineer
Joshua Tate,70,100,68,70,84,50,81,64,84,Entrepreneur
George Collier,89,43,63,96,53,62,68,72,87,Writer
Mary Williams,74,87,76,95,63,79,52,55,45,Writer
Ruth Robinson,44,85,52,74,91,76,45,98,47,Entrepreneur
Garrett Foster,80,63,83,95,99,90,57,66,83,Writer
Anthony Williams,99,65,72,97,80,79,44,66,77,Writer
Gabriel Boyle,80,70,86,43,65,76,56,81,98,Human Resource Specialist
Amy Jones,51,59,89,59,85,58,70,86,57,Entrepreneur
Ann Oconnell,40,89,43,42,80,84,46,67,57,Software Engineer
Dr. Ricky Miller,83,98,43,48,55,41,82,88,62,Manager
Cody Diaz,86,97,48,53,99,51,88,62,61,Entrepreneur
Carolyn Love,49,48,59,62,99,85,47,83,44,Entrepreneur
Joseph Gregory,65,80,49,82,43,64,68,55,49,Teacher
Kevin Zuniga,71,79,63,48,61,54,44,75,84,Marketing Executive
Pamela Ramirez,53,88,52,42,98,81,66,54,79,Entrepreneur
Charles Santana,75,65,80,74,88,59,99,78,65,Manager
David Sanchez,43,68,79,49,62,60,79,77,99,Human Resource Specialist
Victoria Meyers,95,98,97,89,70,67,81,43,72,Data Scientist
Samantha Donaldson,99,61,86,98,82,77,92,94,78,Writer
Nathan Jenkins,95,87,56,88,51,55,69,99,60,Writer
Ana Coleman,50,56,60,49,75,78,74,67,71,Teacher
Karen Reese,76,97,76,59,63,51,85,66,49,Financial Analyst
Kelly Singleton,71,47,60,73,81,82,67,78,90,Entrepreneur
Eric Williams,61,76,68,55,60,50,93,60,52,Software Engineer
Matthew King,71,45,60,49,74,50,44,43,98,Human Resource Specialist
Ryan Tate,51,56,98,68,52,49,52,95,94,Human Resource Specialist
Regina Scott,76,42,56,67,58,53,61,73,63,Financial Analyst
Michael Pugh,80,89,84,83,100,62,86,49,66,Data Scientist
Mia Martinez,65,63,95,69,96,60,58,73,94,Entrepreneur
Robin Winters,75,51,56,91,52,42,40,86,46,Writer
Edward Brown,86,57,85,59,64,97,58,93,79,Teacher
Michael Diaz,54,49,87,41,95,73,47,98,74,Entrepreneur
Chelsea Dean,72,88,96,50,64,90,75,82,55,Data Scientist
Dr. Charles Turner PhD,66,71,74,100,95,60,56,80,74,Writer
Daniel Benton,97,55,100,73,43,90,76,66,71,Financial Analyst
James Buck,55,75,79,83,84,91,89,100,97,Manager
Melanie Parker,48,53,57,45,57,97,42,87,78,Teacher
Andrew Sanchez,46,81,85,95,84,70,51,49,59,Data Scientist
David Reeves,45,52,48,77,54,97,42,99,82,Software Engineer
Christopher Page,100,81,51,98,70,40,57,49,55,Writer
Carlos Rivera,88,80,73,41,70,50,54,86,55,Marketing Executive
Robert Grant,92,90,82,69,94,76,55,64,85,Data Scientist
Robert Rowe,43,78,49,43,42,54,70,53,43,Teacher
Isaac Ayala,62,94,84,59,100,57,89,88,42,Data Scientist
Joseph Ferguson,74,78,59,95,83,50,99,44,100,Writer
Michael Kidd,93,95,64,72,73,57,81,53,92,Human Resource Specialist
Alexis Nelson,66,94,96,86,51,93,61,62,91,Data Scientist
Theresa Martin,77,55,80,87,47,77,42,78,90,Writer
Ethan Cox,50,66,54,49,44,63,70,56,77,Financial Analyst
Jill Henson,97,48,84,45,46,42,98,84,96,Manager
Carmen Stephenson,58,75,81,70,89,42,86,72,93,Entrepreneur
Lindsey Wells,50,99,62,64,82,48,57,49,56,Entrepreneur
William Parks,95,82,50,51,42,71,72,43,58,Software Engineer
Cheryl Scott,95,88,65,67,41,54,53,90,78,Marketing Executive
Tracy Ellis,81,55,43,92,52,97,81,76,83,Writer
Scott Davis,92,54,59,94,64,93,77,63,95,Writer
Madison Montes,54,48,43,83,82,46,79,86,66,Entrepreneur
Erica Roy,76,87,45,77,78,75,73,60,57,Software Engineer
Melissa Leonard,58,63,64,78,100,93,80,93,53,Entrepreneur
Michael Lee,78,58,53,100,64,90,95,40,73,Writer
Michael Villa,62,89,95,40,48,60,43,73,69,Data Scientist
Benjamin Farley,47,82,69,60,72,59,96,87,61,Manager
Bethany Gregory,84,41,97,67,62,73,61,64,89,Human Resource Specialist
Brandy Miller,81,55,51,40,90,73,51,89,75,Entrepreneur
John Carpenter,80,92,66,71,77,98,56,46,70,Marketing Executive
Justin Rivera,64,52,81,63,50,80,58,95,99,Human Resource Specialist
Kristi Porter,96,71,53,71,49,99,53,85,47,Marketing Executive
Jonathan Jones,72,89,96,80,71,70,94,94,80,Data Scientist
Steven Gilmore,79,63,93,64,73,67,62,76,83,Marketing Executive
Jack Walters,46,58,82,100,62,77,50,48,96,Writer
John Proctor,62,42,42,86,57,53,86,100,86,Writer
Audrey Gray,89,70,83,45,66,60,86,90,72,Manager
Matthew Holt,47,75,65,57,82,59,74,65,82,Entrepreneur
Jason Galvan,82,68,42,71,74,95,95,42,61,Financial Analyst
Robert Jordan,57,85,63,87,69,48,90,70,69,Writer
Todd Delacruz,97,54,44,45,88,91,81,58,73,Entrepreneur
Deanna Martin,53,40,93,64,63,70,58,93,92,Human Resource Specialist
Charles Rasmussen,83,41,86,81,40,63,72,80,87,Human Resource Specialist
Kenneth Morrison,100,74,64,76,97,49,50,76,64,Entrepreneur
Sydney Mason,63,60,64,57,74,66,46,69,40,Marketing Executive
Debra Patrick,98,98,94,46,82,41,53,67,68,Data Scientist
Scott Brown,40,54,72,85,69,98,50,42,95,Human Resource Specialist
Susan Mcdonald,96,70,71,56,94,95,82,100,95,Manager
Dawn Gomez,94,82,84,54,75,97,63,77,78,Data Scientist
Brandy Martin,52,96,77,42,64,41,44,73,47,Financial Analyst
Cory Clarke,67,87,72,95,52,86,49,74,71,Writer
Kathryn Durham,66,63,56,46,65,42,87,52,71,Financial Analyst
Jay Johnson,89,44,77,59,60,69,49,90,68,Teacher
Laura Wood,65,61,49,55,69,42,51,98,67,Marketing Executive
Shelby Wood,48,69,80,97,93,45,67,42,73,Writer
Jordan Espinoza,45,76,70,67,71,99,55,59,93,Human Resource Specialist
Tammy Nelson,100,97,84,92,98,74,93,87,89,Data Scientist
Gerald Wilkerson,88,99,95,83,86,74,72,81,55,Data Scientist
Alexander Barry,53,82,90,77,77,59,45,41,68,Data Scientist
Rebecca Cook,76,68,62,69,92,90,75,83,98,Entrepreneur
Mr. Jonathan Bradley,69,93,94,47,53,61,77,98,61,Data Scientist
Kimberly Zimmerman,52,100,90,100,90,84,71,85,71,Data Scientist
Edward Price,49,51,81,53,63,61,46,82,84,Teacher
Taylor Rodgers,71,86,98,64,75,64,77,66,50,Data Scientist
Brianna White,61,61,90,73,83,84,58,61,57,Entrepreneur
Lisa Riddle,59,79,100,86,57,61,50,42,75,Data Scientist
Steven Mendoza,68,83,63,44,44,94,97,57,54,Marketing Executive
Tracy Choi,72,93,64,56,72,90,97,92,62,Manager
Steven Johnson,76,60,53,58,60,93,84,95,84,Manager
Brian Martin,58,84,55,89,50,89,69,42,85,Writer
Pamela Mendoza,80,74,98,73,65,47,72,53,91,Human Resource Specialist
Brandon Allen,87,44,45,87,45,93,87,51,66,Writer
Veronica Carlson,47,72,60,59,73,87,68,76,91,Human Resource Specialist
Levi Williams,77,75,65,71,86,53,77,98,81,Entrepreneur
Adam Ramirez,95,94,96,99,97,91,85,81,52,Data Scientist
Tyler Gay,100,67,57,51,99,74,59,79,43,Entrepreneur
Isaiah Perry,79,46,65,80,49,66,50,53,46,Marketing Executive
Richard Owens,60,55,75,43,90,45,75,68,70,Entrepreneur
Sean Wilson,54,71,72,65,71,42,63,43,84,Marketing Executive
Michelle Baker,90,42,42,42,100,55,97,80,77,Manager
Cynthia Richardson,56,48,88,51,66,69,77,51,67,Financial Analyst
David Oneal,92,97,49,41,65,82,74,92,60,Marketing Executive
Cameron Doyle,62,53,52,52,81,64,54,97,86,Entrepreneur
Michelle Oconnor,68,61,92,79,89,63,50,46,99,Entrepreneur
Crystal Cabrera,84,93,67,75,46,72,59,65,75,Financial Analyst
Meredith Reed,92,93,67,63,56,41,47,48,75,Teacher
Emily Richardson,77,100,65,77,62,92,78,56,73,Financial Analyst
Michelle Nguyen,65,94,85,41,82,47,66,70,42,Data Scientist
Angela Sanchez,83,80,47,76,85,51,79,97,49,Entrepreneur
Kenneth Anderson,75,48,41,87,59,57,62,45,70,Writer
Joel Clark,51,98,91,68,52,76,90,89,75,Data Scientist
Jennifer Mason,54,56,44,57,49,99,73,87,72,Financial Analyst
Christopher Rodriguez,76,42,64,40,73,94,91,66,70,Marketing Executive
William Dickson,92,84,61,55,88,61,100,44,86,Entrepreneur
Bridget Shelton,72,64,97,70,98,79,73,49,52,Entrepreneur
Alisha Summers,77,93,41,100,92,88,64,99,65,Writer
Morgan Garcia,98,77,46,48,89,40,65,90,81,Entrepreneur
Miss Angelica Black,77,95,51,65,93,49,69,84,65,Entrepreneur
Michael Ramirez,84,42,47,86,52,86,51,77,44,Writer
Mary Bradley,46,61,47,51,67,40,50,58,49,Financial Analyst
Frank Olson,71,56,56,69,41,93,54,90,59,Marketing Executive
Bobby Ramsey,58,48,92,92,56,65,71,69,98,Writer
Alex Jones,98,85,66,81,91,88,72,76,98,Entrepreneur
Caleb Wiley,86,72,91,59,84,51,53,88,65,Entrepreneur
Kenneth Wilson,76,55,49,68,59,43,93,48,92,Human Resource Specialist
Chelsea Richard,93,52,83,77,67,40,48,95,83,Software Engineer
Charles Peterson,57,81,64,91,50,67,90,71,42,Writer
Nicole Smith,73,73,56,79,40,51,71,69,82,Software Engineer
Edward Fowler,86,92,41,49,98,65,71,69,90,Entrepreneur
Michael Williams,54,73,73,46,70,41,76,53,75,Software Engineer
Chase Rodriguez,51,55,59,54,85,65,61,65,82,Entrepreneur
Nicholas Perkins,58,90,59,93,56,87,61,98,55,Writer
Mary Schultz,44,58,89,98,45,78,64,62,44,Writer
Vincent Smith,70,68,92,93,55,98,79,71,67,Writer
David Fuller,65,93,47,78,95,41,85,69,59,Entrepreneur
Joanne Gonzales,55,100,61,100,65,86,43,45,76,Writer
Brandon Goodwin,79,64,52,91,93,50,91,79,48,Writer
Brandy Chavez,44,44,88,83,92,46,70,57,49,Entrepreneur
Erin Wilson,96,50,52,61,58,77,93,65,75,Teacher
Samuel Baker,66,40,63,41,58,91,70,98,51,Financial Analyst
Pamela Knight,92,88,63,47,53,56,76,50,63,Financial Analyst
Heather Brown,54,91,78,59,98,85,57,79,78,Entrepreneur
Michael Burns,93,92,68,69,88,78,67,41,57,Entrepreneur
Cheryl Alexander,67,78,99,88,48,96,91,96,81,Data Scientist
Emily Skinner,59,82,97,60,58,68,92,84,93,Data Scientist
Scott Vega,83,82,69,66,71,64,41,48,89,Human Resource Specialist
Charles Monroe,92,54,46,55,56,65,96,59,44,Software Engineer
John Smith,80,77,77,61,100,98,74,55,71,Entrepreneur
Patricia Phillips,55,65,49,80,71,51,54,75,88,Human Resource Specialist
Christopher Johnson,66,44,45,77,94,95,47,81,40,Entrepreneur
Abigail Cole,80,87,44,53,72,41,46,86,88,Human Resource Specialist
Robert Brown,46,41,60,53,100,69,60,64,45,Entrepreneur
Charles Patel,77,63,50,54,82,40,79,70,56,Entrepreneur
Judy Knapp,55,86,86,86,61,53,52,68,93,Data Scientist
Christopher Myers,54,45,47,70,88,50,88,74,51,Entrepreneur
Kristen Peters,46,51,81,86,67,89,71,82,100,Writer
Joel Chaney,61,74,74,55,59,52,43,68,63,Marketing Executive
Samuel Adams,87,93,68,55,65,75,79,62,61,Teacher
John Davis,91,88,83,97,42,53,80,100,78,Data Scientist
Stephanie Allen,74,60,79,77,99,42,50,40,90,Entrepreneur
Joseph Jenkins,95,78,94,42,89,69,56,50,90,Data Scientist
Brian Johnson,81,66,41,98,88,64,42,71,82,Writer
Crystal Wilson,52,80,96,51,41,100,54,41,53,Data Scientist
Nicole Graves,72,71,52,80,90,60,47,45,57,Entrepreneur
Teresa Ruiz,80,83,94,67,61,68,87,61,58,Data Scientist
Sonya Khan,61,47,62,96,85,78,49,75,46,Writer
Patricia Ali,64,46,46,94,75,49,90,70,76,Writer
Michael Hubbard,75,87,54,87,82,84,64,50,88,Writer
Jeff Diaz,73,65,74,77,96,53,82,88,61,Manager
Vanessa Smith,92,85,75,69,41,54,87,62,85,Teacher
Margaret Parker,93,52,78,41,68,64,52,50,54,Teacher
Renee Chan,71,83,41,56,53,95,95,97,76,Manager
Maria Lane,92,63,70,74,45,87,77,97,45,Marketing Executive
Glen Gilbert,88,78,56,55,59,88,93,94,46,Manager
Dana Gonzales,60,58,44,92,42,69,61,62,54,Writer
Kaylee Weeks,43,51,73,63,85,78,70,72,91,Entrepreneur
Justin Martinez,55,47,85,52,65,92,52,69,49,Marketing Executive
Heather Hunter,49,100,74,90,100,64,72,71,44,Writer
Lindsey Ortiz,72,69,40,64,59,46,53,87,95,Human Resource Specialist
Kelli Wilson,56,63,78,87,51,64,75,56,85,Writer
Ruben Weber,64,76,45,72,97,44,77,64,85,Entrepreneur
William Wells,95,73,94,77,100,92,56,51,88,Entrepreneur
Ryan Johnson,100,46,66,51,78,84,90,97,77,Manager
Patrick Beck,77,51,96,41,72,43,74,80,92,Human Resource Specialist
Anne Bruce,50,50,46,50,83,66,54,67,89,Entrepreneur
Shirley Payne,86,97,47,51,78,78,99,85,84,Manager
Eric Bennett,70,87,48,78,49,85,82,65,77,Financial Analyst
Elizabeth Williams,68,66,57,90,54,64,51,77,78,Writer
Lisa Williams,41,56,88,49,58,42,43,76,63,Software Engineer
William Powell,82,57,73,94,65,73,42,43,52,Writer
Michael Perkins,98,64,77,67,64,94,52,52,44,Financial Analyst
Sergio Fuller,51,52,58,86,54,73,92,74,93,Writer
Brian Ruiz,47,62,99,95,66,54,59,88,63,Writer
Corey Hall,49,41,69,90,61,92,52,84,53,Writer
Traci Wright,62,93,66,97,83,56,57,99,100,Writer
Tiffany Myers,82,79,81,57,98,68,49,53,90,Data Scientist
Steven Conner,50,72,41,48,54,81,87,57,66,Teacher
Katherine Stevens,85,69,85,81,83,56,43,96,71,Entrepreneur
David Brennan,75,53,80,65,77,61,58,56,61,Software Engineer
Michelle Neal,57,70,43,53,81,70,71,94,95,Entrepreneur
Austin Rodriguez,68,49,50,98,85,64,60,55,68,Writer
Ann Hernandez,78,59,73,77,40,50,68,83,99,Human Resource Specialist
Michael Anderson,65,58,71,59,65,77,84,56,51,Software Engineer
Jon Hanson,57,51,58,89,84,80,56,53,50,Writer
Roberto King,51,58,92,60,68,45,90,56,62,Marketing Executive
Maxwell Soto,95,74,40,53,55,53,85,44,54,Marketing Executive
Mark Lara,59,60,50,87,65,74,40,63,79,Writer
Michael Yates,59,89,64,73,57,94,90,85,65,Manager
Patrick Larson,50,75,67,55,51,65,84,94,98,Manager
Mark Fox,84,41,81,70,74,95,49,52,90,Human Resource Specialist
Jessica Walters,40,96,64,55,53,76,81,73,86,Human Resource Specialist
David Small,84,42,66,85,82,98,63,64,91,Entrepreneur
Timothy Copeland,47,77,81,69,65,79,42,69,64,Data Scientist
Mr. Ronald Byrd,44,91,96,50,48,74,89,99,41,Data Scientist
Christina Harrison,96,58,45,71,90,62,43,90,91,Entrepreneur
Patrick Williams,55,86,41,81,85,60,95,40,41,Entrepreneur
Jessica Mitchell,62,54,84,98,94,73,70,54,57,Writer
Elizabeth Robinson,64,83,62,64,67,83,64,99,78,Software Engineer
Annette Hinton,62,88,71,89,61,50,72,63,94,Writer
Breanna Lopez PhD,90,44,96,83,84,82,62,79,91,Entrepreneur
Joshua Gordon,49,86,95,60,63,50,64,61,55,Data Scientist
Jeremiah Young,45,81,62,67,74,65,70,83,61,Teacher
Katherine Maldonado,95,51,67,51,82,100,53,54,72,Entrepreneur
Dylan Smith,86,96,64,83,48,53,96,58,63,Software Engineer
Jose Pena,96,100,55,52,89,53,41,74,87,Entrepreneur
Sara Taylor,63,68,78,76,56,96,84,47,62,Teacher
James Riley,63,97,54,45,90,95,57,78,45,Entrepreneur
John Krueger,68,43,74,66,90,80,53,74,62,Entrepreneur
Samantha Sims,95,89,77,81,59,79,46,63,68,Teacher
Miss Jasmine Rios,54,90,63,68,98,49,99,84,52,Manager
Tammie Oconnor,68,95,89,51,98,85,54,55,50,Data Scientist
Jeffrey Rodriguez,100,71,72,72,44,41,83,48,47,Software Engineer
Kelly Mullins MD,78,95,48,79,77,68,54,40,93,Human Resource Specialist
Michael Richardson,66,50,63,73,46,45,48,44,95,Human Resource Specialist
Carrie Little,70,54,42,67,71,73,94,72,55,Software Engineer
Zachary Mays,54,96,93,58,40,49,78,72,91,Data Scientist
Austin Guzman,100,91,79,87,61,81,69,56,59,Writer
Grace Yang,62,66,68,70,72,43,69,73,83,Marketing Executive
Nathan Long,69,44,61,98,88,75,63,74,95,Writer
Lori Hill,56,42,62,99,53,60,79,73,77,Writer
Scott Shaw,60,55,98,92,53,40,51,89,65,Writer
Craig Stanley,100,44,76,55,79,41,66,60,71,Teacher
Carly Peters,57,54,89,66,86,76,58,70,56,Entrepreneur
Melissa Hubbard,93,56,97,100,48,100,57,72,89,Writer
Shawn Weaver,70,91,47,88,63,70,78,85,86,Writer
Rick Cummings,67,94,52,43,78,68,89,55,58,Marketing Executive
Gabriel Moreno,85,67,96,58,42,81,44,48,83,Teacher
Gabriel Pierce,82,46,72,54,75,58,93,52,90,Human Resource Specialist
Jordan Farmer,62,51,76,54,76,89,77,42,41,Software Engineer
Donald Marsh,100,87,96,62,100,98,69,64,58,Data Scientist
Theresa Brown,45,60,60,94,67,66,93,89,74,Writer
Christopher Ware,89,84,91,55,81,63,59,74,59,Data Scientist
Devon Parker,59,62,90,88,79,86,100,45,55,Writer
Shaun James,66,56,62,68,55,97,93,42,96,Human Resource Specialist
Frank Green Jr.,97,67,73,88,95,57,96,42,76,Writer
Mr. James Edwards,54,45,55,94,54,62,63,57,50,Writer
Sydney Moore,43,47,100,68,56,77,77,67,60,Financial Analyst
Barbara Bell,72,51,67,64,70,70,70,100,65,Teacher
Maria Atkins MD,93,60,74,51,54,89,43,64,96,Human Resource Specialist
Jeremy Lang,83,94,85,76,44,94,45,94,52,Data Scientist
Amanda Green,98,96,94,71,64,56,56,56,89,Data Scientist
Anthony Burns,57,46,55,63,50,40,92,42,68,Teacher
Robert Caldwell,99,64,73,83,75,91,89,89,74,Manager
Robert Bauer,93,53,75,98,69,50,54,93,82,Writer
Kenneth Hernandez,45,62,79,94,89,88,98,53,72,Writer
Michelle Parker,94,100,61,82,80,77,88,81,78,Manager
William Anderson,75,54,43,93,55,71,64,85,91,Writer
Janet Franklin,63,79,71,78,56,58,84,58,90,Human Resource Specialist
Danielle Jones,70,59,62,72,42,43,40,86,55,Software Engineer
Rebecca Smith,91,83,43,69,68,65,61,94,63,Financial Analyst
Daniel Hunter,81,60,55,63,93,81,94,63,92,Entrepreneur
Amanda Smith,68,63,44,53,76,40,59,71,92,Human Resource Specialist
Valerie Sloan,98,67,76,46,100,95,41,60,72,Entrepreneur
Kim Riddle,49,52,75,98,62,86,66,68,78,Writer
Melissa Smith,64,73,88,79,87,60,56,46,40,Entrepreneur
Lisa Peterson,85,75,56,97,61,67,98,81,59,Writer
Aaron Beck,56,82,96,53,48,66,98,61,48,Data Scientist
Kimberly Nelson,71,77,78,57,40,96,54,49,79,Teacher
John Phillips,87,83,83,55,48,45,61,43,59,Data Scientist
Kathleen Thomas,75,46,64,61,46,66,97,77,97,Manager
Lawrence Kelly,86,48,92,53,98,93,90,75,80,Entrepreneur
Michael Harrington,73,63,62,77,57,72,72,70,76,Teacher
Nicholas White,88,74,54,92,96,51,80,47,40,Writer
Christopher Hutchinson,68,71,96,79,95,93,60,43,41,Entrepreneur
Patricia Sanders,72,89,44,88,54,96,70,74,78,Writer
Shane Espinoza,73,91,46,87,92,95,62,77,92,Writer
Samantha Acosta,84,47,79,51,78,43,95,67,65,Teacher
Ricardo Cooper,73,55,55,66,97,41,87,98,46,Manager
Karen Burns,50,97,74,44,97,76,60,72,61,Entrepreneur
Kendra Day,65,46,63,44,91,60,58,56,92,Entrepreneur
Tammy Nielsen,43,77,91,48,88,83,86,74,40,Data Scientist
Andrew Pearson,82,54,60,43,59,40,40,87,74,Software Engineer
Timothy Francis,87,47,49,60,49,44,53,50,99,Human Resource Specialist
Manuel Ramirez,51,91,69,93,87,56,91,54,52,Writer
Joseph Walker,62,81,53,49,56,81,94,71,53,Financial Analyst
Elizabeth Patrick,50,58,59,98,88,99,93,63,40,Writer
Joshua Owens,49,81,91,62,76,61,91,60,40,Data Scientist
Wendy Miller,79,83,46,94,91,60,52,94,64,Writer
Michele Shaffer,57,82,44,100,72,100,96,67,79,Writer
Michele Wilson,99,71,74,61,90,45,64,49,62,Entrepreneur
Logan Ford,52,60,41,88,90,84,92,93,45,Writer
Alan Reynolds,83,68,53,84,55,46,59,92,86,Human Resource Specialist
Briana Montoya,55,58,66,87,77,78,40,81,82,Writer
Matthew George PhD,93,77,44,71,89,77,57,88,100,Entrepreneur
Brent Thompson MD,48,45,79,63,59,69,81,40,76,Marketing Executive
Lynn Brown,88,76,97,63,84,69,61,43,41,Data Scientist
Micheal Walton,48,98,49,41,68,82,77,53,88,Human Resource Specialist
James Richardson,45,51,86,97,77,85,56,96,87,Writer
Annette Porter,97,46,87,42,80,44,51,100,61,Teacher
Sean White,93,62,61,98,72,93,48,79,66,Writer
Michael Torres,83,88,74,53,87,92,51,76,46,Entrepreneur
Cathy Fox,79,98,46,96,42,54,86,49,86,Writer
Andrea Rodriguez,86,68,82,54,89,46,57,77,50,Entrepreneur
Taylor Thompson,96,57,47,73,65,72,80,93,52,Software Engineer
Jason Flores,100,57,100,61,42,63,69,99,98,Human Resource Specialist
Mr. Albert Franco,69,55,88,40,55,41,81,76,63,Manager
Peter Olson,60,43,56,100,75,87,75,73,47,Writer
Maria Ray,90,40,65,88,91,79,57,49,56,Writer
Kelsey Silva,44,87,56,75,95,73,100,59,76,Entrepreneur
Laura Marquez,81,66,43,69,50,41,47,51,66,Marketing Executive
Gregory Bright,80,75,85,67,57,94,84,47,66,Teacher
Christopher Sellers,59,72,47,50,85,100,62,52,50,Entrepreneur
Amy Russell,53,48,91,47,83,52,90,50,44,Entrepreneur
Parker Johnson,81,54,92,54,49,55,43,70,59,Marketing Executive
Jean Thomas,82,65,95,56,42,59,51,98,96,Human Resource Specialist
Thomas Franklin,61,84,63,86,43,72,82,66,82,Writer
Robert White,98,53,79,55,93,97,61,84,79,Entrepreneur
Deborah Sullivan,87,64,46,85,66,86,64,44,95,Human Resource Specialist
Wayne Taylor,62,57,65,63,51,47,53,48,59,Marketing Executive
Elizabeth Brown,64,80,41,69,44,77,94,53,97,Human Resource Specialist
Ruben Watson,40,73,71,92,48,83,68,85,61,Writer
Tyler Bush,94,81,51,62,50,95,71,69,57,Marketing Executive
Jessica Gilbert,61,71,93,45,73,71,69,60,57,Software Engineer
Katie Huang,97,86,77,54,70,61,74,81,43,Teacher
Jason Dixon,96,47,86,87,61,43,72,67,86,Writer
Robert Hart,96,60,42,74,47,99,42,92,86,Human Resource Specialist
Mike Young,87,52,87,86,51,67,99,63,68,Writer
Chad Hickman,74,93,69,47,93,51,74,68,94,Entrepreneur
Adrian Wilcox,70,88,86,92,40,76,41,88,96,Data Scientist
Jennifer Jackson,86,99,72,45,45,96,53,52,90,Human Resource Specialist
Richard Davis,66,98,93,44,90,80,91,47,52,Data Scientist
Brittany Green,55,71,68,71,72,92,89,72,82,Financial Analyst
James Brooks,70,79,41,57,47,69,68,95,47,Teacher
Brian Rollins,90,51,95,98,77,46,75,45,99,Writer
Brianna Nash,75,98,45,40,47,64,99,42,45,Financial Analyst
Richard Wright,82,41,61,74,86,69,97,88,80,Manager
Elizabeth Walker,94,65,71,95,58,68,55,91,97,Writer
Charles Williams,68,86,86,62,96,89,90,57,59,Data Scientist
Susan Miller,56,52,77,95,88,95,50,100,100,Writer
Bobby Davis,71,86,58,78,84,83,95,51,88,Entrepreneur
Brandon Hall,93,77,80,65,65,70,87,64,76,Teacher
Lindsay Williams,42,60,89,46,77,48,91,43,43,Teacher
Tyler Gaines,52,50,97,42,91,75,99,92,96,Manager
Dawn Johnson,55,53,96,80,88,56,42,50,49,Entrepreneur
Marcus Watson,68,43,52,80,89,46,77,94,87,Entrepreneur
Kristin Martinez,53,89,75,54,66,53,77,82,66,Marketing Executive
Christopher Smith,78,52,95,66,61,71,61,81,47,Teacher
Paul Roberts,75,77,58,49,49,58,75,89,47,Marketing Executive
Christian Barker,85,41,97,97,70,69,75,72,58,Writer
Marissa Peterson,77,94,52,47,68,82,78,93,78,Teacher
Sherri Harrison,85,76,87,81,92,76,97,81,65,Data Scientist
Sharon Hendrix,89,81,75,52,69,49,71,96,97,Human Resource Specialist
David Jackson,72,55,89,40,81,92,76,63,41,Entrepreneur
Maria Vaughn,68,55,74,52,71,91,88,82,87,Manager
Michele Harmon,62,59,86,83,99,48,97,65,89,Entrepreneur
Michael Glover,82,97,70,79,94,90,48,82,98,Entrepreneur
Jamie Sutton,69,85,66,52,86,66,59,80,66,Entrepreneur
Catherine Gomez,47,91,41,65,76,54,84,67,66,Teacher
Jenny Smith,73,49,61,48,84,48,70,45,60,Entrepreneur
Melissa Snyder,47,72,63,82,90,54,63,72,71,Entrepreneur
Mitchell George,79,58,84,95,51,89,73,78,69,Writer
Jason Edwards MD,61,52,76,47,47,47,82,43,62,Financial Analyst
John Good,61,52,51,52,49,59,76,71,92,Human Resource Specialist
Nicholas Bates,81,82,78,73,96,43,55,96,83,Entrepreneur
Colin Bowman,44,74,40,94,85,69,41,73,41,Writer
Jennifer Wood,88,89,88,97,44,76,72,72,76,Data Scientist
Katherine Brown,73,74,49,73,69,71,55,83,65,Marketing Executive
Meghan Patrick,78,63,80,96,73,97,99,64,49,Writer
Kevin Monroe,92,74,89,84,94,100,54,53,89,Entrepreneur
Peggy Perez,65,51,84,76,77,72,41,84,92,Human Resource Specialist
Jennifer Bennett,81,83,74,76,97,93,76,100,89,Entrepreneur
Ronald Walker,77,92,83,89,73,74,67,70,89,Data Scientist
Alexa Rivera,66,62,73,59,87,54,58,100,51,Entrepreneur
Sean Mercado,45,58,70,90,96,72,84,66,72,Writer
Morgan Chen,70,51,80,44,80,75,65,96,92,Human Resource Specialist
Heather Houston,47,48,57,40,45,94,49,94,94,Human Resource Specialist
Jeremy Castro,77,46,82,55,93,94,49,65,74,Entrepreneur
Pamela Vargas,49,71,41,82,90,68,90,51,67,Entrepreneur
Jackson Crawford,61,84,81,62,54,89,71,73,100,Data Scientist
Robert Scott,50,66,53,78,49,53,54,87,90,Human Resource Specialist
Nicole Dodson,77,56,81,80,82,51,91,82,52,Manager
Deborah Johnson,48,40,79,84,40,70,97,51,56,Software Engineer
Brenda Garcia,43,96,46,97,63,74,79,55,83,Writer
Madison Washington,86,56,94,73,47,84,82,92,62,Manager
Anthony Jones,43,50,83,45,49,40,89,75,50,Software Engineer
Jeffrey Huffman,45,50,96,82,97,53,51,55,64,Entrepreneur
Joseph Mitchell,72,41,98,97,49,64,89,97,44,Writer
Julie Chandler,86,82,56,73,95,68,77,72,76,Entrepreneur
Sean Duarte,47,98,51,42,82,81,65,98,78,Entrepreneur
Margaret Newton,72,71,94,67,51,51,70,78,78,Marketing Executive
Cynthia Carroll,95,95,60,77,70,96,77,57,90,Human Resource Specialist
Brian Taylor,99,95,53,99,45,81,79,100,77,Writer
Darren Green,47,70,66,59,56,100,45,75,61,Marketing Executive
Kevin Norris,51,100,85,42,75,64,100,50,50,Data Scientist
Debra Lawson,93,83,85,73,83,40,58,79,79,Data Scientist
Francisco Turner,62,71,87,52,90,89,96,81,52,Manager
Katherine Sanchez,41,97,43,75,78,46,56,59,41,Marketing Executive
Melissa Atkins,83,59,43,56,75,80,55,80,79,Marketing Executive
Aaron Fry,79,93,82,47,76,54,47,59,46,Data Scientist
Gary Schroeder,99,53,84,66,48,99,40,60,56,Teacher
Luke Bradford,58,64,67,54,57,100,88,90,60,Manager
David Campbell,77,61,51,75,42,51,45,99,84,Teacher
John Stark,51,100,84,93,82,70,43,73,45,Data Scientist
Molly Harrison,49,43,96,95,75,67,46,66,42,Writer
Kevin Rodriguez,77,57,68,85,98,92,81,48,86,Entrepreneur
Todd Brooks,54,97,97,48,45,61,70,71,45,Data Scientist
Travis Brown,56,86,85,84,53,92,59,59,100,Data Scientist
Carrie Ellis,94,91,71,50,80,75,74,40,72,Software Engineer
Kim Diaz,53,59,72,94,79,46,91,50,67,Writer
Bryan Brown,61,49,62,52,81,87,55,49,60,Entrepreneur
Heather Moore,59,65,50,89,76,62,68,50,77,Writer
Christopher Howell,93,83,44,61,81,88,98,42,94,Entrepreneur
Anthony Day,52,75,55,100,73,72,100,51,68,Writer
John Thompson,52,98,97,46,70,80,59,76,53,Data Scientist
Heather Flores,61,71,53,85,43,48,74,46,54,Teacher
Adrienne Dennis,90,40,47,45,70,81,93,74,88,Human Resource Specialist
Elizabeth Anderson,65,68,56,96,74,78,86,43,42,Writer
Valerie Thomas,95,80,84,78,93,70,97,88,97,Data Scientist
Caroline Sanchez,45,71,60,67,86,88,55,99,83,Entrepreneur
Susan Williams,43,74,98,60,99,94,65,83,83,Entrepreneur
Casey Franklin,97,61,87,80,84,64,55,69,75,Entrepreneur
Benjamin Blackburn,82,73,77,72,42,44,70,92,95,Human Resource Specialist
Anna Holt DVM,71,46,76,65,80,97,78,65,65,Marketing Executive
Michael Simpson,96,49,48,53,98,61,94,95,87,Manager
Jessica Jenkins,74,78,86,46,75,91,91,80,51,Data Scientist
Ryan Strickland,48,51,68,69,54,67,64,93,85,Software Engineer
Darlene Dean,64,54,91,62,71,63,55,93,45,Teacher
Kimberly Mercado,64,40,65,84,67,96,52,59,46,Financial Analyst
Angela Cooper,45,70,92,100,72,81,60,96,75,Writer
John Martin,57,56,53,88,72,100,100,71,81,Writer
Anthony Salazar,50,41,93,50,61,78,43,51,63,Financial Analyst
Chad Conway,51,80,74,76,91,60,94,70,52,Entrepreneur
Rebecca Reynolds,81,62,69,54,83,40,60,61,97,Entrepreneur
Emily Wallace,100,45,65,46,48,61,63,64,92,Human Resource Specialist
Darlene Jackson,69,97,100,90,51,86,42,68,41,Data Scientist
Benjamin Obrien,46,41,74,71,56,44,75,47,98,Human Resource Specialist
David Adams,48,48,59,77,60,100,76,58,46,Marketing Executive
Michael Merritt,43,69,46,90,56,92,67,43,79,Writer
Kimberly Brown,83,42,60,42,42,45,83,99,59,Manager
Kelly Andrade,88,53,68,72,44,78,40,46,42,Marketing Executive
Holly Scott,50,44,49,96,82,61,54,72,70,Writer
Jennifer Phillips,46,61,98,59,82,80,58,73,87,Entrepreneur
Wesley Hill,84,84,63,82,70,80,59,55,93,Human Resource Specialist
Dr. Whitney Stephens,98,50,96,79,79,67,79,87,78,Software Engineer
Carlos Elliott,95,67,59,64,95,87,47,55,42,Entrepreneur
Mrs. Alexandria Cole,58,46,87,81,72,86,82,81,57,Manager
Jeffery Johnson,85,84,40,62,92,85,49,41,89,Entrepreneur
Kevin Davis,98,78,61,66,95,83,94,70,44,Entrepreneur
Donald Wagner,40,99,57,87,94,85,82,54,52,Writer
Heather Stanley,99,77,76,90,83,59,93,77,82,Writer
James Reed,59,77,60,44,46,67,94,65,76,Teacher
Travis Maxwell,78,93,54,58,96,63,63,80,57,Entrepreneur
Susan Acosta,43,49,41,43,62,61,50,43,42,Marketing Executive
Emily Delgado,58,48,85,54,57,97,71,74,94,Human Resource Specialist
Ashley Ramos,72,48,97,66,70,91,41,41,94,Human Resource Specialist
Emily Smith,46,74,94,47,62,66,97,45,86,Human Resource Specialist
Jason Mcbride,94,53,44,67,87,58,44,50,96,Entrepreneur
Wayne Ingram,96,50,72,79,89,67,94,74,63,Entrepreneur
Jonathan Hopkins,44,56,53,89,88,97,45,46,75,Writer
David Wilson,48,74,58,44,51,88,79,95,60,Software Engineer
Jessica Taylor,93,81,69,52,89,62,88,83,48,Manager
Mark Donaldson,61,73,94,78,71,42,52,60,85,Teacher
Emily Edwards,88,48,55,86,67,74,45,64,82,Writer
Daniel Powell,62,75,85,71,79,93,89,74,50,Teacher
Alexis Gibson,90,96,46,68,45,95,47,61,99,Human Resource Specialist
Tonya Fields,86,50,50,50,82,49,52,60,85,Entrepreneur
Cody Anderson,68,75,71,43,53,99,70,52,63,Financial Analyst
Isaac Holt,43,58,49,40,91,54,65,62,87,Entrepreneur
Laura Robinson,55,99,94,52,50,68,95,48,94,Data Scientist
Kevin Hanson,49,70,53,40,97,46,50,84,68,Entrepreneur
Heather Farmer,41,69,56,88,75,87,70,40,67,Writer
Thomas Chapman,77,92,87,89,93,93,41,75,54,Data Scientist
Darrell Nolan,84,81,43,47,97,91,69,73,88,Entrepreneur
Shannon Cox,78,93,97,57,95,77,76,93,55,Data Scientist
Megan Carlson,45,43,97,84,47,70,97,49,56,Software Engineer
Janet Peterson,96,87,47,80,57,67,94,68,97,Human Resource Specialist
Kimberly Day,50,40,49,56,92,67,42,62,95,Entrepreneur
Benjamin Sanchez,68,68,60,96,82,40,87,97,46,Writer
Christine Chaney,100,46,56,41,94,59,68,54,45,Entrepreneur
Zachary Austin,79,56,50,93,83,52,44,41,56,Writer
Christopher Parker,48,62,47,57,45,48,46,99,75,Software Engineer
Michelle Cruz,48,67,85,66,51,99,94,46,91,Human Resource Specialist
Mary Grant DVM,99,43,70,46,42,64,73,59,77,Marketing Executive
Sierra Carr,80,85,89,44,41,92,60,43,74,Data Scientist
Tracy Martin,93,78,74,58,94,61,59,50,89,Entrepreneur
Jason Jones,62,94,74,58,68,79,93,52,82,Teacher
Rodney Lee,62,99,41,73,92,74,73,97,89,Entrepreneur
Stacy Brady,96,82,46,98,43,100,56,68,42,Writer
Tracy Rodriguez,53,100,60,50,65,88,92,84,62,Manager
Susan Robinson,96,94,65,78,80,64,54,53,75,Financial Analyst
Jack Lee,58,81,42,92,65,51,85,59,44,Writer
Christina Stevens,43,84,95,98,77,67,72,90,75,Data Scientist
Haley Lee,55,61,97,58,43,99,66,88,68,Financial Analyst
Kristina Harris,54,96,77,84,62,71,63,67,74,Financial Analyst
Albert Schaefer,40,83,94,50,53,81,94,97,50,Data Scientist
Amanda Marshall,83,77,73,87,99,83,57,78,72,Writer
William Hernandez,91,89,47,44,85,83,41,45,48,Entrepreneur
Tyler Duran,88,97,59,70,84,69,79,57,76,Entrepreneur
Louis Ortiz,57,53,62,87,47,49,47,47,96,Writer
Tracy Ware,97,100,54,51,57,54,54,83,91,Human Resource Specialist
Tammy Thomas,60,61,62,55,89,82,70,92,49,Entrepreneur
Brenda Bush,62,92,86,86,76,83,51,54,74,Data Scientist
John Hill,91,60,46,89,59,78,53,67,97,Writer
Amanda Miles,100,91,44,99,65,50,49,56,52,Writer
Tyler Williamson,70,63,44,77,58,41,48,45,52,Marketing Executive
Jenny Bowen,56,61,75,78,82,79,58,67,93,Entrepreneur
Fernando Welch,66,92,77,85,68,89,62,97,50,Software Engineer
Erin Beltran,82,43,47,97,79,51,75,90,41,Writer
Daniel Joseph,43,95,57,96,49,57,73,74,60,Writer
Joshua Taylor,54,50,77,62,73,73,74,58,68,Software Engineer
Maria Miller,62,58,57,92,86,41,49,79,92,Writer
Mr. Jason Grant II,61,58,85,82,44,78,43,95,43,Teacher
Angelica Henderson,41,54,79,70,82,43,46,95,50,Entrepreneur
Stephen Simmons,53,75,95,52,41,72,43,45,45,Teacher
Brittany Wagner,88,78,57,64,65,92,96,86,90,Manager
Misty Anderson,64,69,72,93,73,66,54,43,75,Writer
John Powers,86,44,52,57,47,80,45,80,67,Teacher
Robert Reynolds,75,55,86,77,79,65,95,63,91,Human Resource Specialist
Todd Davis,57,48,93,55,51,58,59,88,79,Marketing Executive
Sandra Andersen,66,85,55,82,79,90,68,56,94,Human Resource Specialist
Jeffery Moore,45,85,98,56,66,90,92,56,47,Data Scientist
Brad Johnson,67,96,70,43,68,83,74,80,83,Software Engineer
Tamara Warren,65,61,79,48,75,100,51,79,50,Teacher
Christian Robles,93,83,72,42,72,85,75,76,77,Marketing Executive
Jessica Hernandez,69,91,85,81,68,73,44,41,41,Data Scientist
Julie Wilson,62,89,64,82,87,55,52,56,62,Entrepreneur
Jean Nicholson,40,43,45,74,47,93,72,99,52,Software Engineer
David Landry,74,64,45,89,95,89,97,56,68,Writer
Sierra Ellis,56,69,42,40,69,44,61,98,51,Software Engineer
Christopher Jones,40,52,78,52,70,96,60,44,51,Teacher
Rebekah Cruz,89,88,66,60,42,63,74,46,75,Marketing Executive
Elizabeth Edwards,85,66,93,64,60,98,95,74,68,Financial Analyst
Holly Nixon,60,59,59,95,99,97,59,96,86,Writer
Shannon Burns,56,81,70,54,68,40,97,53,77,Software Engineer
Molly Smith,86,54,54,87,95,56,61,58,48,Writer
Mandy Schmidt,82,44,45,99,48,65,88,47,94,Writer
Samantha Mckenzie,82,85,71,94,51,75,76,70,79,Writer
James White,94,67,55,42,68,55,86,89,97,Manager
Vernon Boyle,85,47,81,76,44,85,80,93,95,Human Resource Specialist
Glenn Gilbert,58,72,56,90,59,67,60,69,89,Writer
Terry Gray,91,54,68,60,54,59,45,52,87,Human Resource Specialist
Kayla Wood,71,61,83,56,61,51,53,59,68,Teacher
Gregory Little,88,82,88,70,84,65,84,73,41,Data Scientist
Ana Brown,60,76,66,75,72,81,98,48,65,Teacher
Shane Garcia,83,75,51,53,64,67,68,63,63,Financial Analyst
Frank Molina,52,95,63,93,69,60,65,65,59,Writer
David Brown,60,63,85,94,64,96,98,42,64,Writer
Megan Moreno,68,59,64,67,70,83,88,82,55,Manager
Bryan Cohen,66,51,42,74,86,82,59,87,52,Entrepreneur
Mr. Michael Harrell,100,78,48,53,88,75,59,86,100,Entrepreneur
Alicia Burton,52,41,73,80,70,79,64,79,48,Teacher
Tamara Nelson,60,89,43,86,91,72,46,51,86,Writer
Paige Gonzalez,51,91,77,55,73,97,43,63,55,Financial Analyst
Bradley Hansen,50,62,98,66,90,57,87,43,92,Entrepreneur
Brent Jones,63,98,90,41,92,48,79,42,63,Data Scientist
Steven Taylor,58,70,60,61,58,91,86,87,87,Manager
Sarah Garcia,76,99,57,65,79,82,45,87,74,Software Engineer
Lisa Turner,83,92,60,80,66,89,82,53,57,Software Engineer
Bryan Randolph,46,73,91,87,64,82,88,92,91,Writer
Dylan Thompson Jr.,83,82,64,53,45,84,77,100,42,Teacher
Jason Morgan,55,77,87,67,70,99,49,79,67,Data Scientist
Stephanie Morales,66,54,51,57,41,97,90,68,49,Teacher
Robert Boyer,94,88,70,92,99,63,52,91,93,Writer
Dr. Laura Wade,47,47,85,72,95,52,91,93,100,Manager
Thomas Taylor,77,73,97,63,64,81,62,49,59,Financial Analyst
Kimberly Moore,89,92,57,43,54,88,60,98,94,Human Resource Specialist
Mary Green,80,52,54,72,88,65,82,88,72,Manager
Joshua Harrison,46,94,99,64,81,82,68,78,49,Data Scientist
Erika Chung,54,97,65,59,52,81,94,57,76,Marketing Executive
Ricardo Stanton,63,61,80,83,74,71,43,96,84,Marketing Executive
Pamela Collins,69,70,62,43,93,94,45,50,49,Entrepreneur
Marie Russell,52,92,47,86,86,61,86,66,89,Writer
Amy Summers,85,77,40,90,83,96,90,42,94,Writer
Billy Brown,79,47,88,75,88,55,88,96,90,Manager
Jennifer Davis,89,68,83,89,51,88,72,60,81,Writer
Benjamin Schmidt,47,92,66,58,55,46,43,62,87,Human Resource Specialist
Brian Gonzalez,78,40,44,86,82,95,72,59,62,Writer
Sandy Miller,65,43,84,62,50,40,48,77,61,Teacher
Cody Cole,49,77,87,41,95,52,72,89,91,Data Scientist
Nichole Joyce,97,65,96,83,55,68,93,65,63,Teacher
Wendy Acosta,98,48,57,69,95,73,76,82,75,Entrepreneur
Virginia Smith,53,88,42,44,96,72,45,82,92,Entrepreneur
David Martin,42,78,63,91,76,42,92,84,61,Writer
Daniel Anderson,99,40,96,61,74,79,66,84,81,Financial Analyst
Virginia Stevens,83,100,95,95,66,72,70,50,74,Data Scientist
Erika Thornton,97,51,43,80,98,77,72,68,82,Entrepreneur
Marisa Bailey,48,68,70,75,100,82,70,67,57,Entrepreneur
Kevin Zimmerman,81,73,49,48,78,61,67,80,68,Software Engineer
Jasmine Crawford,90,89,68,45,85,52,77,52,90,Entrepreneur
Brittney Williams,52,44,71,55,69,76,89,79,99,Manager
Gwendolyn Carter,74,42,95,63,65,80,70,51,82,Financial Analyst
Linda Cox,79,51,53,75,54,91,78,77,69,Teacher
Nicole York,75,92,48,90,72,97,58,52,79,Writer
Amanda Fisher,48,67,56,77,74,52,67,100,74,Marketing Executive
Samantha Morgan,81,71,40,71,55,77,89,53,48,Financial Analyst
Peter Hooper,40,59,54,57,50,99,77,62,73,Financial Analyst
Megan Baker,68,76,71,80,96,62,90,54,48,Entrepreneur
Gregory Wilson,60,59,83,48,82,66,48,63,45,Entrepreneur
Edwin Medina,86,56,56,68,82,90,85,88,83,Manager
Brooke Dunn,55,97,95,92,60,86,96,99,71,Data Scientist
Kathleen Dominguez,79,100,73,82,77,40,59,83,51,Teacher
Richard Mejia,50,69,95,40,50,67,67,69,52,Software Engineer
Valerie Sparks,99,53,54,81,67,72,74,43,59,Financial Analyst
Holly Mercer,82,99,77,52,45,60,70,86,42,Teacher
Douglas Thornton,56,88,62,86,59,76,81,91,63,Writer
Glenn Bullock,40,81,86,55,85,79,76,50,43,Data Scientist
Gregory Aguirre,74,66,46,87,80,82,48,71,44,Writer
Claudia Riley,42,53,60,69,90,80,74,40,92,Entrepreneur
Vickie Woodard,47,87,90,65,62,82,50,90,89,Data Scientist
Kathleen Drake,82,99,78,71,82,90,60,51,47,Entrepreneur
Jill Carter,64,98,75,43,58,83,58,68,63,Financial Analyst
Shelby Jackson,85,74,49,45,69,84,92,72,60,Marketing Executive
James Mullins,87,40,67,80,86,81,48,85,52,Entrepreneur
Melissa Jackson,84,95,77,63,48,56,70,90,96,Human Resource Specialist
Sarah Melton,58,89,89,81,86,83,48,86,62,Data Scientist
Jody Nelson,47,80,92,49,67,91,64,58,44,Data Scientist
Krista Hunter,90,84,92,76,94,61,95,96,99,Data Scientist
Debbie Bender,98,75,71,64,87,70,79,77,67,Entrepreneur
Alexis Hanson DDS,44,62,85,40,42,67,45,51,48,Financial Analyst
Amanda Glover,99,81,83,82,96,64,55,80,66,Data Scientist
Elijah Livingston,92,45,47,46,61,74,41,51,60,Financial Analyst
Nathan Jordan,67,57,80,43,50,46,48,79,80,Financial Analyst
Matthew Nichols,82,88,57,60,100,85,61,50,76,Entrepreneur
Jo Walters,58,54,44,96,40,44,52,65,82,Writer
Roy Kennedy,72,100,69,58,89,66,57,56,95,Entrepreneur
Christopher Fields,89,95,61,66,52,66,81,44,40,Software Engineer
Douglas Garcia,87,87,87,77,49,62,92,96,72,Data Scientist
Nicholas Burton,76,53,68,62,67,40,69,67,92,Human Resource Specialist
Stephanie Rodriguez,54,48,100,75,55,67,68,50,82,Financial Analyst
Daniel Bennett,56,60,93,100,86,54,48,59,73,Writer
Rebecca Wilson,56,86,58,88,76,40,53,41,61,Writer
Dennis Cunningham,65,80,99,76,70,98,89,65,92,Data Scientist
Robert Ruiz,40,85,40,51,98,69,90,90,61,Manager
Jonathan Morgan,70,90,99,67,94,86,80,62,74,Data Scientist
Mr. Todd Fowler,55,61,66,82,60,94,80,43,49,Software Engineer
Angela Martin,85,46,67,73,44,94,80,72,96,Human Resource Specialist
Duane Johnson,86,48,68,55,82,71,83,51,92,Entrepreneur
Melissa Murillo,56,47,40,67,40,62,69,47,97,Human Resource Specialist
Virginia Edwards,42,60,100,46,87,84,92,41,40,Entrepreneur
Alfred Johnson,57,64,46,95,44,71,66,50,92,Writer
Shelly Smith,79,56,43,63,73,92,59,64,80,Teacher
Monica Wilson,48,76,46,93,76,56,51,82,79,Writer
Christian Martinez,58,76,40,49,62,95,78,57,82,Software Engineer
Amy Thompson,67,95,73,55,52,99,84,71,97,Human Resource Specialist
Donna Davis,41,94,73,70,43,53,98,54,96,Human Resource Specialist
Luis Allen,44,79,58,67,52,99,70,73,80,Teacher
Cheryl Smith,72,58,42,68,62,71,95,53,67,Software Engineer
John Shaw,71,65,74,82,96,63,95,62,79,Entrepreneur
Donna King,74,76,88,65,58,94,73,63,56,Data Scientist
Aaron Olson,94,61,66,79,48,91,52,76,68,Teacher
Trevor Robinson,89,69,59,73,52,60,59,84,90,Human Resource Specialist
Amy Brown,48,97,90,96,80,95,77,93,65,Data Scientist
Kim Hawkins,55,43,58,60,63,62,46,88,65,Software Engineer
Michael Sanchez,95,78,40,59,50,95,83,99,87,Manager
Lynn Wilson,73,69,99,93,49,51,54,59,48,Writer
Amy Johnson,54,81,84,79,60,56,53,100,71,Data Scientist
Robert Hernandez,56,100,42,55,85,73,78,86,45,Entrepreneur
Stanley Holder,74,74,72,97,98,71,72,42,61,Writer
Joanna Byrd,57,48,89,90,54,45,64,99,45,Writer
Mark Jones,71,64,47,46,69,62,80,52,96,Human Resource Specialist
Stefanie Hammond,88,81,65,96,78,82,72,80,66,Writer
Lisa Neal,71,81,92,52,70,93,41,93,57,Data Scientist
Teresa Sanchez,99,98,72,53,49,72,95,98,51,Manager
Timothy Charles,85,53,91,80,64,83,100,98,49,Manager
Gary Velasquez,61,93,41,85,58,43,99,83,90,Manager
Jonathan Mcpherson,73,91,42,91,47,60,81,42,42,Writer
Andrew Ramirez,44,80,71,49,86,68,70,53,59,Entrepreneur
Erin Sawyer,93,94,69,52,51,45,73,92,76,Teacher
Shawn Lang,86,62,41,88,70,88,88,84,41,Writer
Amanda Brown,78,99,63,94,92,65,65,71,76,Writer
Laura Lopez MD,72,57,61,68,48,57,87,69,82,Marketing Executive
Lauren Sexton,45,53,83,97,59,82,96,69,56,Writer
Alexandra Miranda,59,76,46,62,46,67,80,75,72,Software Engineer
Debbie Hawkins,97,73,84,94,61,46,84,75,67,Writer
Darlene Davis,71,98,75,90,97,42,63,70,75,Writer
Dorothy Pham,70,79,67,86,72,40,57,51,84,Writer
Duane Robertson,95,54,73,72,98,82,69,90,59,Entrepreneur
Seth Velasquez,90,46,85,96,46,77,57,56,64,Writer
Cathy Rodriguez,56,52,48,76,84,76,98,54,75,Entrepreneur
Darrell Pena,44,63,48,59,70,47,58,57,99,Human Resource Specialist
Beth Turner,72,59,58,73,51,79,49,86,56,Financial Analyst
David Wells,41,68,64,91,68,58,71,85,56,Writer
Chad Johnson,44,91,100,97,69,57,48,95,93,Data Scientist
Tyler Hall,43,57,58,59,63,85,58,53,43,Teacher
William Bridges,89,64,54,100,68,90,47,54,76,Writer
Mr. Nicholas Shelton,59,44,64,41,77,44,48,67,76,Teacher
Christopher Walls,66,55,59,61,58,55,70,66,70,Teacher
Phillip Hardy,52,86,88,55,50,79,93,48,56,Data Scientist
Chase Peterson MD,55,77,67,41,79,93,87,40,49,Software Engineer
Alice Tran,66,98,86,99,47,92,92,46,98,Data Scientist
John Hall,54,60,65,93,40,46,89,61,97,Writer
Nathaniel Obrien,96,47,84,98,62,89,94,60,74,Writer
Patricia Richardson,59,48,54,55,71,100,47,93,54,Teacher
Dominic Weeks,92,82,60,95,62,87,64,79,74,Writer
Leslie Brown,59,76,48,60,42,85,84,62,74,Teacher
Marc Preston,61,82,84,97,90,68,89,54,92,Data Scientist
Amy Rodriguez,77,59,60,59,60,93,99,94,84,Manager
Nicole Burgess,42,62,64,98,70,78,57,55,53,Writer
Michael Nelson,80,87,99,93,80,67,61,88,80,Data Scientist
Julie Bell,100,97,68,95,46,47,46,77,95,Writer
Corey Walker,71,68,62,82,43,70,74,73,55,Software Engineer
Travis Murray,63,72,81,72,80,97,42,46,88,Human Resource Specialist
Mrs. Melissa Holmes,71,75,75,100,72,68,57,78,65,Writer
Sarah Newman,72,76,69,95,42,72,80,55,60,Writer
Caitlin Austin,98,66,76,56,95,93,96,62,47,Entrepreneur
Adrienne Zavala,99,100,76,71,85,79,90,98,70,Manager
Andrew Smith,55,53,84,57,43,76,49,51,76,Software Engineer
Patricia Brown,79,68,47,97,69,62,56,45,69,Writer
Susan Ryan,94,73,75,40,99,100,83,43,75,Entrepreneur
Sandra Grant,70,92,68,47,95,43,59,60,67,Entrepreneur
Samantha Smith,69,63,54,41,64,60,52,79,64,Teacher
Cindy Allen,47,55,93,88,49,47,94,54,97,Writer
Michele Casey,68,46,52,40,59,73,76,75,62,Marketing Executive
Linda Watson,96,86,51,84,58,47,67,96,84,Marketing Executive
Kathryn Edwards,49,57,77,97,68,92,82,67,77,Writer
Michael Henry,83,88,92,83,79,53,79,45,87,Data Scientist
Sherry Jimenez,56,50,46,54,43,85,41,88,86,Human Resource Specialist
Cindy Ball,83,49,76,100,71,70,61,93,50,Writer
Michael Robinson,98,46,52,98,88,60,65,53,94,Writer
Dr. Amanda Armstrong,61,62,71,49,99,80,73,95,97,Entrepreneur
Jose Davis,82,68,63,87,83,91,79,82,67,Writer
Beverly Shaw MD,87,79,77,82,70,66,40,42,76,Financial Analyst
Danielle Cooper,79,57,56,41,58,100,62,74,42,Teacher
Adam Mcknight,44,89,59,81,98,97,96,46,77,Entrepreneur
Adam King,99,73,100,84,59,42,95,53,54,Marketing Executive
Joseph Miller,80,52,44,82,42,57,79,84,71,Software Engineer
Janice Perry,44,72,40,78,77,81,53,45,49,Teacher
Renee Smith,78,44,75,66,77,84,50,64,72,Financial Analyst
Kaylee Gates,96,76,54,67,98,66,88,93,59,Manager
Amanda Anderson,91,89,65,80,58,65,90,77,70,Manager
William Molina,89,68,56,95,89,43,57,47,74,Writer
Thomas Cox,67,54,46,44,60,100,51,74,44,Financial Analyst
Eric Dorsey MD,71,98,78,42,87,60,67,50,78,Entrepreneur
Ellen Green,94,87,58,89,56,78,94,95,43,Writer
Richard Williams,55,68,52,84,88,73,97,63,98,Entrepreneur
Sheila Good,73,97,79,72,48,40,79,72,56,Financial Analyst
Jeffrey Miranda,93,66,75,84,58,71,64,46,89,Human Resource Specialist
Joseph Bailey,61,78,67,89,88,40,48,64,56,Writer
James Frye,55,40,65,79,60,44,99,94,75,Manager
Maria Brown,94,50,41,52,85,73,49,100,81,Entrepreneur
William Burch,57,52,65,87,93,51,92,78,66,Writer
Curtis Smith,90,44,48,82,68,54,44,95,99,Human Resource Specialist
Michelle Gonzalez,71,61,60,61,48,60,42,57,90,Human Resource Specialist
Phillip Romero,63,91,69,50,92,81,87,88,78,Manager
Haley Edwards,62,76,82,86,46,82,61,70,72,Data Scientist
Mercedes Garner,75,63,42,84,92,80,94,86,77,Manager
Brian Myers,90,97,99,85,94,71,82,79,84,Data Scientist
Whitney Roy,99,62,49,100,94,54,98,96,88,Writer
Alyssa Sanchez,57,65,63,95,100,94,45,64,50,Writer
Jordan Thompson,97,42,89,51,86,99,63,53,41,Entrepreneur
Karen Horne,100,51,46,47,64,94,40,54,55,Teacher
Joshua Montes,81,64,49,93,66,67,92,41,56,Writer
Collin Benson,79,76,61,70,64,47,57,91,98,Human Resource Specialist
Angela Ruiz,44,44,93,84,74,93,46,68,80,Software Engineer
Carlos Conner,44,47,67,70,63,66,94,96,49,Manager
Catherine Simmons,51,81,44,61,89,82,79,90,88,Entrepreneur
Kevin Rice,85,51,90,76,95,48,55,43,73,Entrepreneur
Elizabeth Alexander,46,74,88,78,86,67,92,94,92,Manager
Nancy Nelson,86,73,51,51,70,97,83,66,93,Human Resource Specialist
Miguel Miller,50,86,67,97,53,49,53,84,78,Writer
Nicole Schmidt,100,90,99,56,75,77,91,85,89,Data Scientist
Sarah Diaz,51,81,79,59,56,68,43,80,72,Marketing Executive
Holly Hays,93,41,95,68,57,40,54,49,65,Financial Analyst
Christina Wallace,83,49,98,56,67,93,100,76,95,Manager
David Henderson,48,63,78,82,88,62,69,80,49,Entrepreneur
Kelly Young,50,93,79,94,59,42,70,76,62,Writer
Nicole Jennings,73,96,42,65,99,52,43,63,65,Entrepreneur
James Dyer,85,53,50,64,51,56,97,44,68,Financial Analyst
Thomas Terrell,87,89,67,85,74,82,79,70,69,Marketing Executive
Doris Grant,66,78,91,52,50,42,45,100,96,Data Scientist
Connie Mueller,44,43,92,42,72,73,75,73,60,Marketing Executive
Luis Gonzalez,93,44,81,54,70,48,65,92,83,Marketing Executive
Jennifer Johnson,43,99,58,79,81,78,76,61,55,Entrepreneur
Lisa Hicks,66,45,87,87,43,81,59,92,46,Writer
Hector Stephens,67,74,60,74,41,51,98,46,68,Marketing Executive
Laura Martinez,77,61,63,78,49,80,85,60,75,Financial Analyst
Jason Wilson,66,42,89,89,67,50,43,83,98,Writer
Thomas Flores,61,56,56,58,57,92,89,89,41,Manager
Sarah Crawford,42,57,67,89,70,91,54,60,96,Writer
Darren Brown,81,61,56,87,94,83,69,60,60,Writer
Catherine Stewart,73,42,85,82,72,53,59,97,57,Software Engineer
Sydney Waters,52,87,92,80,45,92,80,97,87,Data Scientist
Kelli Sims,67,42,72,96,63,50,100,55,64,Writer
Richard Johnson,89,80,88,89,85,92,79,84,60,Data Scientist
Juan Garcia,76,97,50,95,59,40,89,97,87,Writer
Jacob Warren,81,93,93,87,96,55,58,84,70,Data Scientist
Dana Young,53,76,42,99,81,95,91,94,76,Writer
Brendan Floyd,54,56,75,95,63,100,98,95,46,Writer
Danielle Payne,67,71,46,78,43,72,94,94,54,Manager
Hannah Adams,98,78,91,75,84,90,82,56,84,Data Scientist
Victoria Rose,46,50,78,62,94,50,95,85,77,Manager
Kevin Snyder,87,74,73,63,48,44,42,91,83,Marketing Executive
Kevin Aguilar,80,46,89,96,100,74,56,90,68,Writer
Amanda Garner,92,52,90,75,63,80,84,51,62,Teacher
Robert Roberson,86,86,79,46,53,64,53,53,75,Teacher
Kathleen Perez,62,84,58,75,48,85,86,63,60,Financial Analyst
Ryan Rose,48,72,42,78,40,99,88,65,86,Human Resource Specialist
Tammy Carpenter,59,49,84,70,72,70,64,96,89,Human Resource Specialist
Kimberly King,63,46,54,78,61,91,97,63,69,Financial Analyst
Annette Kramer,43,100,44,53,53,54,52,98,54,Software Engineer
Manuel Walters,45,80,84,52,43,40,69,60,77,Data Scientist
Matthew Nguyen,89,48,45,75,49,53,78,43,72,Financial Analyst
Courtney Hernandez,76,40,81,45,71,49,60,54,91,Human Resource Specialist
Steven Hall,84,67,84,94,100,46,89,50,50,Writer
Laura Craig,47,81,98,68,74,80,85,45,51,Data Scientist
Anthony Hunter,88,83,88,47,49,60,74,44,96,Data Scientist
Zachary Cox,82,94,95,71,98,79,99,80,59,Data Scientist
Sarah Blackburn,65,41,88,69,55,48,42,64,49,Marketing Executive
Amy Singh,98,48,47,69,42,90,45,85,44,Teacher
Paul Powell,49,72,63,42,87,51,75,53,52,Entrepreneur
Jeffrey Small,76,71,41,70,75,54,46,68,43,Financial Analyst
Anthony Proctor,96,86,94,45,89,54,77,57,69,Data Scientist
Anthony Cherry,57,63,84,94,80,84,68,72,64,Writer
Derek Rasmussen,54,80,81,91,86,91,56,72,44,Data Scientist
Christian Reed,87,87,78,45,84,51,80,63,44,Entrepreneur
Stephen Turner,93,76,71,55,53,42,64,80,96,Human Resource Specialist
April Martin,51,44,61,62,60,66,97,97,75,Manager
Samantha Cantrell,79,40,82,70,98,95,89,59,93,Entrepreneur
Ashley Johnson,70,59,45,83,46,89,81,86,57,Manager
Clayton Mueller,72,69,40,42,68,83,67,86,49,Marketing Executive
Stacy Webster,42,41,90,47,77,93,99,92,69,Manager
Alicia Oliver,92,73,64,48,86,72,45,95,52,Entrepreneur
Andrea Santos,65,49,98,49,87,87,59,50,46,Entrepreneur
Kimberly Smith,40,70,93,82,60,75,55,64,59,Marketing Executive
Megan Hill,44,40,64,81,81,64,100,64,43,Entrepreneur
Laurie Walker,74,100,83,87,66,93,53,51,96,Data Scientist
Mark Allen,53,62,100,51,77,51,92,55,48,Teacher
Jennifer Shea,49,61,65,72,41,75,86,72,95,Human Resource Specialist
Jennifer Clayton,53,93,68,82,46,44,88,90,55,Manager
David Faulkner,88,70,85,69,88,77,47,76,95,Entrepreneur
Dr. William Robertson,56,44,96,53,45,73,67,75,83,Marketing Executive
Denise Jimenez,76,41,94,56,51,72,56,80,75,Teacher
Kimberly Ramsey,57,57,63,86,46,93,41,48,80,Writer
Brenda Cline,96,67,81,99,84,85,99,50,87,Writer
William Salinas,62,97,87,100,54,90,44,94,47,Data Scientist
Lori Malone,67,77,73,52,95,70,57,87,65,Entrepreneur
Troy Gonzalez,64,71,53,45,46,93,69,58,91,Human Resource Specialist
Crystal Wheeler,81,88,76,71,94,58,89,69,68,Entrepreneur
Rebecca Figueroa,80,96,68,68,69,68,81,74,89,Human Resource Specialist
Adam Williams,56,74,92,98,63,90,80,96,93,Writer
Rebecca Watts,67,91,62,84,65,88,88,76,93,Manager
Debbie Taylor,60,84,86,61,73,50,84,66,75,Data Scientist
Stephanie Horton,51,51,86,44,85,70,63,65,52,Entrepreneur
Christopher Wagner,96,68,79,57,75,66,95,74,45,Financial Analyst
Christopher Maldonado,45,81,78,71,57,61,81,55,87,Human Resource Specialist
Frances Carter DDS,88,88,55,97,93,96,49,62,71,Writer
Anna Williams,67,93,80,59,66,87,72,71,48,Marketing Executive
Leslie Jones,50,58,93,64,99,61,52,43,46,Entrepreneur
Wanda Brooks,66,79,92,71,54,50,51,61,47,Data Scientist
Priscilla Velasquez,52,61,65,69,83,97,79,60,84,Entrepreneur
Karen West,69,95,56,56,49,68,82,76,68,Manager
Mark Johnson,48,64,89,86,99,75,57,82,90,Writer
Derek Lyons,43,87,56,96,62,59,53,47,53,Writer
Jennifer Mendoza,99,71,81,70,94,78,44,55,89,Entrepreneur
Patricia Nelson,90,68,55,61,78,62,70,64,82,Marketing Executive
Kelly Wright,44,47,48,99,41,97,44,100,58,Writer
Joseph Reyes,87,100,50,99,66,55,84,68,99,Writer
Jeremy Curry,67,58,83,64,83,62,79,64,100,Entrepreneur
Denise Farley,95,58,53,43,42,77,93,61,57,Marketing Executive
Paula Garrett,82,55,61,56,49,47,46,41,44,Financial Analyst
Sherry Thomas,86,86,77,59,96,95,59,41,72,Entrepreneur
Robert Wilson,83,77,95,52,88,66,80,61,89,Data Scientist
Ernest Bryant,77,97,90,87,51,82,60,93,43,Data Scientist
Alvin Tucker,67,73,53,76,45,69,98,60,56,Software Engineer
Sheena Williams,81,92,82,100,59,45,48,72,99,Data Scientist
Ashley Mclean,57,65,48,61,46,98,64,49,46,Teacher
Alexandra Johnson,44,40,96,75,78,69,52,48,70,Marketing Executive
Michael Taylor,53,74,89,62,53,87,61,64,95,Human Resource Specialist
Kristine Summers,68,67,86,65,84,53,79,65,62,Entrepreneur
Joseph Castillo,62,93,86,66,57,53,89,100,49,Data Scientist
Darlene Roberts,46,70,43,72,50,100,85,44,60,Software Engineer
Robert Newman DDS,96,76,81,74,61,53,45,94,53,Data Scientist
Michael Powell,73,70,82,51,62,97,67,68,48,Marketing Executive
John Reed,90,76,55,49,47,48,87,75,63,Software Engineer
Erin Coleman,84,100,89,54,86,79,93,69,61,Data Scientist
Brandon Peck,72,92,80,100,81,91,90,67,70,Writer
Cheryl Watson,74,88,89,79,74,70,80,42,92,Data Scientist
Heather Brooks,98,82,95,42,97,66,65,90,78,Data Scientist
Timothy Dickson,49,97,87,44,93,78,84,58,96,Data Scientist
Andrea Jarvis,67,87,73,69,65,50,96,61,84,Marketing Executive
Heather Lambert,96,87,69,62,96,47,78,92,62,Entrepreneur
Tammy Drake,98,79,89,95,84,79,92,63,70,Data Scientist
Mallory Martin,51,74,57,62,65,40,57,92,63,Software Engineer
Sandra Rocha,66,62,88,40,45,88,55,53,83,Software Engineer
Maria Gay,42,77,76,97,73,69,98,91,92,Writer
Raymond Washington,48,88,53,82,55,73,67,90,80,Software Engineer
Christopher Williams,86,63,40,53,89,89,61,66,92,Entrepreneur
Anne Griffin,53,78,95,92,94,92,91,73,69,Data Scientist
Jennifer Burns,84,66,50,65,75,88,80,83,81,Financial Analyst
Phyllis Montoya,44,51,61,43,97,45,50,96,80,Entrepreneur
Ian Patterson,67,69,69,82,81,65,41,74,57,Entrepreneur
Kyle Lee,97,63,69,94,64,51,65,85,46,Writer
Katherine Jones,40,95,46,74,46,90,92,81,71,Manager
Carrie Jenkins,78,88,86,51,67,88,66,78,100,Data Scientist
Craig Brock,55,44,67,47,90,59,66,80,41,Entrepreneur
Alexis Sullivan,84,72,47,68,89,49,41,77,82,Entrepreneur
Jared Rose,49,58,100,60,73,92,63,51,83,Marketing Executive
Morgan Hicks,56,48,71,46,68,90,60,92,59,Teacher
Kevin Gonzalez,64,78,63,50,57,68,59,67,61,Teacher
Robert Singleton,81,59,66,53,40,74,85,96,64,Manager
Kerri Lyons,68,47,79,77,72,42,59,48,47,Teacher
Steven Roberts,41,99,99,78,68,85,84,91,42,Data Scientist
Tracy Smith,93,95,65,52,72,58,92,97,66,Manager
Kyle Price,56,74,42,61,85,51,69,43,50,Entrepreneur
Cheryl Lee,65,41,49,43,83,83,71,81,82,Entrepreneur
Caleb Farmer,67,51,50,60,67,47,51,45,94,Human Resource Specialist
Michelle Donovan,69,84,63,43,74,94,63,43,94,Human Resource Specialist
Kevin Lopez,40,55,85,50,65,80,54,62,72,Software Engineer
Ashley Bartlett,67,45,96,58,100,63,79,48,96,Entrepreneur
Lisa Vega,55,63,49,61,61,72,84,91,91,Manager
Charles Manning,71,83,71,82,56,87,82,78,45,Manager
Emily Parker,55,53,70,50,77,100,47,64,80,Marketing Executive
Kristina Fischer,72,62,43,88,99,46,65,75,73,Writer
Amy Stephenson,71,43,49,80,66,53,47,48,60,Marketing Executive
Michelle Acevedo,68,97,48,61,64,83,66,97,86,Human Resource Specialist
Kristen Mckay,63,51,74,52,56,66,63,56,75,Software Engineer
Rebecca Campos,94,98,58,96,46,73,71,75,67,Writer
Dale Wagner,63,52,57,50,67,48,86,46,79,Teacher
Margaret Lee,82,87,80,98,99,83,54,65,86,Writer
Ronald Lewis,63,82,56,93,63,72,54,50,62,Writer
Cheryl Vazquez,48,54,57,81,92,80,82,94,52,Manager
Corey Lewis,77,64,69,92,72,57,100,47,55,Writer
Kendra Hanson,75,59,41,88,53,57,73,80,72,Writer
Mark Yoder,90,71,59,81,67,94,77,100,72,Software Engineer
Michael Jones,70,96,59,78,91,75,86,47,88,Entrepreneur
Allison Rodriguez,49,78,100,54,65,44,49,65,54,Data Scientist
Michael Manning,68,62,99,72,41,72,85,47,77,Marketing Executive
Cassandra Graham,47,45,44,80,55,83,74,75,48,Teacher
Laurie Hale,72,44,86,53,45,55,51,91,89,Human Resource Specialist
Justin Kelly,85,76,82,100,90,98,40,52,61,Data Scientist
Heather Trujillo,92,46,95,56,95,95,67,67,44,Entrepreneur
Thomas Morris,53,100,47,90,85,83,68,68,89,Writer
Kevin White,85,71,45,54,73,52,71,100,49,Teacher
David Rivera,89,54,76,91,81,90,45,43,43,Writer
Ray Yoder,42,56,96,93,98,52,74,90,56,Writer
Joseph Fischer,98,62,49,85,85,63,44,69,55,Entrepreneur
Amanda Kerr,47,58,48,46,46,89,60,63,82,Marketing Executive
Mariah Brandt,85,46,92,64,52,76,78,56,86,Human Resource Specialist
Kathryn Morris,93,83,100,45,76,97,97,90,84,Data Scientist
Richard Murray,44,56,64,92,81,64,65,100,82,Writer
Carrie Best,74,55,42,83,69,55,54,60,52,Software Engineer
Casey Morris,89,85,97,63,92,70,44,62,57,Data Scientist
George Brewer,59,84,96,78,95,46,54,80,68,Data Scientist
Daniel Kelly,60,100,53,100,72,57,44,90,67,Writer
Suzanne Stein,68,45,68,79,77,94,96,81,96,Manager
Holly Henry,95,60,85,43,49,45,57,76,53,Marketing Executive
Nicholas Thomas,99,90,89,99,72,77,61,90,78,Data Scientist
Jacob Watkins,87,89,82,40,82,95,95,40,44,Data Scientist
Jacob Fleming,59,98,67,56,76,43,57,95,68,Financial Analyst
Jimmy Smith,41,60,44,43,79,58,70,72,92,Human Resource Specialist
Amanda Lopez,63,91,93,82,52,83,43,89,98,Data Scientist
Andrew Hurley,83,55,87,95,82,42,90,96,50,Writer
Patrick Huff,79,94,98,43,87,70,83,63,48,Data Scientist
Keith Graves,63,92,95,41,93,56,72,83,90,Data Scientist
Alexandra Mckee,56,58,51,97,81,95,99,58,41,Writer
Pamela Wilson,86,41,71,54,64,79,45,41,47,Teacher
Destiny Greene,57,70,60,81,93,85,67,95,41,Entrepreneur
Ernest Smith,62,84,51,71,77,90,83,73,84,Marketing Executive
Daniel Roberts,46,48,90,40,96,57,52,61,42,Entrepreneur
Mrs. Lauren Martinez,52,85,54,49,48,70,79,75,48,Teacher
Jon Cherry,97,80,92,64,53,57,46,92,74,Data Scientist
Victor Smith,86,98,56,43,54,45,76,58,72,Teacher
Jeffrey Rubio,73,87,98,62,88,91,52,43,81,Data Scientist
Sarah Allen,72,49,62,66,46,90,69,80,82,Financial Analyst
Leslie Burton,50,78,50,40,74,72,74,60,83,Software Engineer
John Mills,82,59,93,70,95,89,79,52,72,Entrepreneur
Mr. Daniel King,100,72,48,64,97,63,98,53,74,Entrepreneur
Jeffrey Turner,67,90,80,71,89,58,83,47,79,Entrepreneur
Alexis Stewart,93,88,53,40,68,82,58,74,61,Software Engineer
Derrick Lee,57,75,86,85,99,75,98,72,96,Entrepreneur
Stephen Villa,87,51,100,75,57,73,65,94,54,Marketing Executive
Jose Lee,50,99,87,43,59,40,75,54,99,Data Scientist
Lisa Cummings,43,75,49,63,94,79,78,64,41,Entrepreneur
Devin Sawyer,100,72,80,67,97,95,48,95,87,Entrepreneur
Sandra Dominguez,87,88,85,54,65,48,97,86,100,Data Scientist
Henry Holden,45,70,78,90,54,96,50,56,86,Writer
Chad Walton,40,54,64,77,62,41,95,43,86,Human Resource Specialist
Sarah Jones,100,68,84,98,65,62,79,76,66,Writer
Stephen Martin,90,65,83,63,72,85,49,80,97,Human Resource Specialist
Richard Lam,50,50,57,48,60,50,97,53,53,Software Engineer
John Burnett,98,49,75,73,84,96,97,49,73,Entrepreneur
Emily Johnson,43,63,62,81,89,100,83,72,75,Entrepreneur
Dillon Mullins,54,85,76,81,100,61,51,100,58,Entrepreneur
Andrew Mata,89,96,44,100,85,52,46,75,84,Writer
Kelly Gentry,85,95,93,57,76,94,94,85,71,Data Scientist
William Weaver,86,93,57,51,83,59,82,72,96,Entrepreneur
Latasha Jones,97,90,69,94,47,68,92,62,53,Writer
Casey Palmer,75,81,52,100,44,49,78,77,40,Writer
Nathaniel Holland,80,40,81,77,48,60,47,49,74,Teacher
Mr. Daniel Brown,49,42,60,44,69,49,90,76,66,Manager
Donna Peterson,70,66,92,88,92,97,89,96,44,Writer
Barbara Watson,100,83,59,80,94,91,61,98,97,Entrepreneur
Chelsea Lamb,67,53,70,72,100,60,92,71,63,Entrepreneur
Nicholas Rivera,93,47,88,89,48,89,74,47,55,Writer
Joshua Carter,50,43,78,99,84,60,68,77,93,Writer
Benjamin Watts,49,99,89,49,40,63,89,94,74,Data Scientist
Mrs. Sarah Curry,78,82,94,75,77,85,78,82,88,Data Scientist
Robert Hudson,97,64,64,81,40,83,92,41,60,Financial Analyst
Jason Manning,76,59,59,88,60,99,88,60,85,Writer
Rachel Bray,83,94,61,90,89,47,46,98,45,Writer
Michelle Jordan,68,72,70,47,97,57,62,46,95,Entrepreneur
Michael Smith,91,92,78,71,83,68,62,50,61,Entrepreneur
James Austin,47,73,47,89,96,54,65,61,92,Writer
Dennis Greene,41,83,76,99,88,90,100,47,84,Writer
Miguel Foster,70,86,92,51,53,51,78,58,97,Data Scientist
Jessica Roberts,54,79,70,95,71,68,60,86,87,Writer
Leah Taylor,81,75,99,69,53,51,92,48,45,Software Engineer
Dana Kim MD,88,84,99,50,73,64,87,97,41,Data Scientist
Stephanie Bailey,72,45,58,70,44,94,62,61,85,Marketing Executive
Shaun Watson,60,59,93,90,72,74,74,73,95,Writer
David Curtis,51,84,79,93,99,87,59,71,71,Writer
Crystal Burton,67,78,95,61,67,96,50,48,56,Data Scientist
Jeremy White,60,93,82,95,48,46,76,98,49,Data Scientist
Denise Ritter,58,66,91,41,75,75,86,50,59,Software Engineer
Justin Oliver,96,81,69,83,53,71,62,44,90,Human Resource Specialist
Dustin Brooks,43,55,73,55,42,44,47,98,77,Marketing Executive
Phillip Ayers,64,84,49,66,96,56,90,90,65,Manager
Jesse Dalton,42,83,90,79,69,97,69,82,78,Data Scientist
Kristie Williams,45,96,89,88,69,50,75,47,66,Data Scientist
Richard Gibson,48,53,76,62,98,61,100,44,90,Entrepreneur
Taylor Robinson,82,77,63,88,90,90,92,45,65,Writer
Stephanie Gates,75,69,49,90,58,59,84,76,71,Writer
Sandra Barrett,56,92,92,49,53,78,59,97,50,Data Scientist
Michelle Brown,59,59,66,47,81,67,50,84,76,Entrepreneur
Taylor Coleman,82,81,64,69,78,69,85,46,59,Teacher
Anthony Murphy,99,88,100,73,80,93,54,43,43,Data Scientist
Craig Spears,57,58,52,57,86,62,45,74,55,Entrepreneur
Vernon Richmond,62,69,93,77,95,70,95,84,40,Manager
Robert Dorsey,90,95,97,99,43,83,97,81,51,Data Scientist
Thomas Jones,43,72,74,67,59,89,66,57,79,Teacher
Tracy Blair MD,95,54,54,77,98,43,53,69,42,Entrepreneur
Eric Miles,59,46,93,69,93,96,56,94,47,Entrepreneur
Cynthia Solis,40,69,66,61,64,95,72,50,100,Human Resource Specialist
Wesley Green,82,45,75,70,53,70,97,54,67,Teacher
Linda Rodgers,76,86,85,64,71,74,66,66,96,Data Scientist
Melissa Rodriguez,49,86,81,60,45,53,94,71,51,Data Scientist
Patricia Rosario,78,79,63,83,51,50,58,44,69,Software Engineer
Krystal Grant,59,51,85,93,51,77,89,67,95,Writer
Lauren Bradshaw,45,75,43,63,70,55,84,97,49,Manager
Sarah Chavez,80,52,52,58,81,82,76,84,88,Entrepreneur
Eric Nelson,90,46,81,99,84,62,72,79,69,Writer
Nathan Carr,44,76,59,81,99,99,94,80,52,Manager
Thomas Brown,94,83,71,42,93,83,90,92,49,Manager
Eric Simon,50,85,74,50,85,63,73,60,72,Entrepreneur
Andrew Campos,94,49,97,70,79,58,48,54,57,Marketing Executive
Christine Snyder,77,55,78,86,46,42,85,64,71,Writer
Kimberly Johnson,93,48,56,57,57,45,60,63,74,Software Engineer
William Carlson,61,49,83,64,68,65,76,74,78,Teacher
Donna Kelly,87,85,68,99,73,97,52,99,45,Writer
Luke Cardenas,97,97,61,93,75,87,47,62,54,Writer
Stephanie Hamilton,42,100,90,85,82,90,86,61,81,Data Scientist
Mr. Scott Carroll,88,71,50,40,83,84,54,44,85,Entrepreneur
Kurt Harmon,88,96,52,76,76,81,71,47,51,Financial Analyst
Jon May MD,45,46,59,64,73,69,65,68,92,Human Resource Specialist
Jacob Pacheco,80,86,69,58,48,100,52,87,83,Software Engineer
Christopher Summers,83,56,63,73,44,42,71,78,42,Software Engineer
Mary Logan,84,41,56,82,64,70,60,99,68,Marketing Executive
Daniel Duncan,98,70,46,93,70,82,91,64,95,Writer
Gregory Lopez,51,68,54,74,60,80,46,93,92,Human Resource Specialist
Cynthia Johnson,79,61,99,58,52,60,69,79,57,Software Engineer
Jonathan Austin,69,74,69,95,70,47,57,90,91,Writer
Jamie Cain,42,84,65,76,61,76,78,49,47,Marketing Executive
William Williams,80,93,65,40,44,50,67,93,68,Financial Analyst
Jordan Moore,73,59,80,62,90,67,63,90,56,Entrepreneur
Robin Reed,78,44,63,52,62,68,54,57,71,Teacher
Rachel Pineda,66,50,97,65,74,82,96,79,65,Manager
Vincent Young,91,74,95,93,40,93,46,40,51,Writer
Oscar Rose,68,97,72,92,55,91,96,48,42,Writer
Caitlin Pugh,43,75,92,70,65,89,42,44,76,Marketing Executive
Felicia Cox,40,89,78,64,95,67,60,57,53,Entrepreneur
Sarah Clark,69,70,72,77,79,100,43,93,73,Financial Analyst
Scott Cook,40,52,78,49,79,88,86,84,42,Manager
Jason Griffin,94,58,89,84,90,72,89,68,87,Entrepreneur
Pamela Cunningham,69,71,69,47,80,69,98,100,55,Manager
Maria Perez,78,45,54,84,45,92,98,71,88,Human Resource Specialist
Lisa Parks,87,78,61,48,64,89,63,73,65,Marketing Executive
Alexander Gonzalez,65,45,67,65,79,97,83,44,60,Financial Analyst
Kim Mclaughlin,67,43,70,42,71,45,73,74,75,Teacher
Jonathan Hoffman,53,48,63,56,85,69,52,52,86,Entrepreneur
Daniel Zhang,51,47,74,57,47,44,96,83,55,Manager
Amy Perkins,40,49,67,94,79,62,67,72,45,Writer
Christina Gomez,76,71,93,45,99,86,66,94,86,Entrepreneur
Rebecca Lowery,72,54,97,51,97,70,95,41,92,Entrepreneur
Tammy Campbell,85,86,87,45,81,92,84,74,94,Data Scientist
Christopher Garrett,77,73,46,78,65,74,51,40,91,Human Resource Specialist
Kristin Crawford MD,55,89,61,89,51,75,97,82,47,Writer
John Garza,53,74,58,71,61,98,57,81,81,Financial Analyst
Levi Suarez,96,91,76,52,95,40,77,74,54,Entrepreneur
Natalie Chambers,40,99,91,72,46,76,75,42,86,Data Scientist
Roy Hamilton,44,81,41,58,82,40,50,66,53,Entrepreneur
Shelby Jennings,90,57,98,59,43,54,97,57,91,Human Resource Specialist
Bethany Ramirez,79,82,51,60,61,90,69,49,59,Teacher
Victoria Griffin,41,55,43,93,56,55,88,40,48,Writer
Erin Dyer DVM,83,74,94,90,100,47,69,82,95,Writer
Benjamin Smith,65,44,85,83,70,88,75,46,91,Human Resource Specialist
Amber Ochoa,43,41,85,48,88,84,44,40,72,Entrepreneur
Megan Kim,75,77,52,63,54,77,98,96,60,Manager
Amanda Christian,45,68,61,100,40,79,54,80,85,Writer
Amber Orr,70,77,40,77,98,81,99,61,79,Entrepreneur
Audrey Brown,77,51,43,97,67,62,77,57,54,Writer
Laura Carroll,61,59,51,69,82,67,48,68,54,Entrepreneur
Robert Mejia,55,75,61,53,69,90,45,72,51,Marketing Executive
Paul Smith,95,44,75,56,81,100,98,70,84,Entrepreneur
Steven Russell,44,54,51,87,88,97,40,68,66,Writer
Cheryl Boyer,43,50,42,72,41,66,58,42,69,Marketing Executive
Jamie Wilkins,83,89,95,80,98,79,98,100,93,Data Scientist
Trevor Martinez,74,91,89,80,82,77,67,86,70,Data Scientist
Troy Chen,98,80,92,62,72,57,76,76,43,Data Scientist
Dawn Donovan,77,53,45,57,94,56,50,97,43,Entrepreneur
Gregory Chavez,98,70,88,71,97,61,78,89,85,Entrepreneur
Raymond Burns,60,97,88,45,64,55,54,69,61,Data Scientist
Nancy Porter,82,87,70,43,63,73,92,82,44,Manager
Jared Dillon,78,100,89,58,59,89,88,65,67,Data Scientist
Shane Edwards,41,77,85,64,44,95,43,96,95,Data Scientist
Kyle Savage,79,47,49,44,45,58,56,66,88,Human Resource Specialist
Heather Kelley,81,88,90,72,91,88,69,79,97,Data Scientist
Thomas Maxwell,87,84,55,82,92,51,63,82,89,Entrepreneur
Jennifer Anderson,62,47,95,49,92,70,50,76,65,Entrepreneur
Ebony Price,76,99,97,52,51,90,53,74,97,Data Scientist
Jeremy Leon,55,68,40,71,91,62,73,98,88,Entrepreneur
Francisco Cole,55,70,90,66,78,47,79,50,57,Marketing Executive
Jeanette Conley,70,50,91,70,48,51,66,51,49,Financial Analyst
Daniel Schultz,92,55,55,63,55,64,99,86,62,Manager
Colton Hansen,79,82,53,97,49,64,75,53,46,Writer
Dennis Horton,41,79,61,44,52,96,51,40,71,Software Engineer
Chad Lynch,77,97,89,78,91,53,64,59,67,Data Scientist
Emily Weaver,100,72,70,49,65,100,53,46,51,Marketing Executive
Robert Young,54,42,51,66,62,73,95,52,69,Marketing Executive
Mitchell Williams,71,76,79,88,80,71,59,87,99,Writer
Jeremy Bennett,66,69,61,71,50,80,65,95,67,Teacher
Rickey Ochoa,59,49,70,44,44,74,97,93,84,Manager
Jacob Fuller,83,45,82,99,43,64,81,61,91,Writer
Nicole Kelly,54,80,99,69,40,62,40,85,61,Data Scientist
Mary Mccarthy,63,46,50,68,100,72,66,98,44,Entrepreneur
Edwin Chen,89,95,70,91,82,50,52,75,52,Writer
Michelle Morgan,74,59,46,68,49,98,57,72,72,Teacher
Emily Rivera,91,94,62,76,52,73,47,94,97,Human Resource Specialist
Tara Ramirez,86,59,82,52,42,50,71,63,78,Software Engineer
Alvin Ford,65,61,71,77,92,68,100,41,44,Entrepreneur
Darryl Long,61,64,71,53,40,49,40,89,92,Human Resource Specialist
Ashley Myers,50,43,57,74,52,57,52,83,97,Human Resource Specialist
Jenna Reynolds,42,63,45,94,64,70,70,70,67,Writer
Elizabeth Blackwell,45,65,70,91,75,48,52,45,97,Writer
John Parker,49,82,75,57,63,76,55,55,49,Financial Analyst
Shelley Morgan,45,72,79,46,72,74,55,72,50,Marketing Executive
Steven Gross,63,76,44,70,70,51,92,52,86,Human Resource Specialist
Rebecca White,99,84,55,49,82,65,55,45,52,Entrepreneur
Megan Conway,58,67,94,44,82,77,88,87,63,Manager
Kimberly Parker,43,67,70,51,83,56,63,44,42,Entrepreneur
Anthony Winters,53,52,68,56,43,54,77,71,72,Financial Analyst
Courtney Jones,90,77,91,98,45,71,88,69,52,Data Scientist
Mark Conrad,66,65,82,73,49,95,91,76,53,Manager
Nicole Walker,45,42,95,46,71,94,70,46,70,Financial Analyst
Melissa Garcia,42,57,93,89,93,56,89,66,52,Writer
Kristy Ramirez,83,46,52,46,62,97,67,47,60,Financial Analyst
Elizabeth Smith,55,47,87,82,91,66,40,95,79,Entrepreneur
Patricia Carter,53,67,57,50,50,73,63,56,68,Teacher
Andrew Davis,71,58,76,57,64,53,70,70,87,Human Resource Specialist
Jamie Mathis,54,69,79,72,76,42,78,82,90,Human Resource Specialist
Ashley Sims,78,56,40,91,91,65,62,60,50,Writer
Robert Moore,85,95,53,66,56,45,56,94,56,Financial Analyst
David Reed,42,47,71,93,41,48,90,88,43,Writer
Curtis Adkins,59,92,86,60,53,64,42,79,92,Data Scientist
Belinda Coleman,82,90,59,83,100,65,64,44,59,Entrepreneur
Jennifer Roberts,72,54,77,58,67,50,58,87,64,Financial Analyst
Tara Bernard,84,92,83,86,59,50,90,77,47,Data Scientist
Kendra Guzman,68,47,50,45,84,53,59,50,56,Entrepreneur
Lisa Coleman,84,81,42,92,41,58,69,78,89,Writer
Benjamin Blackwell,87,45,88,81,85,41,78,73,68,Entrepreneur
Alexandria Ewing,97,60,78,54,47,82,94,50,95,Human Resource Specialist
Barry Soto,77,72,83,83,73,57,75,61,49,Marketing Executive
Kathy Jones,85,80,50,85,86,83,42,43,69,Entrepreneur
Vincent Santos,60,93,64,49,99,97,55,79,86,Entrepreneur
Joseph Aguirre,67,58,96,73,50,88,78,80,57,Marketing Executive
Mario Vazquez,48,44,77,100,48,77,96,86,97,Writer
Gregory Martinez,89,56,96,74,68,100,54,69,81,Teacher
Renee Harris,74,99,71,76,64,47,87,64,91,Human Resource Specialist
Kathleen Jones,66,56,47,80,99,50,86,47,40,Entrepreneur
Andrew Sandoval,60,63,74,76,65,73,50,82,57,Software Engineer
Michael Perez,49,42,44,89,97,80,68,53,70,Writer
Amanda Clay,58,62,99,60,58,91,68,95,78,Software Engineer
Gregg Perry,65,81,69,66,45,99,74,89,91,Human Resource Specialist
Mary Russell,52,46,81,87,60,89,61,52,40,Writer
Alexander Kim,75,49,87,94,67,75,63,51,94,Writer
Emily Williams,97,86,41,73,55,62,55,83,88,Human Resource Specialist
Joseph Barnes,91,64,47,92,68,44,89,53,54,Writer
Mark Gibbs,54,74,94,76,69,67,49,72,82,Software Engineer
Seth Travis,92,81,46,65,76,84,58,94,80,Marketing Executive
Nicholas Scott,87,52,62,69,94,42,65,40,55,Entrepreneur
Kimberly Baker,95,100,51,77,41,77,99,71,56,Teacher
Peter Hunter,44,42,58,95,61,81,98,78,61,Writer
Katherine Colon,74,62,85,83,71,63,90,87,74,Manager
Steven Moore,94,57,72,54,93,69,82,52,66,Entrepreneur
Andrew Montes,49,76,55,44,73,87,51,52,68,Marketing Executive
Mark Randolph,67,88,100,84,57,79,86,76,53,Data Scientist
Melanie Alexander,60,91,43,60,75,99,51,78,78,Financial Analyst
Ashley Martinez,58,54,51,46,73,52,93,100,64,Manager
Tommy Weber,76,83,63,67,89,73,97,92,93,Manager
Justin Gentry,81,50,45,42,71,96,57,42,62,Marketing Executive
Daniel Brown,77,97,76,67,53,86,54,47,60,Software Engineer
James Gonzalez,98,80,87,60,85,44,59,100,65,Data Scientist
Calvin Day,100,52,72,50,80,52,68,97,74,Financial Analyst
Johnny Kim,45,53,79,55,90,62,76,77,56,Entrepreneur
Courtney Ramos,94,92,96,40,72,89,76,68,67,Data Scientist
David Mendez,41,83,92,44,81,94,97,41,98,Data Scientist
Nicole Diaz,74,70,75,62,66,60,91,69,61,Teacher
Terry Conley PhD,69,66,92,51,91,100,51,50,71,Entrepreneur
Angela Fisher,94,86,50,43,43,45,99,100,84,Manager
Joseph Hernandez,92,72,44,49,49,67,69,52,74,Teacher
Mary Kaufman,86,61,42,57,51,90,65,77,94,Human Resource Specialist
Angel Schroeder,54,82,82,84,98,58,42,51,47,Data Scientist
Brooke Gross,44,65,57,55,90,84,56,41,81,Entrepreneur
Johnny Vaughn,54,86,51,79,71,96,79,83,49,Marketing Executive
Tiffany Mccoy,62,57,41,69,47,98,63,74,47,Software Engineer
Lauren Mcknight,66,45,53,83,99,90,54,74,78,Entrepreneur
Brittany Guerra,43,49,94,46,97,80,89,97,50,Manager
Kimberly Bennett,59,86,64,64,68,69,62,98,86,Human Resource Specialist
Bryan Moreno,66,42,56,42,92,55,86,94,53,Manager
Christina Gonzalez,63,73,92,53,61,97,83,81,41,Manager
Christian Gallegos,42,76,64,43,85,79,92,59,99,Entrepreneur
Darryl Tran,74,83,44,49,67,99,81,97,77,Manager
Alexander Brock,94,67,76,91,64,65,48,98,83,Writer
Nicole Nelson,40,61,81,40,99,70,48,45,56,Entrepreneur
Brandon Weber,65,76,48,98,51,41,50,85,72,Writer
Brandon Lee,65,78,45,90,45,86,59,58,91,Writer
Brandon Turner,59,42,56,98,97,87,81,62,68,Writer
Mary Sparks,91,60,84,84,66,59,82,59,53,Financial Analyst
Michelle Garner,96,62,75,58,60,63,96,86,51,Manager
George Taylor,67,77,47,60,62,90,89,40,63,Financial Analyst
Tracy Dodson,91,82,47,42,72,72,50,96,63,Teacher
Tracy Potter,61,55,51,58,84,54,60,60,95,Entrepreneur
Kayla Fields,68,80,94,73,98,56,86,56,92,Data Scientist
Daniel Ramos,69,85,61,96,94,90,66,58,51,Writer
Erica Olson,71,83,90,41,44,53,78,43,77,Data Scientist
Kathleen Hernandez,70,66,55,68,68,44,50,68,68,Software Engineer
Sierra Jackson,78,47,81,48,72,60,93,48,56,Software Engineer
Mrs. Courtney Joseph,92,60,51,79,45,46,74,62,90,Human Resource Specialist
Vickie Whitehead,85,66,98,61,90,70,44,57,86,Entrepreneur
Mr. Matthew Weaver PhD,80,46,89,62,49,76,61,89,78,Software Engineer
Julie Crawford,57,61,57,71,68,41,60,91,71,Financial Analyst
Heather Cantrell,48,71,73,52,66,47,49,94,84,Marketing Executive
Brittany Stanley,85,83,93,85,95,40,100,90,45,Data Scientist
Anthony Gonzalez,97,58,52,88,47,73,75,85,78,Writer
Adam Montoya DDS,58,64,93,98,52,75,91,82,84,Writer
Mary Taylor,68,40,41,93,94,82,58,77,42,Writer
Timothy Lara,66,40,51,94,56,82,46,81,48,Writer
Ronald Frank,73,80,58,100,68,82,53,84,69,Writer
Johnny Moore,41,40,51,62,98,43,47,61,78,Entrepreneur
Matthew Morris,99,41,74,85,43,52,71,68,73,Teacher
Tara Sanders,64,65,55,66,48,81,94,53,92,Human Resource Specialist
Darrell Boyd,69,100,50,86,98,52,96,63,90,Writer
Rachel Campbell,41,71,64,95,47,80,72,48,94,Writer
Rhonda Smith,73,67,80,67,74,60,80,76,62,Financial Analyst
Dorothy Farrell,53,50,77,54,79,67,87,53,60,Marketing Executive
Michael Franklin,91,93,90,57,44,91,99,78,70,Data Scientist
Joshua Sawyer,91,80,89,62,88,90,63,43,100,Data Scientist
Sabrina Chandler,98,89,67,80,45,57,70,43,94,Human Resource Specialist
Thomas Thompson,48,100,100,65,89,85,45,63,60,Data Scientist
Kayla Richardson,44,88,96,70,95,64,93,71,47,Data Scientist
Megan Pierce,59,41,47,50,91,50,78,62,100,Entrepreneur
Brandi Bowers,62,71,66,46,42,76,80,46,94,Human Resource Specialist
John Ward,60,68,80,55,43,92,94,69,99,Human Resource Specialist
Daniel Perez,93,97,40,95,45,45,58,87,55,Writer
Steven Evans,74,72,56,100,43,53,54,46,57,Writer
Samuel Hall,65,53,90,43,80,93,51,97,78,Software Engineer
Jared Miller,41,61,42,74,56,40,54,57,78,Teacher
Mike Reyes,50,84,85,43,76,69,96,99,73,Data Scientist
Leah Olson,55,50,54,79,43,45,67,94,78,Teacher
Stacey Alexander,79,52,47,84,84,56,71,79,64,Entrepreneur
Destiny Hill,86,45,86,78,41,88,56,44,82,Financial Analyst
Kimberly Bridges,68,88,94,66,94,79,66,97,77,Data Scientist
John Newman,60,68,69,94,60,60,70,75,47,Writer
Adam Carey,99,53,53,45,95,98,46,81,100,Entrepreneur
Regina King,90,64,99,76,95,71,59,64,94,Entrepreneur
Terry Morris DVM,98,41,79,91,78,85,59,45,52,Writer
Zachary Vargas,65,64,83,43,66,46,81,57,94,Human Resource Specialist
Lisa Gonzalez,51,70,48,82,77,90,42,44,43,Teacher
Mark Dawson,99,96,41,82,96,65,70,74,49,Entrepreneur
Damon Davis,60,89,53,61,68,90,73,70,83,Marketing Executive
Thomas Carpenter,75,54,92,41,86,85,84,85,87,Manager
Robert Washington,89,85,94,70,48,86,77,84,85,Data Scientist
Janet Francis,45,48,89,97,75,55,70,89,61,Writer
Angel Davis,62,47,67,72,73,82,56,76,68,Marketing Executive
Leslie Steele,42,52,81,48,83,95,75,93,54,Entrepreneur
Mr. Christopher Green,55,41,62,78,98,42,91,47,55,Entrepreneur
Thomas Quinn,50,97,83,68,73,75,48,59,92,Data Scientist
Helen Ware,100,88,46,45,42,65,50,55,61,Marketing Executive
David Day,74,84,75,42,82,72,88,44,100,Entrepreneur
Natalie Moore,76,82,92,95,62,50,91,40,46,Data Scientist
Alicia Moore,72,76,78,77,88,92,50,68,97,Entrepreneur
Dennis Morton,77,70,80,77,63,98,65,84,91,Human Resource Specialist
Rebecca Schmitt,51,73,100,65,57,75,43,66,72,Financial Analyst
Ebony Liu,69,97,70,63,75,51,42,58,96,Human Resource Specialist
Sheri Miller,55,40,99,79,83,71,48,54,88,Entrepreneur
James Frank,47,65,46,75,94,87,81,76,49,Manager
Bonnie Mccullough,41,51,42,99,67,64,40,65,97,Writer
Raymond Gaines,57,81,52,91,43,43,57,60,67,Writer
Jeffrey Murphy,75,95,59,98,99,43,43,83,48,Writer
Steven Gonzalez,76,57,59,62,97,87,58,78,86,Entrepreneur
Beth Bentley,75,56,43,75,77,82,70,54,49,Marketing Executive
Kevin Sanders,96,79,40,79,95,62,54,72,52,Entrepreneur
Dave Giles,41,89,81,74,81,76,100,80,97,Data Scientist
Brian Benton,75,45,94,41,56,40,95,90,65,Manager
Valerie Andrade,42,84,98,90,93,69,72,51,53,Data Scientist
Meredith Hall,97,42,88,94,53,57,84,74,66,Writer
Roger Villanueva,85,89,96,65,98,71,79,80,63,Data Scientist
Donald Hernandez,78,93,68,64,100,72,59,63,90,Entrepreneur
Annette King,46,65,44,96,78,72,48,75,83,Writer
Andre Hunt,77,61,64,77,53,53,73,95,78,Financial Analyst
Robert Chen,43,60,85,50,96,77,64,87,61,Entrepreneur
Mr. John Williams II,92,67,47,48,48,43,86,87,83,Manager
Elizabeth Sampson,41,61,75,96,73,44,60,80,42,Writer
Connie Armstrong,73,42,99,67,47,90,68,80,71,Financial Analyst
Eric Watson,77,90,80,76,98,76,95,73,69,Entrepreneur
Heather Larsen,63,51,57,76,54,98,96,87,72,Manager
Gwendolyn Gilbert,46,69,58,71,68,92,88,62,96,Human Resource Specialist
Lindsay Duarte,75,91,60,63,84,65,80,90,87,Entrepreneur
Kathleen Padilla,94,56,44,100,81,89,87,67,70,Writer
Nicole Lewis,78,84,64,63,52,68,67,91,89,Human Resource Specialist
Heather Warner,69,69,77,91,43,62,55,99,61,Writer
Anna Henderson,95,47,54,58,93,62,87,88,70,Manager
Christian Trujillo,80,54,60,48,70,50,62,67,67,Marketing Executive
Sheena Copeland,44,44,98,54,74,91,85,41,78,Software Engineer
Tanya Cruz,90,58,79,69,78,82,45,57,90,Human Resource Specialist
Mark Cross,88,97,40,66,44,96,64,89,81,Marketing Executive
Jeffrey Henderson,50,70,69,52,41,51,72,50,92,Human Resource Specialist
Robert Parker,71,56,70,93,54,58,56,79,83,Writer
Brianna Gordon,40,54,54,49,81,78,60,78,84,Entrepreneur
Pamela Barnett,80,81,47,63,66,99,62,53,58,Software Engineer
Dakota Mendez,88,72,52,77,93,74,99,60,62,Entrepreneur
Shawn Ballard,56,100,94,57,66,72,65,45,63,Data Scientist
Laura Carter,48,81,100,58,53,57,40,65,69,Data Scientist
Anthony Gutierrez,85,48,100,59,60,99,52,90,73,Teacher
Matthew Carter,94,44,90,90,69,91,51,62,75,Writer
Michael Gonzalez,64,49,78,62,91,65,95,71,60,Entrepreneur
Darren Byrd,73,87,99,71,66,83,57,70,78,Data Scientist
John Mcbride,70,66,63,69,48,45,81,66,95,Human Resource Specialist
Sydney Murray,72,71,55,95,87,95,75,61,96,Writer
Adam Brown,64,48,76,84,42,99,99,45,64,Marketing Executive
Lisa Mata,100,86,93,83,90,94,83,56,62,Data Scientist
Melissa Moreno,84,78,55,87,57,99,69,67,53,Writer
Jessica Case,83,88,86,49,82,96,55,44,44,Data Scientist
Samantha Coleman,68,83,40,61,48,80,58,59,92,Human Resource Specialist
Andrew Moreno,44,80,57,68,59,42,58,69,68,Marketing Executive
Darryl Berry,95,82,93,63,59,40,67,85,84,Data Scientist
Melissa Meyers,59,61,93,68,75,87,89,48,75,Teacher
Wendy Owens,73,78,52,90,74,84,44,77,72,Writer
Peter Fowler,44,95,53,78,98,62,57,50,76,Entrepreneur
Joshua Rosales,54,91,72,67,80,49,58,43,51,Teacher
Kevin Bailey,76,50,84,79,98,73,94,97,83,Manager
Stephanie Peters,100,95,68,52,46,87,73,50,90,Human Resource Specialist
Michael Walsh,42,80,64,53,89,61,40,83,72,Entrepreneur
Kristina Brown,98,89,97,65,52,40,85,66,99,Data Scientist
Brian Jones,60,56,51,80,65,43,70,61,71,Financial Analyst
Ashley Davies,57,44,57,41,79,97,48,98,43,Teacher
Belinda Morales,78,84,72,98,54,48,79,68,44,Writer
Meghan Reynolds,44,58,90,70,53,50,74,41,97,Human Resource Specialist
Ross Greer,77,97,64,41,90,89,43,99,100,Entrepreneur
Catherine Taylor,99,48,67,85,92,92,52,89,51,Entrepreneur
Trevor Hughes,62,84,94,83,91,47,54,86,73,Data Scientist
Christine Barrett,45,68,60,44,42,64,59,91,71,Teacher
Andrew Burns,70,48,76,50,88,100,48,59,45,Entrepreneur
April Myers,81,40,92,63,46,71,46,99,47,Software Engineer
Nathan Middleton,82,66,68,81,89,91,57,86,72,Entrepreneur
Jillian Norton,90,54,50,67,84,59,100,92,99,Manager
Stanley Watts,54,75,85,81,60,41,65,51,66,Marketing Executive
Tina Miller,67,64,52,66,74,82,52,60,55,Financial Analyst
Keith Gallegos,53,74,55,78,44,51,75,83,48,Financial Analyst
Rodney Martinez,94,61,72,85,41,78,42,75,42,Software Engineer
Ralph Dillon,81,92,98,63,67,59,84,73,65,Data Scientist
Richard Roman Jr.,45,78,96,83,63,93,61,91,79,Data Scientist
Jim Horton,64,65,40,83,71,58,47,69,77,Software Engineer
Kenneth Moore,85,78,91,92,94,63,87,63,60,Data Scientist
John Welch,67,86,92,84,95,71,71,54,98,Data Scientist
Robert Reyes,90,86,90,82,92,96,65,87,75,Data Scientist
Ronald Ramos,61,79,49,56,72,95,45,61,71,Marketing Executive
Eugene Singh,98,44,56,46,98,57,83,53,72,Entrepreneur
Gail Sexton,89,98,97,51,48,62,72,99,64,Data Scientist
Kathleen Ayala,55,67,59,77,90,78,45,47,67,Entrepreneur
Angela Archer,63,67,61,75,91,63,60,96,66,Entrepreneur
Paul Rivers,70,52,73,60,49,83,96,90,43,Manager
Jacob Luna,75,73,48,46,81,74,42,69,88,Entrepreneur
Cynthia Hebert,45,88,98,78,58,52,49,93,87,Data Scientist
Cheryl Leonard,64,50,88,56,99,45,41,95,69,Entrepreneur
Leslie Parker,46,73,75,50,62,40,89,44,88,Human Resource Specialist
Stacey Barnett,52,67,54,92,98,55,83,96,71,Writer
Kenneth Cox,95,68,43,81,59,98,41,60,98,Human Resource Specialist
John Tate,96,83,51,83,44,55,56,66,50,Financial Analyst
Jessica Gray,74,45,50,61,60,68,60,85,64,Financial Analyst
Kellie Cortez,100,92,41,40,50,48,93,76,62,Manager
Jeremy Morris,92,81,63,49,82,54,57,58,64,Entrepreneur
Angelica Sanchez,43,74,50,88,99,75,72,69,68,Writer
Seth Mata,79,44,59,95,48,71,64,41,70,Writer
William Gonzalez,76,78,61,58,52,82,100,96,80,Manager
Craig Dennis,93,84,93,43,55,65,48,63,86,Data Scientist
Mr. Paul May,50,87,83,46,47,96,67,56,98,Data Scientist
Paul Wallace,100,94,55,92,78,60,62,69,48,Writer
Brian Schmitt,67,50,99,85,95,51,97,99,99,Manager
Angela Burnett,50,53,73,74,63,87,61,67,68,Software Engineer
Christopher Fisher,62,79,42,95,42,66,68,72,74,Writer
Megan Marks,50,85,50,45,86,60,97,58,96,Entrepreneur
Lisa Weiss,77,82,86,99,64,70,77,81,93,Data Scientist
Austin Hawkins,97,62,50,43,90,86,97,55,59,Entrepreneur
Robin Harrington,71,87,100,60,49,98,64,81,82,Data Scientist
Vincent Thomas,50,73,49,76,70,93,40,64,84,Software Engineer
Kyle Perez,55,97,70,77,75,98,96,76,61,Manager
Robert Murphy,46,100,42,78,87,93,49,94,88,Entrepreneur
Daniel Garcia,66,87,72,94,82,77,88,56,89,Writer
Jasmine Galvan,46,87,100,93,85,61,69,55,47,Data Scientist
Eric Lamb MD,63,85,69,63,68,79,98,80,84,Manager
Ms. Erica Oneill MD,51,41,87,85,76,73,40,51,75,Financial Analyst
Jason Ward,80,56,78,52,43,59,63,74,70,Financial Analyst
Cynthia Little,86,97,55,42,78,94,43,77,70,Software Engineer
Alexandra Robles,40,73,55,86,80,84,96,84,76,Writer
Ryan Frye,100,77,88,99,100,86,68,74,92,Data Scientist
Karen Fox,87,61,91,58,89,71,63,80,90,Entrepreneur
Cory Cunningham,60,85,74,65,88,70,62,94,96,Entrepreneur
Joseph Nguyen,73,58,71,91,41,81,57,66,59,Writer
Gabriel King,45,72,46,66,40,97,74,66,67,Teacher
Dustin Martinez,63,56,75,60,63,52,81,67,79,Teacher
Erin Williams,43,45,90,84,86,44,46,62,58,Entrepreneur
Marc Rodriguez,84,78,100,58,46,68,92,96,81,Data Scientist
Meghan Bell,80,60,89,85,61,48,95,85,69,Manager
John Collins,65,70,87,76,70,80,85,99,80,Manager
Erica Dean,90,78,75,75,92,48,71,57,66,Entrepreneur
Joseph Luna,100,78,52,89,87,83,57,87,99,Writer
Karen Davis,85,81,90,54,46,51,69,83,72,Data Scientist
Jodi Taylor,86,95,95,65,70,62,80,64,83,Data Scientist
Richard Hardy,91,87,86,49,50,73,75,65,69,Data Scientist
Melissa Greene,90,47,80,81,85,51,77,86,68,Entrepreneur
Linda Carr,56,42,66,45,62,44,76,71,73,Teacher
Donna Nunez,80,86,68,71,43,45,83,69,77,Financial Analyst
Michael Miller,93,54,49,52,45,71,75,42,41,Financial Analyst
Carl Morrow,53,76,55,44,62,58,40,83,69,Financial Analyst
Kathryn Ellison,69,65,51,78,52,67,70,99,84,Software Engineer
Taylor Simon,69,86,46,49,93,67,83,58,51,Entrepreneur
Kevin Bartlett,58,74,89,52,48,79,75,83,95,Human Resource Specialist
Jacqueline Atkins,85,88,87,95,83,59,40,82,90,Data Scientist
Leah Campbell,69,41,96,92,59,62,97,61,71,Writer
Ariel Aguilar,64,55,55,59,55,44,60,75,75,Marketing Executive
Leah Anderson,68,74,79,93,81,57,40,75,56,Writer
Carmen Jones,85,67,50,67,65,96,71,58,76,Teacher
Nancy Reynolds PhD,57,56,75,71,82,91,80,44,73,Entrepreneur
Zachary Clark,95,55,86,87,42,91,66,69,67,Writer
Denise Baker,42,89,99,68,90,44,78,68,96,Data Scientist
Patrick Hart,69,86,57,93,45,46,83,83,83,Writer
Tyler Smith,57,69,56,57,58,40,95,60,84,Software Engineer
Peter Gonzales,78,68,49,54,85,76,81,100,48,Manager
David Dodson,76,96,60,85,86,47,85,79,87,Manager
Scott Johnson,74,97,100,43,82,88,86,44,66,Data Scientist
Brian Davis,55,66,63,79,89,76,91,60,66,Entrepreneur
John Mays,57,47,85,96,51,76,80,94,65,Writer
Melissa Baker,44,73,85,87,99,84,91,98,45,Writer
Julie Garcia,94,99,73,73,97,45,95,74,79,Entrepreneur
Steven Schmidt,62,100,46,98,88,48,92,75,44,Writer
Jenna Lopez,96,65,49,54,86,59,92,65,97,Entrepreneur
Katrina Harris,60,52,40,73,56,65,86,100,62,Manager
Jessica Smith,86,86,50,44,53,66,67,92,78,Financial Analyst
Traci Brock,58,80,68,98,40,100,82,99,68,Writer
Nicole White,54,87,54,47,89,97,74,51,81,Entrepreneur
Erika Arnold,45,60,61,70,71,67,74,55,51,Software Engineer
Steven Young,84,43,66,90,61,88,90,56,76,Writer
Lee Brooks,68,96,100,65,44,75,78,75,44,Data Scientist
Tracy Morgan,80,52,70,71,40,97,61,86,76,Software Engineer
Austin Smith,92,59,100,82,96,80,88,54,92,Entrepreneur
Jose Estrada,97,96,56,88,82,60,89,40,98,Writer
Ryan Robinson,84,94,52,72,52,74,90,50,57,Teacher
Joseph Boyd,56,82,54,45,54,56,55,83,50,Teacher
Lauren Hamilton,77,63,54,72,61,41,95,93,47,Manager
David Delgado,57,70,53,55,99,77,96,80,63,Manager
Alexandra Bartlett,71,77,61,95,75,63,64,95,64,Writer
Katrina Miller,65,65,55,78,54,63,89,91,74,Manager
Tom Harris,61,80,54,85,49,61,75,90,100,Human Resource Specialist
Alexandra Davis,67,68,68,70,69,57,48,42,64,Marketing Executive
Mr. Patrick Lara MD,60,87,99,88,86,94,55,96,98,Data Scientist
George Figueroa,51,84,83,84,40,75,55,84,94,Data Scientist
Ashley Combs,68,97,89,94,85,82,69,43,72,Data Scientist
Kenneth Sanders,85,47,44,92,75,75,65,78,82,Writer
Cheryl Fleming,42,97,57,64,100,56,68,88,72,Entrepreneur
Teresa Smith,40,56,66,91,62,61,64,78,89,Writer
Jose Russell,71,49,40,86,100,61,43,86,46,Writer
Leonard Bryant,48,64,80,96,60,85,72,41,91,Writer
Joseph Sanchez,49,95,94,53,65,97,69,89,95,Data Scientist
Ms. Jodi Hood,51,49,46,49,49,90,46,98,83,Financial Analyst
Richard Garcia,82,53,47,96,93,95,47,92,52,Writer
Brandon Higgins,90,82,87,65,46,67,85,66,79,Data Scientist
Loretta Walton,96,73,88,56,88,88,51,49,100,Entrepreneur
Charlene Williams,59,52,83,95,76,77,56,64,97,Writer
Michael Reed,84,58,87,92,47,41,65,83,92,Writer
Michael Fisher,71,80,97,96,61,100,83,90,73,Data Scientist
Harold Davila,83,81,65,56,82,54,82,98,43,Manager
Daniel Martin,40,74,79,65,50,46,63,50,49,Marketing Executive
Stephanie Mathews,79,51,71,46,65,78,49,61,63,Financial Analyst
Kevin Green,64,53,48,94,47,78,92,82,98,Writer
Eric Barker,99,94,92,62,60,84,81,99,84,Data Scientist
Rachel Olson,72,57,43,94,79,83,80,81,50,Writer
Marie Lopez,60,79,51,85,75,52,79,43,59,Software Engineer
Jasmine Jackson,41,75,92,91,88,76,62,56,82,Writer
Angela Garrett,85,51,87,58,71,91,55,73,49,Financial Analyst
Shannon Patrick,99,98,63,72,91,80,92,60,95,Entrepreneur
Mitchell Neal,96,93,91,48,60,50,78,100,94,Data Scientist
Sharon Torres,83,49,85,44,41,75,49,89,49,Marketing Executive
Jonathan Smith,50,87,54,90,89,48,43,62,52,Writer
Donna Smith,83,48,56,92,75,79,43,82,72,Writer
Melissa Turner,56,97,49,91,57,40,92,94,69,Writer
Lori Flores,100,75,77,57,77,100,59,47,45,Software Engineer
Jacob Gonzales,75,61,40,68,80,92,50,41,92,Human Resource Specialist
Joseph Logan,54,55,40,89,91,52,79,74,99,Writer
Patrick Stark,61,92,96,88,90,56,65,81,52,Data Scientist
David Hall,43,96,57,81,95,88,70,84,66,Entrepreneur
Harold Mason,66,41,99,99,45,69,61,54,54,Writer
Paul Brandt,79,89,73,63,88,75,41,74,68,Entrepreneur
Kathryn Rodriguez,48,42,79,56,67,83,69,61,45,Marketing Executive
Timothy Thomas,44,48,82,94,40,42,79,45,90,Writer
Justin Robinson,70,100,63,54,48,72,63,90,90,Human Resource Specialist
Sara Thompson,74,60,77,74,45,95,53,87,55,Financial Analyst
Barbara Barber,44,98,50,78,52,60,47,63,43,Software Engineer
Christina Flores,72,58,75,57,80,46,59,90,82,Marketing Executive
Jackie Diaz,96,95,43,49,53,45,50,88,57,Teacher
Justin Drake,100,81,61,59,77,84,53,92,43,Marketing Executive
Danielle Bailey,76,66,60,41,47,73,75,97,53,Financial Analyst
Tiffany Allen,67,79,79,94,94,98,47,63,93,Writer
Kristin Greene,69,56,93,44,70,78,53,59,60,Teacher
Wendy Velez,69,78,76,49,99,45,86,99,42,Manager
Craig Gardner,64,60,61,52,63,45,86,42,50,Teacher
Michael Payne,98,97,66,63,46,91,76,88,67,Software Engineer
Debbie Welch,78,90,65,88,79,92,91,45,86,Writer
Robert Williams,57,87,78,95,98,70,40,96,46,Writer
Rodney Baker,95,41,97,83,95,93,89,71,45,Entrepreneur
Joshua Moore,100,52,53,88,75,76,47,49,87,Writer
Robin Cantu,41,100,91,47,58,86,75,70,61,Data Scientist
Ashley Simpson,82,75,67,86,100,83,63,48,45,Writer
Marie Scott DVM,59,85,63,95,85,65,65,43,91,Writer
Gina Lane,73,80,42,63,79,60,42,99,68,Teacher
John Black,97,90,57,73,68,55,86,90,65,Manager
Brenda Collins,90,49,84,53,89,84,75,49,97,Entrepreneur
Patricia Johnson,85,90,90,86,68,90,93,98,98,Data Scientist
Clifford Kidd,47,67,87,55,85,87,88,67,85,Entrepreneur
Wendy Valdez,97,75,63,58,62,47,85,62,58,Software Engineer
Sarah Collins,50,67,82,92,46,53,77,85,57,Writer
Benjamin Johnson,81,65,81,98,72,76,99,84,54,Writer
Emily Gaines,100,91,42,40,99,54,62,98,50,Entrepreneur
Rachel Garcia,62,75,70,92,56,69,82,41,57,Writer
Kelly Garcia,42,63,80,75,44,43,58,76,90,Human Resource Specialist
Anthony Lozano,91,81,62,52,83,70,56,67,79,Entrepreneur
Kathleen Pena,98,52,74,93,80,49,45,70,42,Writer
Nathaniel Vaughan,44,48,76,50,99,42,80,74,84,Entrepreneur
Jane Richards,40,93,100,98,86,69,43,92,83,Data Scientist
Chloe Lewis,66,65,49,87,51,59,86,87,52,Writer
Matthew Wilson,84,90,63,42,75,92,84,91,58,Manager
Glenn Chavez,48,76,79,97,75,50,81,64,64,Writer
Charles Bailey,63,73,79,91,73,66,58,65,92,Writer
Haley Duncan,72,79,64,57,77,80,67,61,93,Human Resource Specialist
Sarah Watkins,64,64,91,50,69,59,94,63,69,Financial Analyst
Angel Andrews,84,43,61,41,65,83,70,90,42,Software Engineer
Matthew Taylor,61,46,88,42,59,77,49,56,83,Marketing Executive
Tiffany Duarte,43,44,99,71,61,40,54,61,92,Human Resource Specialist
Amy Taylor,74,49,100,89,68,52,100,44,46,Writer
Anna Hunt MD,81,81,96,66,94,94,91,94,41,Data Scientist
Darlene Flores,81,91,62,64,54,72,65,65,76,Marketing Executive
Matthew Freeman,83,76,47,100,42,100,89,50,87,Writer
Bruce Conway,59,60,51,58,61,92,72,51,95,Human Resource Specialist
Michael Robertson,94,53,58,76,48,68,73,57,41,Marketing Executive
Michael Middleton,42,78,52,100,58,44,91,68,85,Writer
Miguel Smith,57,83,90,40,77,71,98,44,75,Data Scientist
Emily Bailey,56,69,99,62,86,65,67,99,94,Entrepreneur
Sandy Walker,73,84,46,43,74,74,96,41,68,Teacher
Natasha Mayo,81,79,40,43,86,69,59,86,90,Entrepreneur
Brian Morse,45,99,49,86,63,43,99,52,59,Writer
Colleen Gordon,85,100,57,63,87,41,71,69,95,Entrepreneur
Mary Neal,70,40,58,51,77,46,92,50,46,Marketing Executive
Brian Garcia,85,72,50,51,81,50,40,73,68,Entrepreneur
Andrea Hill,43,50,51,68,73,78,74,67,45,Software Engineer
Christina Moran,95,79,55,88,79,49,89,46,80,Writer
Jane May,74,74,87,52,87,76,90,93,56,Manager
Alicia Mcconnell,49,41,90,49,85,48,92,95,78,Manager
Daniel White,69,87,74,67,79,81,50,69,66,Financial Analyst
Cassandra Miles,82,87,89,58,41,53,68,43,75,Data Scientist
Courtney Smith,72,43,62,46,74,50,83,62,52,Teacher
Tricia Villa,74,84,58,44,46,76,84,88,92,Manager
Dr. Steven Ray,73,46,74,72,80,84,46,89,49,Teacher
Heather Ayala,85,49,84,86,98,76,73,92,41,Writer
Shawn Rodriguez,89,84,45,51,77,43,62,70,98,Human Resource Specialist
Lauren English,82,47,40,61,92,97,100,81,90,Manager
Olivia Tanner,75,60,82,51,40,66,58,58,70,Teacher
Rachel Cooley,75,66,82,72,71,87,46,66,69,Software Engineer
Isaac Miller,83,79,48,97,58,82,67,41,72,Writer
Brett Savage,94,89,50,59,46,92,69,74,41,Software Engineer
Brian Woods,74,57,87,63,72,99,65,71,63,Software Engineer
Janice Lee,73,79,90,58,43,60,90,42,72,Data Scientist
Carlos Bauer,96,75,63,54,55,73,41,51,86,Human Resource Specialist
Christopher Clark,81,96,70,53,63,100,58,87,90,Human Resource Specialist
Chad Morrison,79,44,69,63,47,94,100,59,66,Financial Analyst
Susan Rodriguez DDS,70,43,91,42,83,92,41,87,73,Entrepreneur
Mark Mendez,46,77,90,100,88,45,73,98,76,Data Scientist
Sharon Nunez,76,62,56,41,87,79,61,61,66,Entrepreneur
Virginia Wade,71,78,55,64,69,78,56,94,70,Software Engineer
Paul Foster,75,44,74,79,67,60,60,91,47,Marketing Executive
Dana Clark,44,62,63,86,55,88,81,94,93,Writer
Sean Fischer,86,66,59,72,67,55,41,96,95,Human Resource Specialist
Gerald Bush,96,91,82,62,81,47,74,49,75,Data Scientist
Monica Levine,51,94,58,49,69,77,44,95,66,Software Engineer
Aaron Mcclure,57,64,74,54,53,85,53,65,41,Marketing Executive
Cynthia Thompson,76,84,67,77,56,97,53,84,91,Human Resource Specialist
John Ellis,46,48,89,57,86,75,87,65,59,Entrepreneur
Andrea Harris,55,41,84,44,63,64,56,51,79,Software Engineer
Adam Fox,94,61,83,88,100,95,74,96,66,Writer
Daniel Martinez,43,61,72,62,93,59,99,53,63,Entrepreneur
Matthew Hansen,44,57,86,70,72,99,78,41,45,Financial Analyst
Renee Gray,69,43,95,91,68,61,47,98,76,Writer
Nathan Harper,69,84,68,61,55,90,58,67,59,Software Engineer
Tracy Clark DDS,45,52,91,46,56,92,54,79,72,Software Engineer
Kathryn Hernandez,75,84,71,99,63,84,41,100,69,Writer
Holly Rivera,94,82,73,91,76,96,80,63,45,Writer
Rebecca Woodard,62,99,69,60,95,85,100,71,43,Entrepreneur
Heather Diaz,85,93,52,55,41,79,98,90,90,Manager
Connie Strickland,62,56,67,85,45,44,64,52,70,Financial Analyst
Richard Kelly,67,88,78,40,96,82,68,82,68,Entrepreneur
Bradley Powers,67,78,58,73,95,56,52,71,82,Entrepreneur
Richard Roberts,93,57,99,81,99,40,81,67,98,Entrepreneur
Matthew Terry,58,76,56,100,45,58,42,40,48,Writer
Megan Stephens,84,68,91,94,87,92,47,71,98,Writer
Zachary Bartlett,48,44,82,78,99,82,71,71,99,Entrepreneur
Stephanie Avila,97,59,57,76,66,89,51,78,51,Teacher
Calvin Schroeder,64,71,68,55,59,43,42,82,75,Teacher
Jason Tucker,65,46,63,59,68,73,97,85,66,Manager
James Watson,66,56,86,74,77,60,44,87,58,Marketing Executive
Timothy Lopez,87,82,46,62,48,79,49,45,64,Marketing Executive
Andrea Weaver,74,43,52,63,99,85,54,64,60,Entrepreneur
Daniel Davis,42,78,95,86,92,81,65,41,66,Data Scientist
Jessica Nash,65,55,49,91,53,96,40,51,67,Writer
Amanda Carpenter,49,78,54,43,62,51,61,73,62,Marketing Executive
Erin Wilkins,57,44,48,81,96,65,91,45,88,Entrepreneur
Shannon Sanders,93,41,95,55,49,63,88,53,88,Human Resource Specialist
Lisa Jackson,84,57,84,60,57,75,65,73,63,Teacher
Brandon Nelson,59,49,56,77,66,73,55,91,83,Software Engineer
Craig Stephens,45,66,56,96,41,47,92,48,99,Writer
Sara Clark MD,44,91,82,81,88,47,81,67,61,Data Scientist
Alan Gill,79,96,98,85,100,84,65,79,63,Data Scientist
Daniel Soto,80,97,46,42,85,57,51,63,82,Entrepreneur
Dana Rivas,91,81,58,91,85,73,72,51,65,Writer
Nicole Barker,47,40,73,72,58,73,85,65,51,Marketing Executive
Chase Glover,98,61,53,100,44,77,66,79,92,Writer
Carlos Morton,87,60,63,41,70,43,55,70,89,Human Resource Specialist
Andrea Thompson,79,58,71,76,87,94,60,72,59,Entrepreneur
Pamela Foster,80,89,99,43,85,73,46,83,79,Data Scientist
Bryan Harrington,72,40,45,57,60,67,84,44,86,Human Resource Specialist
Kristin Carlson,87,43,45,94,91,61,72,93,75,Writer
Samantha Boyle,41,91,69,77,84,54,68,45,82,Entrepreneur
Sheila Zamora,95,55,87,67,95,72,78,68,85,Entrepreneur
Mike Evans,59,42,61,59,55,41,58,69,92,Human Resource Specialist
Beth Taylor PhD,94,88,87,59,97,98,81,47,65,Data Scientist
Angelica Grimes,99,60,65,99,80,61,73,44,83,Writer
Ian Petersen,79,71,99,75,75,44,72,99,86,Human Resource Specialist
Chad Davis,82,47,71,41,98,74,97,66,71,Entrepreneur
Sonya Strickland,62,99,92,61,70,91,56,72,100,Data Scientist
Kimberly Morgan,41,82,48,76,64,81,40,92,74,Teacher
Jason Sandoval,85,53,89,80,73,53,78,69,72,Financial Analyst
Melissa Lewis,82,84,58,78,95,79,49,44,62,Entrepreneur
Randy Barber,52,69,81,68,96,82,64,58,96,Entrepreneur
Rachael Miller,73,63,77,80,68,75,90,58,82,Marketing Executive
Kimberly Jimenez,99,84,98,99,91,57,71,46,74,Data Scientist
Sarah Jacobs,44,54,64,68,75,51,41,70,80,Marketing Executive
Morgan Anderson,54,87,50,43,84,81,59,74,45,Entrepreneur
Aaron Martinez,83,81,59,86,60,61,61,80,70,Writer
Jonathan Parker,60,65,47,98,73,75,49,55,81,Writer
Kimberly Hamilton,78,76,100,68,89,85,99,55,93,Data Scientist
John Ramsey,40,74,77,77,81,55,62,91,81,Entrepreneur
Steven Garrett,68,65,82,47,75,59,41,41,52,Marketing Executive
Curtis Johnson,63,74,86,89,71,99,76,40,58,Writer
Susan Matthews,58,93,52,78,55,55,69,88,54,Financial Analyst
Mark Medina,72,100,91,67,68,51,51,92,54,Data Scientist
Jordan Moss,51,58,64,70,80,46,83,72,70,Teacher
Kirsten Whitney,49,42,82,93,46,86,67,62,97,Writer
Sean Jackson,62,66,97,75,100,58,69,49,99,Entrepreneur
Stephanie Santos,93,67,53,51,53,73,51,73,85,Software Engineer
Caroline Henderson,84,65,59,92,68,90,90,88,74,Writer
Sarah Ramirez,52,52,84,47,48,75,43,48,48,Software Engineer
Janice Williams,94,70,97,91,67,98,85,55,72,Writer
Donald Garrett,81,79,73,75,69,43,41,92,85,Marketing Executive
Alexander Strickland,85,63,60,60,79,86,76,94,86,Human Resource Specialist
Ashley Chandler,64,58,69,96,100,86,53,78,63,Writer
Corey Rodriguez,68,91,59,52,71,59,76,40,97,Human Resource Specialist
Caitlin Mills,48,80,45,97,52,84,88,42,79,Writer
Susan Elliott,79,42,55,44,83,42,96,69,48,Entrepreneur
Christina Jimenez,91,98,48,47,63,91,44,42,89,Human Resource Specialist
Sarah Hall,57,87,68,59,51,68,93,65,81,Software Engineer
Phillip Torres,51,77,62,80,57,84,52,44,48,Software Engineer
Joshua Mendoza,92,84,45,93,53,46,85,77,43,Writer
Thomas Gilmore,75,61,54,66,49,68,80,77,78,Marketing Executive
Brian Greene,65,88,92,61,41,82,60,51,52,Data Scientist
Lorraine Conley,65,85,72,73,99,59,93,60,65,Entrepreneur
Yolanda Day,63,94,68,42,88,90,68,71,45,Entrepreneur
Travis Ball,83,94,60,63,51,60,96,79,57,Manager
Brett Bowen,83,80,53,45,74,98,94,86,73,Manager
Ashley Waller,66,44,77,91,79,74,48,68,46,Writer
Cassandra Scott,70,60,93,71,62,50,48,66,70,Financial Analyst
Shirley Hernandez,91,56,96,77,83,56,52,76,45,Entrepreneur
Mary Martinez,100,94,87,67,87,94,56,51,99,Data Scientist
Rhonda Mccoy,69,98,63,68,47,65,64,89,46,Teacher
Matthew Stewart,56,79,65,62,88,79,60,81,52,Entrepreneur
Cheryl Bryant,90,96,93,56,73,49,59,92,80,Data Scientist
Brianna Robinson,44,64,43,80,81,71,93,60,90,Entrepreneur
Joshua Brown,61,65,89,55,83,85,63,40,59,Entrepreneur
Brian Woodward,76,54,64,69,63,81,61,52,59,Teacher
Eric Mitchell,73,71,57,54,50,94,44,64,85,Software Engineer
Todd Vazquez,81,46,99,73,67,69,43,76,82,Financial Analyst
Anthony Morales,45,76,73,69,82,80,80,58,80,Entrepreneur
Linda Carlson,100,63,89,50,99,63,84,69,99,Entrepreneur
Robert Vasquez,91,83,71,45,48,79,69,99,73,Financial Analyst
Julia Hughes,69,97,42,85,50,42,90,98,91,Manager
Victoria Padilla,49,81,61,83,78,43,67,80,80,Software Engineer
David Moore,49,63,79,83,98,91,88,62,65,Entrepreneur
James Nelson,85,77,84,95,46,74,50,90,90,Data Scientist
Ronald Jones,66,78,44,81,85,54,64,55,81,Entrepreneur
Ivan Jimenez,47,94,58,46,49,66,87,69,72,Teacher
Lauren Barnes,78,74,79,77,74,69,99,85,51,Manager
Douglas Jones,97,81,94,70,85,51,67,78,93,Data Scientist
Elizabeth Coleman,58,56,98,68,53,57,89,58,77,Marketing Executive
Joshua Wilson,43,71,44,43,96,43,76,63,77,Entrepreneur
Ashley Brown,82,42,80,80,74,62,52,42,80,Financial Analyst
John Ford,96,67,80,93,55,44,62,61,86,Writer
Dawn Michael,63,68,43,90,68,89,81,76,99,Writer
Nicole Campbell,93,81,79,66,44,50,78,52,59,Marketing Executive
Scott Miller,50,96,85,59,77,100,92,40,66,Data Scientist
Kimberly Finley,64,91,81,72,83,51,42,44,81,Data Scientist
Jonathan Ruiz,44,48,75,81,54,68,68,68,47,Marketing Executive
Lisa Jimenez,79,74,54,73,49,42,100,41,88,Human Resource Specialist
Dr. Vickie Price,51,82,44,61,68,97,91,87,54,Manager
Brooke Wright,82,82,83,54,57,69,53,95,43,Data Scientist
Lisa Pruitt,81,95,84,86,50,72,51,92,92,Data Scientist
Renee Brooks,94,47,96,92,83,62,65,49,67,Writer
Whitney Rice,100,41,67,62,85,54,72,81,72,Entrepreneur
Rachael Lewis,58,100,42,88,91,40,49,48,42,Writer
Erica Garza,62,43,57,40,49,43,78,45,66,Teacher
Rose Davis,76,95,44,52,65,47,47,99,48,Software Engineer
Theresa Lewis,83,42,56,84,47,80,85,90,100,Manager
Christopher Adkins,49,68,83,68,61,78,96,98,63,Manager
Miguel Hudson,56,51,99,95,79,75,70,86,50,Writer
Hannah Baird,76,40,47,65,63,89,46,61,48,Marketing Executive
Cheryl Luna,46,68,71,82,67,87,68,90,75,Financial Analyst
Jeffrey Valdez,95,58,58,69,45,88,72,56,97,Human Resource Specialist
Alfred Hurley,63,73,91,76,95,44,64,68,49,Entrepreneur
Amy Randolph,89,92,57,94,60,46,43,48,56,Writer
Jacqueline Sheppard,82,65,55,84,46,52,51,89,70,Marketing Executive
Wendy Salazar,87,63,84,42,49,45,47,52,61,Marketing Executive
Stephen Ali,61,94,57,50,87,91,61,49,58,Entrepreneur
Terry Osborn,91,56,63,84,67,65,95,43,59,Financial Analyst
Morgan Mckenzie,59,56,99,97,67,95,64,65,88,Writer
Terry Howe,93,100,44,52,57,79,76,67,53,Marketing Executive
Amanda Hamilton,77,92,79,92,76,86,89,59,70,Writer
Robert Anderson,68,46,78,52,86,66,82,100,57,Manager
Anthony Rodriguez,50,43,91,50,47,66,67,89,81,Financial Analyst
Alan Ward,48,82,99,40,85,62,79,52,88,Data Scientist
Abigail Wright,40,99,44,45,66,100,58,90,80,Teacher
Evelyn Myers,96,42,45,78,77,57,43,72,51,Teacher
Hunter Garcia,69,58,82,80,78,69,87,43,84,Financial Analyst
Michael Mcdonald,100,70,64,44,95,96,67,51,80,Entrepreneur
Miss Jamie Lambert,63,97,70,45,93,51,75,81,78,Entrepreneur
Colton Pace,76,52,65,97,93,69,48,44,57,Writer
Stanley Bowman,83,96,46,58,80,44,40,43,45,Financial Analyst
Dale Turner,52,51,55,63,80,73,95,99,90,Manager
Tina Kelley,81,88,77,61,69,80,96,71,95,Human Resource Specialist
Rachael Silva,80,53,90,53,85,48,50,52,86,Entrepreneur
Curtis Morris,70,78,48,81,80,90,82,82,41,Manager
Wendy Parks,52,68,85,40,89,62,62,93,92,Entrepreneur
Christian Johns,80,82,48,92,43,69,43,63,95,Writer
Destiny Middleton,53,43,77,59,59,85,89,72,77,Marketing Executive
Lisa Baker,73,52,95,52,86,64,93,42,100,Entrepreneur
Fernando Mccall,87,100,82,91,53,71,62,40,90,Data Scientist
Adam Malone,66,59,80,61,81,98,52,62,54,Entrepreneur
Emily Graham,57,86,67,77,70,88,73,69,66,Financial Analyst
Jeffrey Norton,54,77,76,50,83,46,81,87,98,Manager
Andrea Harper,90,54,55,85,62,40,48,83,98,Human Resource Specialist
Rachel Gardner,60,92,89,97,95,80,89,59,95,Data Scientist
Tracy Johnson,52,65,42,59,91,75,41,66,100,Entrepreneur
Juan Johnson,41,96,64,98,66,81,64,74,55,Writer
Lisa Thompson,86,40,40,69,41,79,61,58,58,Software Engineer
Jeffrey Gay MD,95,54,54,63,68,40,56,66,86,Human Resource Specialist
Daniel Parker Jr.,80,99,59,92,55,69,88,88,41,Writer
Jason Hayes,94,69,54,50,62,48,60,81,49,Financial Analyst
Daniel Lloyd,48,45,66,43,99,56,99,43,74,Entrepreneur
Isaac Jackson,78,40,96,67,92,56,96,41,46,Entrepreneur
Kimberly Peterson,60,51,86,80,57,53,59,84,100,Human Resource Specialist
Julie Johnson,84,80,86,99,56,66,75,40,42,Data Scientist
Andrew Hall,57,46,71,41,93,43,96,58,67,Entrepreneur
Angela Potts,63,76,75,59,88,63,43,46,71,Entrepreneur
Christopher Nunez,54,100,41,57,42,65,67,57,55,Software Engineer
Cathy Moreno,94,81,75,75,59,66,58,66,93,Human Resource Specialist
Leonard Maddox,64,84,46,48,75,44,76,89,96,Human Resource Specialist
Lindsey Kramer,67,60,72,48,49,85,53,94,71,Marketing Executive
Jasmine Harris,73,65,95,79,64,87,45,91,69,Marketing Executive
Kevin Sharp,97,62,81,68,91,50,80,46,100,Entrepreneur
Anthony Tyler,75,82,92,81,90,92,57,56,46,Data Scientist
Elaine Sherman,42,100,82,60,86,55,53,76,89,Data Scientist
Carrie Malone,85,73,54,78,59,66,94,85,76,Manager
Molly Petersen,46,48,82,93,63,64,67,66,64,Writer
Joel Taylor,68,78,56,90,93,82,67,75,43,Writer
Deborah Castillo,70,66,71,42,69,56,73,66,70,Financial Analyst
Matthew Barajas,59,44,41,86,87,58,71,46,60,Writer
Kathryn Obrien,54,54,44,99,91,83,59,96,45,Writer
Michael Maxwell,55,80,54,78,63,49,60,86,68,Marketing Executive
Alex Thompson,87,81,49,90,100,45,79,86,50,Writer
Erica Gregory,56,55,86,75,80,60,48,67,99,Human Resource Specialist
Robert Thompson,91,64,42,40,76,74,75,97,44,Teacher
Howard Castillo,85,58,70,51,44,78,66,58,54,Financial Analyst
Veronica Sexton,58,89,62,96,69,98,91,42,73,Writer
Christopher Wilson,51,88,72,85,43,97,64,57,69,Teacher
Steven Clark,86,89,72,44,91,58,51,57,84,Entrepreneur
Nathan Ramirez,72,47,80,85,77,40,92,74,88,Human Resource Specialist
Judy Fisher,84,49,47,64,52,59,64,91,80,Financial Analyst
Roger Rodriguez,92,74,56,47,88,90,76,95,53,Entrepreneur
Corey Molina,88,63,69,45,58,98,82,59,74,Marketing Executive
Dean Nguyen,73,73,89,100,91,96,89,47,88,Writer
Morgan Holland,71,79,96,43,64,46,85,95,62,Data Scientist
Katherine Scott,78,43,42,83,71,93,57,55,47,Marketing Executive
Timothy Callahan,68,96,73,75,83,98,46,57,44,Entrepreneur
Kyle Powell,60,97,85,81,59,85,73,74,65,Data Scientist
Teresa Crane,42,64,67,68,86,92,80,99,71,Entrepreneur
Wanda Williams,54,87,60,95,77,95,50,55,55,Writer
Michelle Gonzales,88,92,90,99,72,57,70,60,56,Data Scientist
Aaron Jackson,61,41,94,80,75,63,59,59,73,Marketing Executive
Stephen Hughes,87,48,56,67,81,78,85,90,78,Manager
Lynn Walker,53,81,51,64,82,84,66,89,85,Entrepreneur
Ashley Harrington,63,71,40,94,46,77,40,96,40,Writer
William Dawson,54,75,100,97,87,43,98,96,49,Writer
Jessica Hughes,48,53,99,49,61,85,89,69,86,Human Resource Specialist
Phillip Johnson,62,40,81,70,53,61,48,59,44,Financial Analyst
Kelly Oliver,50,76,71,77,79,40,54,57,56,Marketing Executive
Monica Smith,77,55,43,62,64,52,77,77,93,Human Resource Specialist
Stacy Gomez,58,91,76,43,87,85,50,51,90,Entrepreneur
Justin Sanders,69,73,42,86,68,78,84,68,99,Writer
Rose Perkins,80,47,93,43,41,88,60,63,55,Marketing Executive
Michael Pitts,61,61,43,64,43,63,70,84,61,Software Engineer
Christina Thompson,45,59,85,62,72,52,60,47,61,Marketing Executive
Cheryl Martinez,87,69,52,83,99,64,49,87,67,Entrepreneur
Brett Rosario,48,53,52,74,83,86,76,88,65,Entrepreneur
Christine Crawford,81,93,53,76,100,83,49,64,69,Entrepreneur
Mrs. Linda Wolfe DVM,85,72,56,61,46,53,42,62,59,Financial Analyst
Michael Hancock,82,59,90,99,97,49,68,75,88,Writer
Joseph Price,62,100,100,71,67,72,58,94,72,Data Scientist
Justin Franco,64,71,89,76,46,94,86,63,77,Software Engineer
Mr. Glen Byrd Jr.,43,47,48,90,57,58,53,69,68,Writer
Laura Barnes,89,61,86,41,50,50,85,97,64,Manager
Kyle Carter,68,57,62,95,49,73,88,69,50,Writer
Sandra Tanner,41,50,64,95,45,62,63,100,69,Writer
Cynthia Spencer,40,83,49,62,42,93,64,69,42,Software Engineer
Oscar Anderson,88,78,84,63,52,83,94,73,97,Data Scientist
Margaret Brock,67,46,51,55,46,96,44,60,45,Teacher
Danny Gilmore,80,94,43,41,92,66,64,43,70,Entrepreneur
Lisa Flores,54,100,85,54,98,49,71,82,93,Data Scientist
David Smith,42,51,51,55,73,64,96,86,63,Manager
Kyle Burke,55,46,90,78,46,92,57,69,64,Teacher
James Mack,49,78,43,49,62,45,91,92,51,Manager
Tracy Hall PhD,76,48,47,49,45,54,90,88,64,Manager
Zoe Mendoza,58,55,58,57,98,97,65,54,80,Entrepreneur
Henry Hammond,71,57,84,82,80,43,92,51,55,Software Engineer
Rachel Taylor,70,59,50,92,48,48,83,63,80,Writer
Michael Garcia,50,96,77,58,56,55,68,79,67,Marketing Executive
Jennifer Wilkerson,95,60,57,95,88,68,40,60,58,Writer
James Evans,70,50,95,97,60,54,66,76,46,Writer
Terry Nixon,52,66,73,45,92,89,56,79,60,Entrepreneur
Jill Vargas,99,58,42,95,93,64,77,57,100,Writer
Benjamin Brown,76,93,59,59,98,97,70,44,69,Entrepreneur
Daniel Ortega,65,72,86,70,74,92,45,55,81,Teacher
Marco Munoz,42,52,49,93,56,47,81,94,62,Writer
Hailey Martin,63,83,74,62,82,43,57,88,53,Entrepreneur
Patrick Perkins,56,41,51,65,88,87,54,79,58,Entrepreneur
Teresa Kramer,84,53,98,49,87,87,52,55,78,Entrepreneur
Nathan Barnett,69,100,56,55,55,93,95,63,75,Financial Analyst
Spencer Schneider,53,46,86,63,92,46,62,58,51,Entrepreneur
Eric Townsend,53,59,49,62,93,49,78,95,57,Entrepreneur
Casey Miller,46,73,83,95,90,65,71,55,100,Writer
Nathan Howell,79,100,43,98,85,79,72,83,48,Writer
Riley Clark,43,88,48,92,62,69,86,57,40,Writer
Terry Baker,77,60,97,99,99,75,75,51,96,Writer
Joshua Harper,96,90,63,68,98,76,67,75,86,Entrepreneur
Brandon Herman,85,44,46,61,62,80,54,74,78,Software Engineer
Carrie Harris,98,99,94,85,68,73,79,92,59,Data Scientist
Alexis Smith,90,45,52,94,44,45,94,44,78,Writer
Gregory Castaneda,74,55,69,88,100,77,89,98,94,Writer
Rhonda Miller,100,53,59,40,51,69,89,97,83,Manager
Jack Herring,88,42,45,69,59,54,54,73,79,Marketing Executive
Jeremy Huff,63,71,81,79,93,62,80,80,84,Entrepreneur
Adam Thompson,95,49,64,79,98,50,90,95,95,Manager
John Mclean,78,97,45,87,41,94,42,85,87,Writer
Stacy Reed,81,47,62,51,74,82,54,68,46,Marketing Executive
James Keller,59,66,51,53,54,49,88,43,89,Human Resource Specialist
Mary Brown,54,59,58,57,74,89,91,52,83,Marketing Executive
Stacey James,53,87,56,41,68,84,88,84,57,Manager
Janice Cox,97,45,40,91,81,61,54,68,96,Writer
Kevin Hayden,81,74,86,92,80,75,94,74,74,Writer
Brianna Jordan,61,91,76,81,82,46,86,58,53,Entrepreneur
Christina Evans,75,99,72,65,100,78,90,64,45,Entrepreneur
Brandi Scott,83,49,84,46,74,69,73,83,57,Financial Analyst
Andrew Gonzalez,44,60,94,98,65,59,68,78,64,Writer
Eric Massey,71,86,74,100,95,100,46,87,74,Writer
Andrea Hayes,73,72,43,91,65,99,70,87,84,Writer
Amanda Jones,97,91,84,76,73,83,98,91,87,Data Scientist
Kelli Ruiz MD,73,66,67,69,87,75,90,65,83,Entrepreneur
Robert Fernandez,42,89,64,62,84,84,82,80,40,Manager
Steven Reeves,62,92,67,80,40,93,69,68,100,Human Resource Specialist
David Branch,52,65,95,72,73,93,56,99,56,Teacher
Eric Reyes,77,77,99,97,89,73,89,43,45,Data Scientist
Scott Cummings,93,59,94,86,46,75,58,41,47,Writer
Andrea Carpenter,44,40,58,71,46,85,77,78,84,Marketing Executive
Heather Williams,96,90,45,51,73,76,49,47,64,Financial Analyst
Michelle Vance,84,85,47,53,90,68,86,70,77,Entrepreneur
Jocelyn Kelley,86,59,77,40,51,48,46,63,100,Human Resource Specialist
Breanna Dunn,54,85,61,48,90,89,78,94,65,Entrepreneur
Krista Reese,67,83,81,90,53,44,83,97,43,Data Scientist
Madison Schmidt,63,41,49,83,47,61,70,82,56,Financial Analyst
Julie Graham,73,52,71,68,76,78,78,75,89,Human Resource Specialist
Amy Sloan,62,80,53,48,100,64,53,45,49,Entrepreneur
Timothy Abbott,47,100,98,99,72,69,61,100,92,Data Scientist
Katherine Ramirez,91,60,50,90,61,75,60,84,79,Writer
Mark Santos,71,52,53,98,42,67,84,76,66,Writer
Michael Garza,76,88,97,40,89,99,70,92,75,Data Scientist
Tracy Martinez,84,72,92,68,45,58,71,73,49,Teacher
David Jordan,48,87,69,61,90,89,66,49,84,Entrepreneur
Douglas Love,54,50,74,87,42,67,63,72,83,Writer
Nathaniel Romero,48,88,95,61,97,80,93,88,56,Data Scientist
Brandon Simon,73,56,82,40,41,71,52,49,53,Financial Analyst
Micheal Martin,70,81,82,72,62,93,72,90,65,Data Scientist
William Castillo,88,59,62,72,71,76,82,51,85,Software Engineer
Melissa Williams,53,90,100,95,59,75,90,81,56,Data Scientist
Amy Lopez,80,98,49,71,74,41,98,59,75,Software Engineer
Drew Morrison,73,47,46,81,58,48,64,67,59,Software Engineer
Marcus Jones,69,49,48,74,80,63,66,50,60,Teacher
Cassie Mcgee,70,85,73,57,69,51,99,60,59,Software Engineer
Gabriela Benjamin,69,89,87,81,76,52,76,55,99,Data Scientist
Sarah Peterson,55,75,58,96,82,51,91,86,51,Writer
Alejandro Baker,90,73,47,53,72,40,74,97,73,Financial Analyst
Christina Baldwin,60,72,46,67,75,81,44,99,85,Software Engineer
Sara Hanna,57,66,63,64,95,62,100,84,99,Manager
Christian Page,95,84,91,42,67,70,52,47,65,Data Scientist
Jordan Riley,87,75,55,59,49,67,41,71,52,Financial Analyst
Robert Sullivan,67,76,40,87,77,45,55,40,62,Writer
Holly Lopez,62,97,56,62,42,59,41,59,68,Teacher
Angela Hobbs,63,95,82,44,100,97,100,56,65,Data Scientist
Jeremy Perez,71,67,87,80,47,74,75,90,98,Human Resource Specialist
Patrick Robertson,50,90,84,93,61,57,65,97,79,Data Scientist
Sara Dodson,40,83,78,65,82,75,49,96,84,Entrepreneur
Joseph Marks,72,98,49,62,49,64,92,51,45,Teacher
Shannon Marks,72,58,40,73,93,67,73,56,85,Entrepreneur
Frank Lester,99,62,97,82,56,60,98,91,53,Manager
Timothy Hester,46,62,50,99,76,51,98,90,40,Writer
Mr. Derrick Mahoney,64,57,98,95,85,52,50,73,82,Writer
Gary Carrillo DVM,58,72,47,85,59,69,73,94,97,Human Resource Specialist
Joanna Coleman,71,83,90,90,90,63,40,72,83,Data Scientist
Krystal Bowman,95,62,94,71,86,82,84,81,42,Manager
Kayla Rich,52,42,60,50,58,81,42,76,78,Marketing Executive
Pamela Swanson,58,49,75,70,82,67,84,87,66,Manager
Ana Olson,66,90,71,88,72,92,95,73,73,Writer
Dawn Moody,43,77,61,96,100,82,62,75,63,Writer
Theodore Jones,64,59,68,74,77,67,40,41,95,Human Resource Specialist
Kelly Ortega,54,55,79,68,55,97,71,42,46,Financial Analyst
Christine Porter,91,68,62,65,51,98,68,62,84,Marketing Executive
Kevin Ayala,60,88,60,87,49,93,99,40,50,Writer
Megan Henderson,96,63,44,62,42,67,76,87,77,Teacher
Brandon Avery,73,77,96,88,49,55,94,69,67,Data Scientist
Calvin Kelly,61,40,47,74,54,52,65,91,72,Marketing Executive
Anthony Cole,53,64,95,66,87,66,87,58,46,Entrepreneur
Brian Bailey,43,62,83,97,62,99,85,44,85,Writer
Renee Garcia,45,55,60,44,48,61,81,60,68,Software Engineer
Joseph Logan DVM,78,67,94,76,72,58,46,71,86,Human Resource Specialist
Christina Ruiz,61,73,89,53,60,41,55,52,94,Human Resource Specialist
Barbara Farrell,83,94,54,90,85,85,56,92,79,Writer
Gregory Sosa,89,49,62,75,42,97,63,75,94,Human Resource Specialist
Kenneth Ross,68,57,72,46,65,45,90,97,48,Manager
Courtney Le,84,98,99,83,74,41,79,69,41,Data Scientist
David James,85,41,82,98,85,62,41,55,64,Writer
Nicholas Mcgrath,60,94,74,72,64,78,86,43,60,Marketing Executive
Lee Hernandez,54,92,45,91,55,71,70,73,56,Writer
Roger Jackson,81,81,52,92,62,99,41,62,66,Writer
Cindy Mercer,69,90,51,56,85,91,61,42,90,Entrepreneur
Cindy Foley,98,50,69,71,95,87,80,81,70,Entrepreneur
Cory Houston,94,89,47,83,65,71,69,98,60,Software Engineer
Brian Arnold,90,100,77,65,99,77,69,45,41,Entrepreneur
Nicholas Hanson,71,53,82,61,51,74,40,80,73,Financial Analyst
Laura Lee,62,85,64,97,94,57,46,77,90,Writer
Krista Contreras,92,67,93,52,46,100,69,42,91,Human Resource Specialist
Harry Thornton,92,82,56,97,83,66,74,54,40,Writer
Tanya Johnson,49,44,61,64,99,66,98,48,68,Entrepreneur
Brittany Smith,48,49,58,50,49,77,85,89,52,Manager
Ronald Johnson,89,79,64,46,47,54,82,54,89,Human Resource Specialist
Donna Thomas MD,77,61,81,58,69,83,45,76,94,Human Resource Specialist
Sean Johnson,96,72,94,70,68,49,100,99,49,Manager
Amber Walker,41,89,54,65,52,66,64,59,65,Marketing Executive
Mrs. Allison Edwards,93,75,47,97,76,62,51,67,70,Writer
Amber Lee,56,97,53,56,55,66,80,98,45,Financial Analyst
John Andrews,51,91,66,80,58,69,96,78,73,Manager
Gabriela Turner,52,80,46,55,80,89,66,47,99,Human Resource Specialist
Lisa Duffy,50,90,99,86,47,61,80,88,77,Data Scientist
Troy Hill,80,71,92,69,67,77,49,42,100,Human Resource Specialist
Noah Schmidt,80,94,86,53,51,61,83,54,90,Data Scientist
Cory Hart,92,88,96,90,59,89,62,98,52,Data Scientist
Heidi Dunlap,84,45,69,100,59,92,46,89,95,Writer
Tim Powell,95,61,77,54,77,67,73,64,78,Teacher
Kelly Reilly,78,87,43,57,75,40,96,82,75,Manager
Emily Ward,87,45,85,96,81,93,46,58,51,Writer
Kyle Page,68,95,64,47,75,46,61,58,78,Marketing Executive
Timothy Moreno,89,98,70,98,67,46,66,48,95,Writer
Jesse Lee,80,83,70,61,76,63,78,51,83,Marketing Executive
Thomas Lee,52,48,96,75,86,97,58,84,44,Entrepreneur
Lisa Leon,73,82,75,65,85,56,80,55,40,Entrepreneur
Diana Tucker,50,99,71,66,88,100,83,91,72,Manager
Samantha Neal,94,92,53,66,70,100,74,62,96,Human Resource Specialist
James Pierce,69,99,81,89,78,93,64,97,65,Data Scientist
Donna Jordan,95,80,47,95,70,83,52,83,46,Writer
Autumn Williams,45,88,56,71,40,67,47,72,57,Software Engineer
April Warner,63,61,90,86,74,70,42,43,94,Writer
Brian Miller,61,75,47,40,55,84,95,46,85,Financial Analyst
James Morgan,85,66,59,76,81,61,60,92,52,Entrepreneur
Nicholas Hogan,98,65,81,67,41,78,43,61,71,Marketing Executive
Calvin Smith,97,79,55,40,57,40,89,46,87,Human Resource Specialist
Benjamin Fisher,93,89,85,90,63,75,66,89,98,Data Scientist
Tamara Smith,40,92,78,42,65,78,85,100,90,Manager
Jessica Hansen,66,58,72,67,91,47,77,86,75,Entrepreneur
Roberto Cook,54,98,41,81,80,59,65,72,45,Financial Analyst
Robert Lewis,41,55,87,68,85,47,86,96,59,Manager
Mr. Thomas Edwards,58,56,86,43,92,54,40,86,45,Entrepreneur
Erica Shepherd,79,65,91,53,85,76,77,51,98,Entrepreneur
Martin Davis,70,59,65,93,48,76,55,91,46,Writer
Jesus Walker,59,100,74,40,52,46,82,69,83,Software Engineer
Tyrone Stanley,80,56,48,86,42,66,58,82,54,Writer
Michelle Gray,92,57,43,50,47,96,84,59,63,Teacher
Victoria Allen,89,88,40,85,49,67,49,61,72,Software Engineer
Jeffrey Williams,78,44,69,66,76,55,77,50,55,Software Engineer
Paul Klein,41,48,63,47,43,66,43,74,62,Marketing Executive
David Johnson,43,83,75,82,71,47,65,97,90,Human Resource Specialist
Kevin Watson,74,82,47,78,55,94,51,79,90,Human Resource Specialist
Ralph Parrish,66,95,69,89,44,47,64,40,67,Writer
Gregory Jones,62,55,51,91,94,74,45,62,52,Writer
Stephanie Cook,100,77,91,48,95,60,50,56,58,Data Scientist
Dr. Cassandra Morton DDS,51,64,80,41,49,67,76,71,85,Teacher
William Brooks,74,76,72,51,77,44,70,66,70,Software Engineer
Connie Brown,60,82,70,77,72,73,85,42,54,Financial Analyst
Melissa Ruiz,84,64,43,81,48,88,50,68,59,Financial Analyst
Vanessa Morales,63,40,56,83,70,44,80,56,45,Software Engineer
Crystal Gomez,69,84,67,68,70,82,73,94,60,Software Engineer
Edward Chapman,75,58,67,46,76,91,60,76,58,Teacher
Michael Turner,56,100,41,64,78,96,90,95,77,Manager
Marcus Bailey,55,73,96,40,56,91,83,83,57,Manager
Sean Morris,47,41,81,41,42,43,84,41,42,Financial Analyst
Brenda Reynolds,87,72,96,89,82,82,75,51,83,Writer
Nicolas Griffith,52,47,99,74,57,76,40,87,42,Software Engineer
Abigail Schmidt,81,82,74,58,45,41,51,83,98,Human Resource Specialist
John Rubio,40,75,59,65,80,82,90,84,58,Manager
Tom Carlson,57,50,84,91,60,84,65,79,89,Writer
Jessica Olson,67,98,54,85,48,62,80,59,85,Financial Analyst
Kelly Allen,43,48,96,85,94,82,73,42,70,Entrepreneur
Roger Austin,74,44,46,56,100,84,100,43,70,Entrepreneur
David Tate Jr.,83,59,97,85,93,82,80,89,81,Entrepreneur
William Mcintosh,84,73,56,46,71,84,74,63,72,Teacher
Clayton Bailey,64,49,75,40,71,44,42,94,85,Financial Analyst
Elizabeth Dodson,70,80,73,42,89,55,94,61,94,Entrepreneur
Nathan Gonzales,83,48,41,79,73,68,58,42,46,Marketing Executive
Abigail Baxter,55,49,86,73,85,89,60,53,49,Entrepreneur
Roberto Golden,44,47,51,53,69,42,100,58,52,Teacher
Scott Welch,83,52,85,96,89,99,48,93,67,Writer
Michael Martin,76,68,64,98,89,96,69,58,43,Writer
Danielle James,85,89,73,79,59,46,91,51,88,Human Resource Specialist
Patrick Hall,42,91,49,52,40,84,85,75,95,Human Resource Specialist
Lauren Stephens,46,51,46,95,53,72,64,88,45,Writer
William Burns,65,40,59,89,80,80,75,86,47,Writer
Penny Liu,56,94,70,68,89,66,66,42,55,Entrepreneur
Denise Hernandez,70,52,58,99,80,73,45,73,66,Writer
Marvin Johnson,97,44,97,46,96,70,97,49,89,Entrepreneur
Erin Ayers,96,45,85,52,95,54,72,94,85,Entrepreneur
Daniel Nelson,94,43,82,94,100,41,89,84,41,Writer
Derek Watkins,72,94,83,74,94,73,97,97,96,Data Scientist
Darren Tucker,98,88,81,51,81,78,45,84,92,Data Scientist
Chad Pearson,99,70,55,52,58,40,78,86,91,Human Resource Specialist
Carly Douglas,57,62,54,44,79,74,60,86,80,Financial Analyst
Andrew Brown,79,40,49,82,66,65,40,84,91,Human Resource Specialist
Lauren Reid DDS,75,75,82,57,47,50,48,48,58,Financial Analyst
Alexander Dorsey,48,82,56,79,98,77,91,83,62,Manager
Douglas Weaver,56,41,59,78,85,95,63,96,74,Entrepreneur
Monique Moore,45,79,40,65,44,79,83,58,100,Human Resource Specialist
Derrick Wilson,77,76,52,60,85,62,73,56,89,Entrepreneur
Theresa Shelton,43,46,61,51,48,95,45,71,64,Financial Analyst
Mike Skinner,49,67,65,43,91,70,70,83,46,Entrepreneur
Ronald Donovan,63,40,73,80,69,87,40,58,63,Teacher
Pamela Holloway,47,99,64,47,55,65,62,69,78,Software Engineer
Ashley Beck,67,68,43,45,40,66,74,81,67,Teacher
Sally Rowland,98,65,82,73,99,76,95,96,85,Manager
Nancy Villanueva,55,89,97,91,86,71,78,47,55,Data Scientist
Joshua Cole,71,77,51,75,61,72,79,86,47,Financial Analyst
Darin Smith,51,40,64,87,81,47,54,66,78,Writer
Jordan Anderson,69,91,49,82,86,66,97,40,83,Entrepreneur
William Smith,58,40,90,88,64,91,75,55,56,Writer
Aaron Sutton,82,63,72,68,71,70,67,61,94,Human Resource Specialist
Laura Jones,40,67,50,42,87,54,64,70,71,Entrepreneur
Amber Fisher,74,74,97,73,92,54,73,77,93,Entrepreneur
Jason Smith,40,52,60,86,92,49,55,80,75,Writer
Rebecca Castillo,56,52,90,79,100,43,90,46,95,Entrepreneur
Sean Ross,91,42,63,51,82,92,62,48,73,Entrepreneur
Raymond Anderson,82,73,96,46,74,86,95,46,83,Marketing Executive
Stacey Mann,47,40,90,81,89,77,82,91,85,Manager
Brent Kelley,72,54,79,92,51,48,70,80,93,Writer
Victoria Garcia,56,55,55,68,82,58,99,80,83,Manager
Steven Carlson,47,92,82,66,89,70,87,49,72,Data Scientist
Francis Chavez,86,88,50,90,51,52,44,72,58,Writer
Katherine Willis,96,59,41,88,65,73,52,83,52,Writer
Savannah Smith MD,58,46,52,59,77,80,47,89,56,Software Engineer
James Hebert,93,96,78,88,100,64,73,86,57,Writer
Travis Richardson,77,83,81,66,73,51,90,66,88,Data Scientist
Francisco Pratt,91,52,45,57,69,50,87,95,83,Manager
Sean Norton,49,54,43,86,83,58,88,79,94,Writer
Alice Richard,47,58,62,72,72,64,81,47,75,Software Engineer
Shane Roberts,49,95,51,42,49,42,69,66,79,Marketing Executive
Nicole Allen,56,53,71,63,65,73,63,84,90,Human Resource Specialist
William Mcdaniel,93,48,72,81,68,87,90,83,71,Manager
Robert Cooper,97,90,48,93,85,98,74,40,51,Writer
Christopher Deleon,51,88,55,82,50,57,41,63,96,Human Resource Specialist
Casey Church,49,66,72,65,73,41,94,98,100,Manager
Anthony Hall,60,59,96,84,90,41,49,68,73,Entrepreneur
Alicia Love,75,78,75,64,65,52,66,60,71,Teacher
Kevin Dominguez,80,79,67,71,49,42,100,68,75,Teacher
Thomas Guzman,47,92,41,51,77,88,87,74,64,Financial Analyst
Christina Suarez,42,92,67,44,76,75,67,82,83,Software Engineer
Melanie Allen,62,56,89,44,69,79,54,40,74,Software Engineer
James Stevens,59,76,40,86,71,78,87,41,81,Writer
Randy Sanders,55,51,79,95,40,45,60,73,78,Writer
Hannah Wallace,41,68,49,85,60,96,60,95,74,Financial Analyst
Sharon Bryant,76,41,72,65,95,71,68,88,73,Entrepreneur
Nicholas Sullivan,100,82,91,54,65,88,46,94,90,Data Scientist
Cindy Montoya,100,55,41,96,84,62,69,64,44,Writer
Amanda Sellers,61,76,68,44,44,89,82,59,92,Human Resource Specialist
Michael Arnold,48,96,44,91,46,76,47,61,43,Writer
Alan Jones,79,82,94,81,83,95,71,81,69,Data Scientist
Manuel Williams,60,57,70,91,40,78,44,78,98,Writer
Andrea Neal,89,62,92,89,84,83,71,70,77,Writer
Julie Hobbs,61,95,62,70,72,95,79,56,82,Marketing Executive
Philip Parrish,85,70,64,67,72,100,54,45,46,Marketing Executive
Barbara Morgan,47,48,71,86,78,41,73,74,67,Writer
Jacob Clark,94,60,61,98,96,85,52,96,50,Writer
Mark Wilkinson,83,78,85,52,86,41,67,89,87,Data Scientist
Stacy Orozco,91,69,88,94,92,53,60,66,49,Writer
Shawn Gutierrez,90,63,76,89,93,63,70,91,58,Writer
Michael Ramos MD,70,100,97,40,43,85,90,61,93,Data Scientist
Javier Church,73,69,51,47,99,97,60,47,47,Entrepreneur
Adam Martinez,68,71,46,72,54,82,74,95,65,Teacher
Donald Webb,83,54,89,76,94,60,69,100,54,Entrepreneur
Walter Douglas,98,44,71,61,40,65,74,68,91,Human Resource Specialist
Danielle Campbell DDS,53,80,98,58,45,51,45,52,41,Data Scientist
Douglas Reed,64,41,99,65,62,65,73,80,89,Human Resource Specialist
Andrea Flynn,50,72,69,65,72,54,88,75,52,Financial Analyst
Jessica Garza,95,84,74,51,75,47,69,51,47,Financial Analyst
Julia Jones,50,63,100,90,76,77,58,94,81,Writer
Michelle Johnson,83,40,49,43,77,89,53,93,91,Human Resource Specialist
Juan Coffey,67,51,85,96,82,90,82,71,93,Writer
Linda Wood,65,81,79,46,49,92,83,77,44,Manager
Joshua Goodwin,75,65,74,51,68,73,77,82,90,Human Resource Specialist
Michelle Hill,82,78,93,47,68,94,97,76,79,Data Scientist
John Watkins,83,64,89,89,50,58,63,74,93,Writer
Craig Robinson,65,83,78,72,79,75,84,90,73,Manager
Barbara Benitez,61,98,58,57,51,99,59,79,69,Financial Analyst
Mrs. Jamie Rodriguez MD,54,63,58,75,83,40,69,98,53,Entrepreneur
Jo Hansen,79,53,54,79,53,51,58,96,96,Human Resource Specialist
Jessica Brown,85,73,96,48,52,75,78,89,94,Human Resource Specialist
Lori Larsen,87,92,66,63,88,49,89,83,88,Manager
Sarah Houston,96,61,53,85,78,76,98,64,75,Financial Analyst
Gregory Howell,56,58,76,97,43,72,44,68,88,Writer
Daniel Mcdaniel,75,59,93,69,80,56,64,98,44,Teacher
Stacey Carr,67,98,99,68,69,52,86,86,54,Data Scientist
Chelsea Ruiz,45,83,93,77,41,77,91,84,57,Data Scientist
Kaitlyn Cannon,58,52,100,78,59,81,42,96,58,Financial Analyst
Danielle Ward,92,89,67,63,73,99,89,81,84,Manager
Kenneth Ray,75,71,51,41,58,41,83,47,74,Software Engineer
Laura Mitchell,58,57,64,69,66,74,85,60,85,Teacher
Jamie Wheeler,95,94,69,47,60,49,40,76,83,Teacher
Christopher Lee,62,55,66,83,68,62,100,76,72,Manager
Joshua Schmidt,85,66,100,83,59,91,68,87,68,Financial Analyst
Ryan Lewis,92,81,82,91,72,85,47,71,85,Data Scientist
Beth Lynch,70,70,65,65,91,69,64,95,78,Entrepreneur
Pamela Sherman,72,65,85,96,84,78,52,77,40,Writer
Andrew Compton,51,79,52,79,90,55,57,65,86,Entrepreneur
Stuart Rogers,85,86,59,63,81,60,48,88,51,Entrepreneur
Scott Roberts,99,71,46,88,78,45,51,53,79,Writer
James Washington,85,79,68,81,49,64,41,74,86,Human Resource Specialist
Jack Hill,70,91,78,65,41,43,51,67,95,Human Resource Specialist
Holly Chase,58,63,99,49,41,74,51,82,57,Financial Analyst
Timothy Mitchell,60,58,75,61,46,65,91,70,47,Software Engineer
Angela Whitaker,100,78,47,62,96,93,89,68,84,Entrepreneur
Rebecca Hood,88,80,56,87,45,90,63,79,40,Writer
Misty Dougherty,89,89,86,50,41,64,94,92,90,Data Scientist
Amy Bond,65,53,83,47,75,98,84,58,52,Software Engineer
Laurie Wolfe,95,61,81,95,73,49,41,86,61,Writer
Andrew Best,51,87,94,90,78,78,62,66,93,Data Scientist
Christine Kirk,41,52,42,52,69,55,79,44,83,Marketing Executive
Jennifer Wright,64,75,61,94,98,52,92,76,85,Writer
Douglas Beasley,72,48,46,64,59,77,66,59,69,Marketing Executive
John Torres,73,60,97,60,85,93,96,48,68,Entrepreneur
Savannah Blake,74,81,84,85,43,72,59,96,83,Data Scientist
Tracy Richard DDS,89,41,81,46,66,96,73,45,98,Human Resource Specialist
Amanda Gomez,56,75,47,83,87,52,87,54,93,Entrepreneur
Terry Walker,93,83,97,43,87,61,61,76,54,Data Scientist
Brittany Morris,57,76,56,98,46,56,51,55,79,Writer
James Ward,100,48,68,79,94,86,75,58,49,Entrepreneur
James Drake,78,46,81,83,65,61,74,94,70,Marketing Executive
Erica Garcia,66,55,81,56,93,44,66,49,67,Entrepreneur
Christopher Atkins,42,45,55,55,88,68,94,80,87,Manager
Maurice Mathis MD,45,69,99,78,49,80,93,88,77,Manager
Jeffery Horne,70,92,63,76,94,69,76,45,63,Entrepreneur
Cynthia White,89,74,54,46,46,53,87,78,82,Manager
David Randolph,63,53,95,42,80,75,60,86,86,Human Resource Specialist
Matthew Berry,99,66,55,90,55,72,85,77,45,Writer
Ashlee Palmer,46,73,58,75,49,84,76,85,50,Marketing Executive
Tina Weaver,47,68,91,74,57,63,48,49,45,Software Engineer
Rachel Smith,81,41,61,99,60,63,43,67,78,Writer
Alicia Howard,75,56,53,87,91,65,45,49,61,Writer
Dr. William Martin,67,64,64,59,49,94,85,48,52,Software Engineer
Lisa Davis,90,93,98,79,83,40,74,78,76,Data Scientist
Stephanie Smith,51,65,69,79,99,67,51,52,79,Entrepreneur
William Moore,46,81,43,90,73,73,71,44,70,Writer
Wendy Fisher,51,89,56,63,65,93,43,51,75,Teacher
Joseph Sparks,46,96,46,58,98,95,90,64,98,Entrepreneur
Monique Wiggins,90,51,85,62,82,43,79,51,66,Entrepreneur
Dawn Parker,62,48,60,57,77,97,64,43,82,Financial Analyst
Monique Estrada,61,49,46,50,90,82,52,52,47,Entrepreneur
Daniel Campbell,47,97,56,98,46,41,78,70,65,Writer
Noah King,67,93,60,83,94,88,66,51,78,Entrepreneur
Justin Grant,84,85,80,71,52,81,86,88,54,Manager
Joel Diaz,94,65,55,68,86,55,85,96,58,Manager
Michael King,66,71,88,46,67,48,45,63,77,Teacher
Elizabeth Jones,60,84,42,69,70,49,52,54,43,Software Engineer
Grace Williamson,80,95,42,45,59,97,76,48,62,Software Engineer
Susan Valenzuela,59,44,51,91,91,76,55,89,85,Writer
William King,77,99,90,88,92,44,66,50,49,Data Scientist
Tricia Booker,74,88,78,77,44,78,88,72,81,Marketing Executive
Glen Mendez,88,61,91,68,42,99,56,73,58,Financial Analyst
Patricia Fuentes,71,54,100,59,100,81,73,70,50,Entrepreneur
Kim Walker,76,93,90,42,70,76,99,74,63,Data Scientist
Jessica Knight,57,53,100,91,91,52,60,77,49,Writer
Jaime Carter,53,43,46,40,90,51,84,85,91,Manager
Brian Jackson,80,57,53,45,56,41,88,55,66,Marketing Executive
Danielle Gibson,70,95,98,89,61,86,46,85,100,Data Scientist
Joshua Garza,56,51,73,51,53,49,54,73,77,Software Engineer
Paul Kelley,50,55,96,74,53,53,71,83,89,Human Resource Specialist
Alexa Simmons,60,63,77,77,41,97,69,46,95,Human Resource Specialist
Megan Gray,91,70,49,94,84,85,94,56,96,Writer
Jennifer Andrews,44,87,86,60,40,79,53,69,52,Data Scientist
Ricardo Clark,68,68,80,90,86,76,89,61,99,Writer
Nicholas Jones,48,63,44,64,87,94,72,82,90,Entrepreneur
Patricia Ryan,53,59,70,77,80,86,93,90,40,Manager
David Adkins,58,60,71,92,99,97,80,52,41,Writer
Jeremy Sanders,75,85,79,85,46,91,95,73,81,Marketing Executive
Melissa Hawkins,90,89,81,97,89,59,68,98,83,Data Scientist
William Davis,78,56,75,57,64,65,78,89,87,Human Resource Specialist
Diana Hart,54,84,98,78,91,87,69,76,43,Data Scientist
Shari Harris,42,91,90,57,81,83,55,86,54,Data Scientist
Todd Chase,53,47,54,92,52,90,47,45,86,Writer
Erin Garcia,62,40,66,52,80,95,52,57,71,Software Engineer
Jeremiah Harris,66,65,48,89,72,45,100,94,88,Writer
Joshua Wilkerson,45,67,81,46,74,67,52,59,78,Teacher
Alexis Phillips,44,50,47,46,89,77,94,76,70,Manager
Donald Lara,72,66,97,96,99,60,89,52,79,Writer
George Jensen,68,79,57,41,44,81,74,81,57,Software Engineer
Matthew Anderson,88,77,65,59,47,66,81,63,71,Financial Analyst
Jasmine Wilkinson,81,42,85,94,72,49,93,48,68,Writer
Angela Walls,76,96,51,80,61,53,84,63,66,Teacher
Janet Downs,53,43,54,45,89,70,68,77,94,Entrepreneur
Leslie Walsh,98,73,46,68,52,55,42,67,65,Financial Analyst
Martha Potts,87,81,42,84,90,97,93,96,48,Manager
Matthew Murphy,67,42,43,56,87,86,52,100,93,Entrepreneur
Jennifer Taylor,63,42,89,92,47,82,88,69,42,Writer
Jessica Montgomery,59,53,60,87,76,72,82,85,63,Writer
Sonya Guerra,54,82,50,89,64,65,56,76,69,Writer
John Carlson,74,71,78,98,44,76,66,85,96,Writer
Dana Carroll,93,96,73,81,74,72,92,83,95,Manager
Mary Hansen,57,94,51,64,69,54,77,97,83,Financial Analyst
Arthur Parker,55,40,80,40,47,62,97,69,100,Human Resource Specialist
Amy Perez,87,55,52,71,66,42,81,54,64,Teacher
Alison Anderson,73,89,44,72,95,95,43,84,65,Entrepreneur
Christian Wallace,69,54,100,52,41,100,61,84,66,Teacher
Megan Wilkinson,80,51,67,50,67,75,70,59,73,Software Engineer
Colleen Nelson,52,55,77,68,67,66,59,53,52,Marketing Executive
Mary Phillips,90,76,87,63,49,100,94,89,94,Data Scientist
Stephanie Hutchinson,76,57,49,99,99,55,99,61,77,Writer
Donald Davis,72,82,48,77,48,44,48,42,48,Software Engineer
Hannah Johnson,64,82,44,57,41,97,98,66,77,Teacher
Debra Reyes,100,64,55,85,57,98,64,78,80,Teacher
Morgan Blair,77,85,57,96,49,53,95,44,76,Writer
Emily Murillo,79,42,50,41,56,50,92,62,59,Marketing Executive
Nicholas Wilson,40,91,51,96,61,72,84,68,71,Writer
Stephanie Edwards,88,81,77,64,81,97,93,48,65,Entrepreneur
Kristen Taylor,99,57,90,82,47,100,40,97,41,Teacher
Rita Randolph,45,73,69,91,57,50,57,85,76,Writer
Rebecca Rosales,67,42,71,59,57,97,59,45,55,Software Engineer
Brandon Hart,60,83,56,53,90,87,85,82,40,Manager
Robert Wright,61,63,49,97,89,51,94,40,44,Writer
Ashley Castro,100,51,71,91,51,86,42,85,45,Writer
Tyler Trujillo,49,90,48,64,74,58,62,86,77,Teacher
Kari Scott,44,83,82,86,97,51,62,69,86,Data Scientist
Joshua Cummings,67,94,95,47,65,40,69,70,63,Data Scientist
Frances Walter,98,45,42,63,53,89,56,52,42,Software Engineer
Jennifer Bruce,70,71,95,97,47,68,65,72,87,Writer
Raymond Collins,95,55,44,82,63,59,77,60,96,Human Resource Specialist
Jacob Rowe,89,46,90,81,77,87,75,67,98,Human Resource Specialist
Shane Freeman,52,49,85,68,93,48,80,81,57,Entrepreneur
Briana Erickson,43,89,71,65,52,46,41,49,68,Software Engineer
Amy Thomas,75,74,75,66,42,87,97,47,41,Teacher
Laura Smith,74,84,99,88,76,58,86,71,64,Data Scientist
Michael Anderson DDS,56,76,87,98,83,91,56,45,60,Data Scientist
Gerald Moore,79,69,64,49,97,51,79,89,58,Entrepreneur
Karla Miranda,78,91,95,60,99,81,64,50,86,Data Scientist
Megan Foster,60,78,46,53,40,76,99,82,86,Manager
Stephanie Morse,85,86,64,71,84,50,86,51,94,Entrepreneur
Carlos Lewis,69,89,96,77,65,54,87,58,45,Data Scientist
Richard Farley,80,51,51,93,52,85,43,70,48,Writer
Brian Bishop,51,51,69,100,76,84,45,64,41,Writer
Julie Smith,50,84,70,70,55,94,59,66,61,Marketing Executive
Mr. Andres Padilla II,97,68,88,65,78,94,71,97,81,Software Engineer
Anthony Benson,86,70,88,99,83,78,52,64,71,Writer
Mary Perez,40,82,67,52,56,65,76,97,62,Financial Analyst
Lindsey Cole,67,92,57,70,90,61,42,82,54,Entrepreneur
Jeremy Miller,52,92,45,87,51,47,78,97,73,Writer
Joseph Mason,81,72,63,85,70,96,41,85,63,Marketing Executive
Gerald Hood,44,75,90,73,63,75,87,63,61,Teacher
Robin Lozano,42,91,63,100,79,95,89,73,87,Writer
Aaron Simmons,95,66,53,88,79,95,97,64,71,Writer
Phillip Trevino,94,79,40,94,87,84,46,93,50,Writer
Brooke Robbins,61,92,98,71,47,60,62,86,58,Data Scientist
Lisa Cantrell,93,58,80,62,57,58,55,40,79,Financial Analyst
Cody Mason,56,46,86,67,96,40,90,81,85,Manager
Dorothy Russell,51,87,87,81,93,72,75,93,78,Data Scientist
Brian Young,45,50,67,69,40,98,76,76,96,Human Resource Specialist
Matthew Wallace,76,58,74,56,45,63,71,78,53,Software Engineer
William Larsen,73,85,60,62,53,67,41,79,89,Human Resource Specialist
Joseph Gordon,79,80,64,49,55,100,83,64,96,Human Resource Specialist
Alexandra Warren,66,74,95,45,56,66,91,85,46,Manager
Regina Foster,61,56,88,58,65,78,59,57,65,Software Engineer
Yvette Moss,40,47,60,97,97,71,51,89,44,Writer
Louis Harris,94,87,74,48,67,41,75,69,90,Human Resource Specialist
Patrick Guerra,84,88,87,87,69,78,97,50,41,Data Scientist
Jose Rogers,45,81,95,56,98,71,68,77,58,Data Scientist
Christopher Duarte,92,98,86,63,83,76,98,71,55,Data Scientist
Jacob Thompson,63,77,72,67,84,84,70,44,73,Entrepreneur
Richard Hunter,87,90,75,63,65,97,43,81,53,Software Engineer
Steven Cummings,80,46,95,66,52,65,68,48,60,Marketing Executive
Richard Young,74,99,42,96,46,51,60,79,80,Writer
John Lynch,64,76,53,75,64,89,75,72,64,Teacher
Mary Quinn,58,96,59,78,59,56,91,91,45,Manager
Justin Kramer,81,60,65,78,58,48,56,52,46,Financial Analyst
Elizabeth Dickerson,46,92,61,67,66,64,76,97,74,Financial Analyst
Eric Bonilla,99,92,44,46,56,42,77,67,69,Software Engineer
Jennifer Daniels,80,48,66,76,58,95,43,62,66,Financial Analyst
Diane Simmons,64,72,83,49,70,89,57,70,49,Financial Analyst
Vanessa Henderson,72,99,80,43,43,65,54,48,79,Financial Analyst
Thomas Hart,86,91,94,69,88,69,97,41,75,Data Scientist
Julie Harris,71,54,53,45,90,51,94,59,63,Entrepreneur
Misty Morales,83,52,77,81,68,84,61,63,89,Human Resource Specialist
Joseph Rodriguez,43,47,95,79,68,48,41,45,89,Human Resource Specialist
Phillip Nichols,73,77,55,59,100,55,99,98,60,Manager
Shannon Barry,56,68,87,82,55,57,62,47,44,Software Engineer
Travis Edwards,60,40,70,48,85,76,40,100,95,Entrepreneur
Gary Finley,59,91,64,42,66,79,64,42,41,Teacher
Stacy Galloway,42,63,91,46,88,100,96,91,45,Manager
Lauren Martin,41,95,78,86,82,82,42,68,58,Writer
Frances Miller,64,86,93,74,55,74,55,42,40,Data Scientist
Patrick Wagner,73,84,63,76,83,58,69,53,46,Entrepreneur
Jennifer Peters,76,94,45,59,81,79,50,56,78,Entrepreneur
Patrick Dawson,83,91,72,87,95,53,92,61,62,Writer
Claire Harrison,77,66,68,76,62,46,81,44,72,Financial Analyst
Nicholas Pennington,44,82,58,94,89,86,96,41,53,Writer
Anna Lloyd,86,63,42,80,84,92,90,47,79,Entrepreneur
Gina Castillo,88,61,97,100,51,85,78,95,96,Writer
David Glover,71,70,49,95,69,40,82,99,85,Writer
Ronald Ward,83,89,87,90,58,87,64,60,86,Data Scientist
Kaylee Patterson,43,51,66,56,80,97,75,40,84,Teacher
Lisa Bradley,61,44,45,84,67,98,56,65,76,Software Engineer
Cassandra Rodriguez,60,98,77,56,50,82,78,71,96,Human Resource Specialist
Tiffany Wu,69,44,98,60,65,60,57,62,61,Teacher
Sarah Delgado,70,57,58,79,46,82,72,83,66,Marketing Executive
Robert Smith,96,48,59,71,68,54,80,95,96,Human Resource Specialist
Benjamin Garza,99,41,40,92,90,55,73,72,98,Writer
John Lopez,97,55,99,61,58,65,66,99,75,Financial Analyst
Kristin Pennington,83,45,82,72,96,79,83,40,91,Entrepreneur
Michael Fletcher,83,72,90,84,82,46,70,97,76,Entrepreneur
Charles Thomas,58,45,100,83,66,73,51,86,67,Teacher
Jeanette Wheeler,57,52,69,51,66,45,88,42,77,Teacher
Sheryl Morris,56,69,59,87,82,61,83,76,64,Writer
Jennifer Baldwin,83,84,61,100,82,84,52,54,40,Writer
Mark Garrett,67,94,48,51,56,52,83,42,74,Software Engineer
Tamara Marshall,81,92,96,58,74,76,53,52,58,Data Scientist
Sherry Duncan,60,52,41,49,82,82,95,50,100,Entrepreneur
Jack Weiss,43,81,59,49,71,88,88,72,82,Financial Analyst
Chad Wallace,81,90,75,89,60,67,91,92,98,Writer
Courtney Petersen,93,93,68,64,64,96,54,97,49,Marketing Executive
Jeffrey Roberts,50,95,98,83,90,62,50,88,92,Data Scientist
Johnny Fisher,65,71,93,65,61,77,76,83,92,Human Resource Specialist
Kyle Williams,50,43,87,94,59,78,49,50,95,Writer
Tiffany Petty,77,43,62,44,63,50,92,73,75,Financial Analyst
Elizabeth Bradford,69,79,91,93,71,81,58,61,41,Data Scientist
Anna Willis,71,54,78,66,45,68,76,96,49,Marketing Executive
Amanda George,85,87,100,100,79,42,51,80,64,Data Scientist
Dana Beck,52,80,80,40,52,59,76,46,61,Teacher
Michael Lopez,66,72,81,72,72,88,79,82,68,Financial Analyst
Jeanette Brown,69,92,85,49,43,98,74,81,77,Data Scientist
David Mills,43,83,50,53,58,64,94,87,67,Manager
Katherine Ward,50,73,62,84,68,51,85,81,68,Manager
Randy Arias,57,55,50,66,60,51,67,76,93,Human Resource Specialist
James Adkins,53,74,67,41,97,99,46,93,59,Entrepreneur
Kevin Conley,70,75,64,75,97,51,73,50,52,Entrepreneur
Nancy Underwood,67,91,100,46,61,42,88,83,69,Data Scientist
Bryce Hutchinson,87,78,64,64,66,81,86,50,77,Marketing Executive
Nicholas Newman,47,74,58,72,75,96,90,41,68,Software Engineer
Melissa Aguilar,84,50,65,70,83,67,52,71,45,Entrepreneur
Cassandra Ryan,91,83,57,63,56,45,55,78,90,Human Resource Specialist
Wesley Owens MD,43,63,49,70,73,68,100,85,57,Manager
Jessica Bauer,74,51,58,85,57,75,65,85,72,Software Engineer
Marcus Garcia,95,43,86,62,45,75,76,83,55,Marketing Executive
Stephen Johnson,65,63,77,49,69,53,93,76,81,Manager
Joseph Villarreal,74,72,79,75,94,40,46,59,81,Entrepreneur
Shannon Clarke,76,48,82,63,88,64,56,83,99,Entrepreneur
Timothy Wilson,41,69,46,76,62,91,84,82,54,Manager
Gabriella Bond,67,40,45,86,97,85,77,89,100,Writer
Bryan Horn,63,59,75,54,40,49,64,51,98,Human Resource Specialist
Kristin Simon,91,83,76,47,75,84,69,46,99,Human Resource Specialist
Jeffrey Dodson,94,69,65,78,83,87,82,62,96,Entrepreneur
Heather Rodriguez,76,78,92,64,67,61,71,96,82,Data Scientist
Tammy Adams,56,40,64,86,71,81,72,58,59,Writer
Dr. Joyce Hawkins,59,57,40,89,59,95,55,65,81,Writer
Marc Kelly,86,79,55,61,49,77,41,91,41,Teacher
Randy Clark,68,58,82,44,80,57,76,99,89,Human Resource Specialist
Monica Ray,97,64,98,100,47,56,64,99,50,Writer
Krystal Peterson,72,70,85,78,79,94,90,54,52,Marketing Executive
Kathleen Anderson,75,97,47,90,46,61,91,58,80,Writer
George Guerrero,93,88,94,75,49,66,84,67,42,Data Scientist
Kaitlyn Smith,91,66,87,62,64,64,72,95,56,Marketing Executive
Raymond Wyatt,70,70,43,93,80,70,78,54,40,Writer
Lisa Bennett,76,87,47,58,100,50,62,44,94,Entrepreneur
Marvin Foster,93,40,89,59,90,98,65,49,40,Entrepreneur
Karen Ford,54,68,41,80,67,94,41,57,47,Financial Analyst
John Vargas,66,43,85,44,87,44,82,44,95,Entrepreneur
Stephanie Mendoza,73,71,99,65,74,84,52,46,94,Human Resource Specialist
Gerald Curtis,47,52,84,94,84,98,56,54,52,Writer
Faith Hernandez,49,60,81,53,82,85,57,91,57,Entrepreneur
Nicole Gay,45,54,93,83,87,71,68,92,67,Entrepreneur
Emily Jordan,78,72,91,95,70,67,65,81,80,Writer
Christopher Sullivan,79,91,71,66,76,96,91,97,77,Manager
Renee Moore,93,45,60,48,88,55,42,74,50,Entrepreneur
Carla Campbell,90,97,50,99,84,93,77,48,46,Writer
Melissa Coleman,67,99,94,75,52,61,99,61,83,Data Scientist
Logan Turner,53,79,59,96,86,61,50,70,47,Writer
Nicole Newman,60,57,43,40,98,95,90,94,54,Manager
Chelsea Calderon,82,100,85,92,99,84,73,86,52,Data Scientist
Christopher Owens,50,88,42,95,87,57,57,94,91,Writer
Travis Chapman,45,60,50,64,58,75,43,65,58,Software Engineer
Erik Suarez,46,43,67,46,66,49,50,72,98,Human Resource Specialist
Kylie Krause,40,59,97,45,71,93,59,81,54,Teacher
Calvin Adams,56,53,66,73,94,56,47,40,62,Entrepreneur
Bailey Abbott,54,42,91,91,63,69,59,88,89,Writer
Toni Kelly,79,57,71,56,69,79,71,76,94,Human Resource Specialist
Jenna Wagner,53,75,99,77,61,68,71,100,72,Software Engineer
Christopher Jackson,99,56,41,70,69,44,74,55,85,Marketing Executive
Christopher Carroll,81,95,74,64,52,50,67,69,51,Teacher
Elaine Gray,91,71,78,53,40,78,73,58,41,Teacher
Julie Steele,46,46,90,64,79,63,94,80,91,Manager
Briana Esparza,75,99,62,89,62,88,80,78,65,Writer
Monica Moore,44,86,72,90,94,75,90,91,88,Writer
Juan Haas,59,49,63,57,63,50,58,55,74,Teacher
Cynthia Ford,93,92,68,90,49,75,90,97,84,Writer
Harold Barnes,75,60,66,49,84,44,46,67,60,Entrepreneur
James King,54,41,97,81,45,58,93,84,41,Manager
Theresa Cole,49,71,85,41,67,61,71,55,61,Marketing Executive
Paul Adams,87,58,96,59,86,74,59,55,47,Entrepreneur
William Stein,93,55,96,84,73,85,45,53,96,Human Resource Specialist
Larry Hart,44,78,53,91,94,82,95,81,70,Writer
Donna Chandler,68,70,80,61,82,84,68,50,47,Entrepreneur
Michael Alvarez,80,75,62,97,47,86,67,83,50,Writer
Dennis Willis,46,47,85,51,81,54,68,50,81,Entrepreneur
Lisa Johnson,46,52,51,47,100,72,90,61,41,Entrepreneur
Shelby Davis,70,70,47,95,48,85,74,60,44,Writer
John Porter,67,56,61,71,69,70,85,82,66,Manager
Daniel Andrews,47,69,94,86,88,80,99,78,43,Writer
James Klein,86,51,75,77,92,87,74,62,92,Entrepreneur
Christopher Tran,60,70,58,80,90,79,79,66,49,Entrepreneur
Rick Finley,94,100,92,50,91,78,70,64,54,Data Scientist
Mason Mccoy DDS,48,48,68,61,96,59,51,80,84,Entrepreneur
Christine Miles,87,57,52,44,94,46,98,46,84,Entrepreneur
Steven Peterson,95,52,45,71,54,43,87,47,77,Financial Analyst
Leslie Davis,45,60,50,88,80,69,89,72,51,Writer
Erica Rogers MD,90,54,99,73,85,41,73,77,74,Entrepreneur
Elizabeth Frey,98,41,97,95,64,61,93,65,88,Writer
Larry Marshall,50,81,57,91,88,44,57,85,74,Writer
Kristin Hodges,73,87,94,57,73,47,88,92,100,Data Scientist
Jennifer Williams,92,76,50,86,82,86,56,67,97,Writer
Edward Smith,43,83,88,83,62,66,89,60,53,Data Scientist
Tammy Summers,76,71,68,76,62,67,99,79,67,Manager
Donald Perkins,53,40,98,80,81,89,82,80,43,Manager
Danny Ryan,44,40,62,51,60,77,62,90,99,Human Resource Specialist
Kelly Cook,88,64,94,95,58,44,78,66,77,Writer
Tara Cantrell,71,71,45,79,88,91,98,62,45,Entrepreneur
Julie Odonnell,69,59,49,82,48,66,79,76,97,Human Resource Specialist
Jessica Cochran,85,41,52,95,83,46,96,62,80,Writer
Marie Simmons,43,91,51,40,96,81,84,56,78,Entrepreneur
Frank Olsen,55,42,100,96,100,95,52,61,95,Writer
John Mitchell,70,72,82,81,56,94,93,45,86,Human Resource Specialist
Mason Garcia,42,45,88,100,81,66,77,100,93,Writer
Yesenia Jackson,51,68,48,60,40,52,87,84,64,Manager
Sheri Stephens,91,91,94,60,40,60,70,60,55,Data Scientist
Richard Oliver,75,42,63,98,69,60,64,88,78,Writer
Amanda Dyer,64,88,65,60,59,59,94,79,100,Manager
Robert Harmon,42,74,89,62,96,67,50,47,59,Entrepreneur
Kaitlin Walker,87,61,94,76,85,55,58,61,65,Entrepreneur
Michelle Mclaughlin,96,94,99,45,50,44,40,51,73,Data Scientist
Kristine Ortiz,54,85,56,85,85,99,48,94,68,Entrepreneur
Nicole Long,79,44,42,62,53,66,60,93,93,Human Resource Specialist
Victor Gardner,74,46,83,78,97,93,86,96,61,Manager
John Rodriguez,82,74,58,76,59,77,50,45,83,Teacher
Breanna Hatfield,73,91,53,99,67,86,84,41,58,Writer
Michelle Bailey,95,81,92,95,95,57,94,71,43,Data Scientist
Alyssa Torres,43,90,73,96,76,58,81,75,76,Writer
Laura Warren,68,60,42,43,64,69,59,96,90,Human Resource Specialist
Tyler Conner,50,59,81,90,58,47,42,42,65,Writer
Patricia Terry,89,60,51,55,49,66,41,94,82,Financial Analyst
Kyle Hernandez,59,81,97,52,89,51,62,99,55,Data Scientist
Timothy White,45,49,54,57,48,99,72,89,68,Marketing Executive
John Sanchez,43,58,57,68,48,76,53,79,95,Human Resource Specialist
Christy Rodriguez,47,51,77,59,74,57,70,90,98,Human Resource Specialist
Lisa Kim,76,52,89,53,63,73,76,69,98,Human Resource Specialist
Jack Hamilton,76,41,43,85,83,68,57,41,59,Entrepreneur
Vincent Gordon,81,85,74,95,89,95,50,73,97,Writer
Earl Butler,55,59,51,41,91,80,69,75,93,Entrepreneur
Anthony Delgado,63,47,86,79,72,87,56,72,46,Financial Analyst
Alexander Riley,90,92,92,99,88,53,94,89,48,Data Scientist
Gary Turner,92,71,68,70,76,41,92,80,45,Manager
Arthur Burke,82,91,50,56,50,50,75,61,44,Financial Analyst
Nicole Harris,63,82,65,77,95,86,82,64,43,Entrepreneur
Jonathan Clark,79,99,82,55,89,81,40,44,70,Data Scientist
Linda Thomas,97,66,50,88,51,55,73,63,44,Writer
Nicholas Roberts,58,63,90,90,95,71,88,46,80,Writer
James Rodriguez,79,83,100,82,89,57,93,52,71,Data Scientist
Tyler Gutierrez,93,45,47,66,84,97,74,68,92,Entrepreneur
Sean Jones,76,72,82,55,42,67,84,88,87,Manager
Mr. Kevin Garcia,66,86,98,75,67,42,85,83,52,Data Scientist
Jennifer Shaw,77,68,60,90,60,98,96,98,40,Writer
Miguel Roth,97,58,98,68,95,63,41,63,41,Entrepreneur
Cole Sullivan,81,64,53,99,67,65,97,44,42,Writer
Danielle Porter,76,70,54,79,98,93,98,68,84,Entrepreneur
Robert Wells,88,75,70,90,45,84,66,80,72,Writer
Michelle Fitzgerald,49,56,94,63,53,93,68,95,77,Financial Analyst
Amanda Snyder,72,55,44,65,64,80,80,54,58,Software Engineer
William Price,67,94,85,98,80,79,51,57,61,Data Scientist
Allison Hughes,45,49,74,78,40,41,70,93,55,Software Engineer
Benjamin Patterson,71,60,58,41,53,85,63,49,98,Human Resource Specialist
Timothy Williamson Jr.,87,92,65,88,49,84,81,65,97,Writer
Robert Nichols,54,88,96,89,75,59,88,57,62,Data Scientist
Donald Cox,64,50,51,92,68,61,92,79,74,Writer
Anna Carpenter,40,51,60,82,62,84,77,100,57,Teacher
Gabriel Sexton,55,96,88,76,48,57,93,68,79,Data Scientist
Dalton Walker,46,58,93,98,84,57,99,54,56,Writer
Tina Johnson,97,88,80,56,60,65,80,95,54,Software Engineer
Autumn Brooks,67,65,97,54,54,87,95,75,88,Human Resource Specialist
Michelle Austin,42,100,50,67,82,86,54,83,80,Entrepreneur
Joseph Carroll,53,94,56,95,88,65,66,43,100,Writer
Alyssa Brown,100,100,75,51,95,86,40,40,89,Entrepreneur
Linda Bell,62,57,76,97,75,95,77,86,85,Writer
Brittany Adams,60,74,66,44,54,46,40,40,79,Teacher
Jessica Duran,54,65,92,50,71,46,71,66,96,Human Resource Specialist
Lori Watson,90,45,72,60,76,45,88,51,46,Teacher
Gabriel Cummings,98,83,50,61,69,70,82,66,68,Software Engineer
Michael Price,43,60,98,51,95,54,80,50,64,Entrepreneur
Stephen Ramos,42,94,66,50,66,60,95,55,40,Financial Analyst
Valerie Nicholson,51,72,79,42,89,88,48,86,40,Entrepreneur
Amanda Espinoza,88,65,67,100,95,55,75,40,80,Writer
Jeffrey Perry,54,52,45,90,45,54,58,99,72,Writer
Elizabeth Ritter,77,61,82,100,49,91,53,83,77,Writer
Sharon Stewart,99,41,84,100,40,83,45,92,43,Writer
Gwendolyn Sharp,60,90,49,100,89,94,49,100,54,Writer
Craig Decker,89,45,98,68,99,66,71,66,42,Entrepreneur
Christopher Roberson,96,72,44,69,61,99,69,48,99,Human Resource Specialist
Erika Larsen,89,81,58,78,99,62,55,98,83,Entrepreneur
Mary Bryant,65,78,65,56,78,66,78,58,85,Financial Analyst
Christopher Santos,95,41,97,60,43,64,73,87,41,Marketing Executive
Angel Foster,43,67,86,48,68,92,44,98,60,Marketing Executive
Ashley Williamson,67,77,48,53,49,46,99,47,60,Software Engineer
Thomas Freeman,88,63,89,84,54,92,90,57,92,Human Resource Specialist
Daniel Carter,40,54,71,87,62,66,55,75,49,Writer
Todd Ward,88,78,72,96,95,91,57,86,82,Writer
Debra Daniels,70,85,63,68,40,77,82,89,57,Manager
Ricky Stephenson,54,77,94,85,59,64,75,42,66,Data Scientist
Jasmine Murray,59,100,50,94,79,96,41,50,47,Writer
Corey Nelson,56,48,61,81,83,43,81,79,52,Manager
Sharon Alvarado,79,80,79,49,69,74,88,79,83,Manager
Mrs. Emily Neal,98,70,80,48,76,69,56,85,65,Marketing Executive
Anthony Neal,80,100,62,95,81,45,52,95,60,Writer
Shannon Jackson,92,56,76,99,65,90,61,43,68,Writer
Alexander Bradshaw,51,78,76,87,73,57,82,73,44,Writer
Todd Stout,81,51,65,99,84,53,79,43,96,Writer
Rodney Daniel,45,55,66,47,70,67,42,92,97,Human Resource Specialist
Ashley Evans,63,65,58,91,93,75,93,60,42,Writer
Heather Martinez,66,81,55,40,42,96,87,67,85,Software Engineer
Jody Horton,73,65,95,51,85,44,87,79,72,Manager
Michael Benton,99,98,80,95,51,49,59,78,76,Writer
Gregory Perkins,43,63,40,86,66,41,74,63,74,Writer
Colleen Drake,57,65,86,61,63,72,97,42,77,Financial Analyst
Andrew Alvarez,47,97,44,63,71,99,73,76,93,Human Resource Specialist
Kyle Matthews,88,87,74,99,72,47,58,51,82,Writer
Edward Gray,94,83,80,82,57,83,55,41,94,Human Resource Specialist
Patricia Kelly,100,72,71,76,81,40,89,82,77,Manager
Richard Douglas,91,55,76,61,72,62,49,86,64,Teacher
Mark Montes,89,48,72,98,68,99,73,84,71,Writer
Ryan Huffman,93,44,94,43,57,56,62,82,98,Human Resource Specialist
Kimberly Carter,58,44,81,49,62,98,68,77,74,Software Engineer
Mary Smith,80,64,89,62,79,64,47,69,84,Marketing Executive
Elizabeth Wang,45,81,52,70,94,43,45,69,61,Entrepreneur
Robert Walter,80,99,42,86,95,61,94,96,99,Writer
Adam Hernandez,72,77,45,53,78,74,72,63,81,Marketing Executive
Tammy Trevino,62,57,40,69,48,98,84,69,61,Teacher
Karen Bridges,97,61,83,49,82,44,66,69,65,Entrepreneur
Eric Byrd,51,57,85,58,68,99,94,94,54,Manager
Ryan Combs,69,40,91,73,55,68,45,48,96,Human Resource Specialist
Eric Hall,76,67,59,40,54,81,89,63,58,Financial Analyst
Jennifer Spence,51,72,58,90,97,60,57,69,78,Writer
Sue Weiss,61,57,43,64,98,46,58,44,59,Entrepreneur
Anthony Smith,56,49,46,88,61,70,61,77,62,Writer
Danielle Spencer,87,100,97,87,71,83,69,60,51,Data Scientist
Regina Thompson,57,78,54,48,65,56,65,81,49,Marketing Executive
Brandon Faulkner,65,94,85,65,48,78,87,74,70,Data Scientist
George Tucker,80,42,57,89,91,92,59,97,99,Writer
Mary Austin,92,72,65,57,88,67,49,65,90,Entrepreneur
Shane Donaldson,41,48,66,46,82,65,77,75,78,Entrepreneur
Derek Ferguson DDS,47,42,70,51,61,97,72,46,77,Teacher
Mark Sparks,72,51,62,90,63,84,50,80,63,Writer
Sandra Jones,46,49,71,97,93,69,74,95,100,Writer
Selena Brown,78,72,81,88,75,42,45,95,91,Writer
Samantha Johnston,67,92,42,98,63,86,61,63,99,Writer
Joseph Hart,82,69,67,69,88,97,84,99,93,Manager
Willie Webb,93,63,71,42,79,100,52,67,60,Marketing Executive
Timothy Silva,59,79,66,62,66,78,90,80,89,Manager
Jacob Combs,82,88,54,96,64,46,53,98,94,Writer
Stacy Wallace,47,82,75,70,60,99,84,43,87,Human Resource Specialist
Katherine Ingram,45,58,72,50,94,46,79,57,65,Entrepreneur
Tammy Vang,94,41,100,53,74,74,85,83,85,Manager
Wesley Thomas,64,97,64,96,51,45,85,96,79,Writer
Michael Delgado,71,86,93,45,47,56,78,91,54,Data Scientist
Christopher Parrish,100,79,89,88,46,54,96,78,61,Data Scientist
Bridget Schultz,94,53,85,65,75,98,50,65,41,Software Engineer
Elijah Donovan,79,43,48,61,56,50,98,56,83,Financial Analyst
Susan Ho,49,54,100,69,79,57,92,68,84,Marketing Executive
John Brown,56,88,48,56,73,58,43,78,79,Software Engineer
Jacob Mitchell,42,95,43,94,48,96,96,44,45,Writer
Madeline Turner,41,80,89,52,51,52,87,71,68,Data Scientist
Katherine Anderson,70,81,94,62,66,62,100,63,56,Data Scientist
Jordan Rivers,73,44,100,82,48,68,93,95,90,Manager
Lindsey Gentry,51,70,71,55,56,99,56,65,83,Software Engineer
Nathan Mckenzie,93,66,40,97,74,67,67,59,43,Writer
Lauren Weiss,41,72,79,54,93,72,48,67,72,Entrepreneur
Jimmy Irwin,93,73,94,67,77,48,64,52,45,Teacher
Tyler Turner,89,62,66,80,55,59,100,65,76,Marketing Executive
Amy West,75,97,60,81,98,83,54,84,51,Entrepreneur
Russell Hardin,87,97,100,97,50,42,66,44,55,Data Scientist
Ann Parker,89,94,90,93,54,95,99,88,64,Data Scientist
Jeffrey Davis,67,49,85,52,41,54,67,42,51,Financial Analyst
Austin Sanchez,95,56,65,50,45,61,77,60,78,Marketing Executive
Julie Ramos,48,57,42,58,89,61,96,51,88,Entrepreneur
Jimmy Wade,69,74,77,41,48,83,40,56,84,Financial Analyst
Dr. John Lynch DDS,80,87,56,54,73,43,96,51,79,Software Engineer
Jared Wallace,49,63,70,52,46,83,61,67,87,Human Resource Specialist
Louis Jackson,65,100,50,61,95,69,69,74,77,Entrepreneur
Michael Moreno,73,42,52,67,70,54,68,41,92,Human Resource Specialist
Juan Adams,63,93,53,56,72,92,66,70,75,Software Engineer
Sergio Cain,65,51,60,43,96,69,76,41,58,Entrepreneur
Michelle Harris,54,62,43,43,64,41,49,52,79,Financial Analyst
Alisha Cain,41,40,50,52,90,67,91,93,50,Manager
Erin Robles,74,66,40,40,40,98,88,54,66,Teacher
Ronald Shelton,40,66,92,89,95,61,81,97,61,Writer
James Mcgrath,94,86,63,80,82,65,72,68,56,Entrepreneur
Stacey Garcia,93,51,74,48,68,81,41,76,50,Software Engineer
Kathy Smith,82,72,89,87,53,60,95,95,79,Writer
Linda Cooley,53,95,91,43,78,57,91,65,95,Data Scientist
Amber Phelps,86,54,80,77,60,78,67,80,42,Marketing Executive
Patricia Hall,40,71,97,56,95,47,60,69,41,Entrepreneur
Meagan Richardson,45,94,99,55,64,62,61,40,51,Data Scientist
Dr. Tommy Jones DVM,74,88,75,42,54,68,52,69,48,Teacher
Denise Russo,84,59,70,98,54,61,49,88,87,Writer
Jacob Taylor,98,70,82,52,74,98,51,91,93,Human Resource Specialist
David Ferrell PhD,45,63,50,93,98,82,51,99,77,Writer
Bill Bell,64,81,87,53,40,59,46,73,99,Data Scientist
Richard Carter,44,66,47,75,43,91,79,69,40,Marketing Executive
Jason Williams,52,78,46,71,57,91,44,96,92,Human Resource Specialist
David Jenkins,77,40,94,58,70,87,88,98,74,Manager
Kirk Dean,99,54,55,64,73,47,88,66,70,Software Engineer
Brenda Herrera,66,74,48,93,97,46,54,54,94,Writer
Craig Schmidt,86,70,80,41,89,81,97,74,46,Entrepreneur
Wendy Roberts,82,41,56,92,63,98,77,72,44,Writer
Melinda Lang,40,95,76,98,46,98,65,63,44,Writer
Lauren Crosby,95,61,96,75,98,48,50,64,90,Entrepreneur
Joseph Martinez,55,52,75,40,50,73,75,98,55,Teacher
Jonathan Myers,73,70,49,92,52,63,60,82,82,Writer
Michael Wallace,58,95,67,69,91,55,42,61,75,Entrepreneur
Rodney Patterson,66,73,41,51,78,49,96,68,65,Software Engineer
Susan Chambers,53,95,67,58,56,83,97,81,57,Manager
Frederick Tucker,57,82,96,75,41,73,90,65,67,Data Scientist
Joseph Booth,42,54,45,62,52,76,67,52,74,Financial Analyst
Melvin Wilson,64,89,54,90,67,40,44,49,80,Writer
Alexandria Lawrence,43,92,84,69,78,63,43,49,42,Data Scientist
Francisco Anderson,89,85,57,70,78,43,89,77,42,Manager
Darlene Rosario,98,48,46,58,81,55,92,81,64,Manager
Scott Martinez,73,52,82,92,100,99,49,68,100,Writer
Richard Roach,50,95,46,40,60,63,90,95,62,Manager
George Rowland,93,90,76,67,93,94,42,92,74,Entrepreneur
Ronald Phillips,89,83,79,54,86,92,99,47,47,Entrepreneur
Raymond Oneal,95,47,70,41,89,49,56,99,47,Entrepreneur
John Hoffman,45,78,87,87,81,82,78,100,89,Data Scientist
Marcus Reeves,99,68,69,51,50,47,42,81,74,Financial Analyst
Willie Thompson,74,69,56,73,47,72,49,64,77,Financial Analyst
Troy Porter,52,55,40,60,79,82,42,41,50,Financial Analyst
Bob Johnson,81,94,85,90,57,89,40,84,55,Data Scientist
Mark Edwards,42,83,68,91,83,41,99,48,87,Writer
Heather Hill,59,93,96,83,95,59,74,60,61,Data Scientist
Whitney Murphy,47,61,83,49,67,49,97,79,57,Manager
Christopher Vasquez,81,50,91,95,41,47,92,60,73,Writer
Victoria Harding,56,84,63,55,76,64,63,41,74,Teacher
Joseph Cummings,60,57,55,93,92,64,71,62,87,Writer
Paige Taylor,81,88,87,73,72,42,54,68,55,Data Scientist
Carol Benson,98,42,84,55,43,94,78,77,73,Teacher
Frank Weber,65,61,49,100,52,81,51,46,85,Writer
Robert Fowler,86,99,56,93,81,90,42,76,55,Writer
John Gonzalez,72,40,85,47,41,72,41,48,55,Teacher
Jennifer Montgomery,45,86,46,82,73,64,85,48,50,Marketing Executive
Barry Jackson,52,82,47,48,53,58,86,92,80,Manager
Maurice Williams,85,42,43,72,61,91,59,95,67,Marketing Executive
Dana Hurley,60,43,84,83,53,62,94,46,86,Human Resource Specialist
Derek Ford,48,57,84,84,80,41,41,91,76,Marketing Executive
Victoria Walsh,46,89,65,44,88,52,98,89,76,Manager
Barbara Bradley,96,49,99,71,89,72,54,87,65,Entrepreneur
Allen Soto,75,90,65,53,85,97,56,76,46,Entrepreneur
Martha Gray,62,84,97,56,58,42,70,96,70,Data Scientist
Michael George,76,65,64,53,90,73,75,72,48,Entrepreneur
Jessica Parker,80,60,68,82,93,97,99,51,76,Entrepreneur
Justin Lowe,93,96,65,81,53,51,92,82,67,Manager
Lauren Davis,54,58,78,41,75,79,74,52,70,Teacher
Brian Christensen,63,65,100,99,68,56,94,60,66,Writer
Aaron Shelton,60,49,58,62,54,43,62,59,72,Teacher
Marcus Smith,98,72,68,84,78,94,44,71,74,Software Engineer
Robert Thomas,40,91,63,94,41,93,71,50,94,Writer
Natalie Sherman,87,63,40,67,55,90,100,81,49,Manager
Lance Harvey,88,88,58,73,67,57,41,86,61,Software Engineer
Sylvia Hammond,92,59,71,96,75,48,79,68,70,Writer
Tina Moody,57,46,94,99,82,49,63,85,46,Writer
Allison Moore,88,74,51,85,86,84,57,59,67,Entrepreneur
Katie Porter,88,97,69,95,43,90,40,79,88,Writer
Bradley Rogers,70,80,76,43,74,64,67,92,97,Human Resource Specialist
Jeffrey Yu,50,74,60,97,82,100,47,72,58,Writer
Michele Morris,69,82,95,85,74,62,42,94,48,Data Scientist
Thomas Sanchez,50,50,44,80,45,85,59,63,77,Financial Analyst
Sherry Hale,46,56,70,78,64,97,67,53,88,Human Resource Specialist
Bruce Anderson,41,93,47,97,54,82,83,74,83,Writer
Daniel Lee,88,72,88,68,50,51,63,40,64,Financial Analyst
Kelly Bean,40,41,72,69,69,65,99,87,97,Manager
Charles Thornton,57,80,41,97,82,76,95,81,56,Writer
Kim Porter,84,94,99,53,72,60,84,80,75,Data Scientist
April Simmons,72,80,62,65,43,79,44,42,43,Financial Analyst
Jessica Morton,85,70,42,69,86,61,56,73,97,Entrepreneur
Christopher Jimenez,88,59,54,85,52,89,55,82,62,Financial Analyst
Mary White,40,98,50,69,100,49,95,57,69,Entrepreneur
Ashley Fleming,88,44,78,61,87,54,71,89,82,Entrepreneur
Anthony Hanna,40,73,67,43,40,68,68,57,71,Financial Analyst
Zachary Taylor,93,58,62,82,76,81,46,76,43,Marketing Executive
Holly Cooley,74,70,95,68,81,93,89,45,63,Entrepreneur
Veronica Jacobs,47,48,83,46,69,44,67,63,97,Human Resource Specialist
Emily Peterson,77,94,61,56,54,69,81,80,100,Manager
Shirley Davenport,53,68,53,71,92,76,47,97,44,Entrepreneur
Edgar Pratt,83,73,43,73,78,80,50,80,62,Financial Analyst
Crystal Mayer,53,41,99,86,92,78,62,78,76,Writer
Tracy Pace,47,92,91,88,48,83,73,58,82,Data Scientist
Andrew Robbins,94,63,91,77,64,88,51,99,64,Financial Analyst
Gail Graham,99,90,99,76,86,54,97,48,44,Data Scientist
Jean Robinson,61,73,40,52,48,80,92,56,54,Financial Analyst
Barry Abbott,91,84,47,61,48,95,41,50,63,Financial Analyst
Mark Owen,45,87,81,42,53,63,44,99,57,Data Scientist
Geoffrey Lopez,82,75,64,70,69,94,77,77,73,Teacher
Melissa Crosby,97,52,48,91,87,61,91,73,62,Writer
Mr. Jonathan Christian,78,83,40,50,68,60,93,63,93,Human Resource Specialist
Wendy Harper,91,76,55,77,47,86,43,66,73,Teacher
Dylan Williams,89,84,43,77,78,77,93,55,66,Financial Analyst
Colton Morris,43,57,55,78,98,56,41,54,43,Entrepreneur
Alexander Fischer,96,75,83,100,42,70,82,43,43,Writer
Brittany Hernandez,83,91,83,96,100,69,58,67,100,Data Scientist
Shannon Roberson,53,100,40,56,49,88,58,74,51,Teacher
Jacqueline Mcdaniel,86,58,82,100,42,94,67,95,91,Writer
Kimberly Mcconnell,80,47,45,74,46,70,75,81,58,Marketing Executive
Brittany Walker DVM,70,78,99,49,42,44,95,60,67,Data Scientist
Brian Dean,90,81,95,50,70,54,55,80,50,Data Scientist
Eric Joseph,45,81,81,40,84,75,92,47,92,Data Scientist
Tammy Calderon,63,96,42,61,62,53,44,97,97,Human Resource Specialist
Michael Patrick,90,70,84,67,56,92,89,99,63,Manager
Mary Harding,91,100,90,66,40,79,55,64,81,Data Scientist
Heather Nielsen,42,68,49,78,86,71,74,98,65,Entrepreneur
Travis Price,53,89,42,70,60,50,84,43,86,Human Resource Specialist
Greg Hooper,91,85,49,91,82,70,43,64,92,Writer
Jessica Vaughn,100,44,96,43,56,95,64,96,63,Teacher
Wendy Turner,63,49,95,52,84,45,62,100,74,Entrepreneur
David Woods,97,98,100,99,98,46,64,51,64,Data Scientist
Shawna Diaz,93,50,93,74,70,69,89,67,92,Human Resource Specialist
Kimberly Benton,68,93,79,57,85,59,63,82,53,Entrepreneur
Nicole Bruce,61,89,83,98,76,80,67,62,73,Data Scientist
Ruth Johnson,76,69,93,55,57,93,80,82,60,Financial Analyst
Miranda Christian,53,44,99,46,62,64,84,83,92,Manager
Wendy Stewart,95,64,58,91,73,59,40,58,92,Writer
Erin Curry,58,62,41,72,95,69,99,72,84,Entrepreneur
Robin Vasquez,42,48,63,97,54,67,98,48,43,Writer
Mr. David Allen,55,49,100,56,90,40,60,83,70,Entrepreneur
Matthew Turner,99,47,78,90,87,68,40,82,49,Writer
Renee Schmidt,100,44,78,85,49,83,81,54,75,Teacher
Sonya Chambers,54,89,64,84,99,64,95,56,90,Entrepreneur
Heather White,79,92,84,89,49,51,87,79,84,Data Scientist
Karen Owens,56,78,80,46,44,53,48,49,45,Software Engineer
Sarah Nunez,76,93,94,53,96,88,43,77,55,Data Scientist
Mr. Ryan Hayes,84,97,63,57,88,77,94,58,58,Entrepreneur
Joshua Thomas,88,85,59,42,80,94,91,94,86,Manager
Kayla Lane,80,80,59,98,90,56,61,62,72,Writer
Brittany Carlson,92,63,55,57,81,45,66,42,95,Entrepreneur
Adam Smith,53,90,59,42,54,67,59,60,49,Marketing Executive
Erin Ortiz,79,80,96,95,59,47,86,75,94,Data Scientist
Jonathon Martin,77,94,51,61,89,53,99,88,41,Manager
Jeffery Deleon,54,44,68,59,65,51,68,40,73,Marketing Executive
Lisa Smith,54,42,53,92,54,96,94,79,86,Writer
Carolyn Brown,85,77,41,55,97,98,93,89,45,Manager
Nicole Sellers,87,82,67,97,98,43,83,45,80,Writer
Douglas Harris,91,44,43,85,55,47,45,99,46,Teacher
Clinton Hubbard,43,68,62,95,73,75,74,68,41,Writer
Dr. Michael Dunlap,65,95,52,99,40,59,99,45,98,Writer
Anthony Velasquez,75,91,50,86,81,96,49,40,48,Writer
Amanda Casey,78,87,65,44,63,93,44,46,60,Teacher
Samuel Brown,71,40,83,80,87,54,58,54,66,Entrepreneur
Chelsea Ramos,62,93,94,76,50,44,74,76,68,Data Scientist
Barbara Martinez,87,74,100,44,41,44,50,83,80,Marketing Executive
Kathleen Roach,79,95,50,46,63,63,55,61,48,Marketing Executive
Kenneth Stevens,94,74,93,96,68,46,80,43,98,Writer
Kara Garza,95,88,91,76,56,55,54,69,98,Data Scientist
Sandra Mack,100,55,100,66,52,72,44,100,90,Human Resource Specialist
Alexander Johnson,71,61,98,75,99,68,44,91,50,Entrepreneur
Ashley Mcintyre,98,87,76,84,47,52,66,74,50,Software Engineer
Melissa Watts,55,50,79,42,80,83,69,88,78,Software Engineer
Amy Mejia,98,83,71,94,59,54,48,96,43,Writer
Daniel Frost,55,56,61,68,47,80,46,91,60,Marketing Executive
Ashley Peters,45,94,58,81,51,91,62,72,80,Teacher
Michele Aguilar,46,62,49,45,98,93,83,90,89,Manager
Kathy Pineda,65,72,52,97,46,99,98,87,42,Writer
Cheyenne Fields,95,54,84,61,43,89,40,97,75,Teacher
Kristen Turner,50,42,64,86,82,52,53,50,78,Writer
Ryan Thomas,45,86,69,49,64,45,75,42,80,Software Engineer
Alejandro Carter,45,83,41,56,82,65,83,82,81,Manager
Elizabeth Palmer,47,87,47,85,47,63,67,99,43,Teacher
Theresa Alexander,64,80,44,96,79,99,85,91,98,Writer
Kristin Perez,83,66,63,62,74,61,44,92,95,Human Resource Specialist
Randall Hampton,41,97,81,63,55,61,70,46,97,Data Scientist
Margaret Jackson,100,87,92,58,40,68,79,58,42,Data Scientist
Mike Massey,69,45,72,68,62,100,92,75,40,Marketing Executive
Amy Aguirre,82,85,84,77,53,40,44,54,98,Data Scientist
Mackenzie Ewing,77,88,92,86,47,89,82,98,88,Data Scientist
Helen Brown,62,66,47,57,89,42,85,77,46,Manager
Mary Nunez,80,85,61,71,75,44,58,79,57,Marketing Executive
Blake Green,47,99,43,90,65,75,55,70,63,Writer
Michael Mendez,60,72,65,93,86,48,72,49,48,Writer
Sean Mayer,98,42,100,59,51,82,70,63,67,Teacher
Patricia Oliver,85,66,85,84,82,78,98,50,100,Entrepreneur
Melissa Russell,95,88,70,58,66,100,89,63,86,Human Resource Specialist
Kayla Gordon,90,79,49,53,68,49,100,71,52,Financial Analyst
Christopher Ball,40,40,74,68,88,64,46,69,84,Entrepreneur
Faith Rojas,47,80,70,80,50,64,78,74,66,Software Engineer
Terri Green,66,75,65,43,48,44,48,98,71,Software Engineer
Laura Pacheco,52,90,93,73,81,47,82,93,73,Data Scientist
Laura Johnson,95,51,77,43,77,45,66,64,60,Teacher
Jane Case,44,70,48,65,73,64,64,87,50,Financial Analyst
Ashley Gordon,53,53,91,53,80,97,48,55,52,Teacher
Kimberly Horne,76,49,63,57,53,51,69,78,58,Marketing Executive
Jeanette Adams,95,43,75,55,82,75,98,85,79,Manager
Jason Miller,52,81,49,72,68,59,46,100,93,Human Resource Specialist
Randy Rodriguez,77,59,85,90,76,75,94,81,97,Writer
Alec King,70,73,66,66,43,47,64,95,53,Financial Analyst
Debra Campbell,49,96,84,82,47,90,97,57,70,Data Scientist
Mr. Matthew Roberts DVM,56,80,41,64,71,92,65,68,59,Financial Analyst
Raymond Burnett,93,53,78,83,80,68,46,78,54,Software Engineer
Kim Baird,56,59,43,65,73,85,98,87,73,Manager
Glenn Melendez,45,69,69,90,94,98,61,98,57,Writer
Sara Marshall,69,59,97,72,46,57,44,52,43,Marketing Executive
Ariana Hall,73,97,52,53,73,59,77,86,58,Financial Analyst
Zachary Skinner,85,93,88,41,55,42,85,46,88,Data Scientist
Michael Davis,89,90,70,58,99,98,94,88,79,Manager
Carla Johnston,70,84,54,63,47,60,40,59,86,Human Resource Specialist
Joanne Henderson,81,85,74,57,49,48,83,68,76,Software Engineer
Ronald Williams,73,64,97,58,82,70,91,48,96,Entrepreneur
Kimberly Garcia,48,52,59,74,77,42,67,80,44,Financial Analyst
Sydney Smith,56,77,98,94,44,66,97,92,44,Data Scientist
Dr. April Martin,100,67,73,91,99,86,43,82,51,Writer
Fred Allison,75,65,68,62,52,72,57,88,100,Human Resource Specialist
Sarah Johnson,83,60,87,80,91,92,52,78,66,Entrepreneur
Phillip Weaver,64,78,81,95,53,43,94,65,48,Data Scientist
Jeffrey Ramsey,80,61,90,63,75,95,45,50,42,Software Engineer
Logan Robbins,42,48,77,93,99,98,94,40,94,Writer
Anthony Conway,88,48,40,77,79,62,85,52,92,Human Resource Specialist
William Watkins,78,40,82,40,94,82,71,43,40,Entrepreneur
Nicole Wu,45,44,92,66,67,86,76,59,93,Human Resource Specialist
Daniel Fernandez,97,88,80,50,78,75,71,42,84,Financial Analyst
Jacob Martinez,68,80,46,87,50,63,92,59,77,Writer
Melanie Walker,68,80,100,63,52,44,42,78,64,Data Scientist
Kenneth Garcia,40,76,86,59,73,79,91,42,47,Data Scientist
Lisa Stevens,43,95,58,79,57,66,65,78,40,Financial Analyst
Elizabeth Rasmussen,53,42,42,60,47,45,59,92,95,Human Resource Specialist
Suzanne Myers,41,85,46,65,79,93,67,90,83,Teacher
Lindsey Cox,82,79,94,82,54,63,65,63,41,Data Scientist
David Houston,50,46,54,100,81,83,94,96,96,Writer
Eric Baker,75,70,73,58,98,64,90,98,90,Manager
Dawn Ross,83,55,70,48,65,60,97,80,85,Manager
Renee Petty,83,85,40,79,54,57,55,51,58,Teacher
Stephen Richardson,83,62,83,88,53,93,92,95,75,Writer
Natasha Peters,58,74,71,74,67,59,92,61,78,Financial Analyst
Heather Andrews,64,79,51,68,98,61,56,64,69,Entrepreneur
Stephanie Copeland,77,99,68,72,89,92,86,94,99,Manager
Hannah Hebert,88,40,75,55,45,75,77,48,58,Marketing Executive
Stacie Gilbert,59,80,63,91,77,44,100,47,63,Writer
Shelby Edwards,46,44,96,60,82,88,90,77,89,Manager
Leslie Mendoza,52,41,51,44,91,52,55,61,87,Entrepreneur
Gary Thompson,76,65,56,79,100,91,89,53,78,Entrepreneur
Barbara Barton PhD,96,99,74,86,43,46,99,70,100,Writer
Lori Hayes,63,42,52,85,54,97,54,65,49,Financial Analyst
Norma Johnson,42,75,62,56,84,72,48,51,86,Entrepreneur
Melinda Richards,91,40,74,73,86,80,91,44,47,Entrepreneur
Monica Young,50,54,41,47,62,75,95,100,40,Manager
Jessica Bennett,44,72,81,82,60,88,91,52,94,Human Resource Specialist
Lisa Warren,54,89,83,77,75,97,57,61,41,Data Scientist
Steven Valdez,97,99,81,54,78,97,69,88,43,Data Scientist
Amanda Norris,87,69,87,82,45,59,87,54,89,Human Resource Specialist
Taylor Barnes,54,74,44,40,73,55,95,76,48,Manager
Jose Wilkerson,83,42,52,75,54,59,57,55,48,Financial Analyst
George Edwards,95,97,58,73,84,60,85,45,40,Entrepreneur
Sara Howell,78,66,87,97,68,41,51,52,56,Writer
Renee Jones,76,52,64,45,92,88,40,70,49,Entrepreneur
Charles Hamilton,46,82,97,76,78,45,85,89,48,Data Scientist
Yesenia Thomas,56,77,91,87,46,94,81,81,43,Data Scientist
Kelsey Rodgers,61,88,88,90,73,51,65,73,76,Data Scientist
Cathy Payne,93,46,47,60,47,49,92,79,40,Manager
Rodney Morris,65,59,41,99,75,65,61,80,52,Writer
Jennifer Bowers,60,72,99,69,76,88,82,77,74,Manager
Sarah Moore,40,84,68,66,84,63,100,40,83,Entrepreneur
Donald Washington,54,89,76,43,80,70,80,86,88,Human Resource Specialist
Jesse Dickerson,84,81,86,65,74,44,77,51,74,Data Scientist
Nicholas Bell,53,95,65,69,50,92,83,91,89,Manager
Kevin Lee,97,47,91,78,53,59,98,96,58,Manager
Christopher Mann,74,59,82,88,96,84,63,56,57,Writer
Misty Myers,84,91,40,92,77,63,95,98,54,Writer
Julie Larson,68,83,51,99,84,41,62,59,77,Writer
Elizabeth Cabrera,67,52,62,88,60,50,54,98,87,Writer
Jason Reese,99,83,83,83,67,54,75,79,61,Data Scientist
Katherine Jackson,40,77,84,79,98,84,45,79,84,Data Scientist
Haley Powers,76,99,81,88,57,43,46,55,43,Data Scientist
Richard Allen,61,99,87,67,96,71,50,71,76,Data Scientist
Sara Cannon,89,84,49,91,60,84,93,97,99,Writer
Julia Santiago,59,43,50,93,98,97,46,54,79,Writer
Michelle Jackson,55,92,100,54,94,69,87,83,66,Data Scientist
Elizabeth Glass,62,45,68,44,99,74,85,60,78,Entrepreneur
Christine Lopez,44,77,79,66,65,46,66,72,77,Software Engineer
Mark Stout,43,68,58,73,84,81,51,41,98,Entrepreneur
Jackie Peters,60,95,47,75,97,97,64,45,46,Entrepreneur
Phillip Miller,47,58,86,91,71,92,49,90,96,Writer
Brittany Mcdonald,68,57,93,45,98,91,88,60,70,Entrepreneur
Robert Jackson,90,57,44,67,44,85,81,95,57,Manager
Andrea Wilson,47,89,49,67,51,79,81,90,87,Manager
Melinda Smith,99,73,58,80,87,70,43,65,97,Entrepreneur
Gary Oconnell,50,73,52,63,85,51,78,93,77,Entrepreneur
Darren Crawford,41,71,96,43,59,82,86,46,99,Human Resource Specialist
Sharon Davis,62,48,41,67,93,64,59,60,88,Entrepreneur
Richard Frey,98,64,95,70,91,88,42,81,44,Entrepreneur
Kimberly Murphy,64,62,92,44,50,86,77,55,62,Software Engineer
Brian Green,80,73,70,74,99,82,40,80,53,Entrepreneur
Frank Bonilla,48,87,65,52,79,45,80,85,91,Human Resource Specialist
Sarah Anderson,95,87,90,77,50,56,61,98,67,Data Scientist
Rebecca Hogan,95,87,82,70,77,54,96,95,60,Data Scientist
Monica Saunders,51,95,87,58,59,85,84,56,48,Data Scientist
Adam Clark,93,89,59,57,93,58,42,70,62,Entrepreneur
Jeremy Mitchell,40,89,46,54,96,97,75,100,90,Entrepreneur
Mr. Anthony Patton,44,53,76,40,62,98,82,76,59,Manager
Traci Bean,83,49,76,41,90,99,72,94,40,Entrepreneur
Jennifer Myers,82,47,44,56,48,88,89,97,72,Manager
Patricia Greene,95,96,84,56,98,67,43,80,48,Data Scientist
Mr. Matthew Young,99,51,55,81,48,43,42,63,91,Human Resource Specialist
Karina Hill,58,93,86,67,70,84,43,73,55,Data Scientist
Alexander Campbell,97,50,80,87,93,97,48,45,95,Writer
Ryan Moore,80,67,74,87,99,79,80,47,76,Writer
Sean Gray,42,79,81,69,85,42,62,92,90,Data Scientist
Edgar Patton,75,58,83,92,67,64,54,86,58,Writer
Lucas Johnson,74,62,56,43,95,40,56,73,68,Entrepreneur
Margaret Leonard,45,94,100,74,66,66,96,75,61,Data Scientist
Brenda Orr,44,77,50,41,90,64,56,77,53,Entrepreneur
Alexis Chan,87,83,93,58,78,45,80,66,82,Data Scientist
Julie Salinas,96,85,54,97,95,76,92,41,82,Writer
Sarah Roberts,86,80,58,94,90,57,53,64,66,Writer
Melanie Patterson,48,100,84,83,72,54,45,76,82,Data Scientist
Kathleen James,99,57,46,49,54,68,66,82,76,Marketing Executive
Devin Johnson,70,49,71,40,59,97,40,71,79,Financial Analyst
Kristy Adams,57,84,85,92,91,51,53,61,73,Data Scientist
Timothy Collins,59,100,62,42,72,46,96,59,90,Human Resource Specialist
Hayden Reese,67,65,80,61,96,44,91,67,94,Entrepreneur
Jordan Lee,54,66,67,54,51,87,54,85,80,Teacher
Michelle Rodriguez,86,55,74,64,77,68,76,75,84,Software Engineer
Kara Wilson,84,62,62,65,94,71,57,98,58,Entrepreneur
Zachary Hill,88,69,80,79,78,50,87,83,57,Manager
Amber Barrera,74,44,44,47,54,92,69,65,61,Marketing Executive
Douglas Stanley,67,57,48,86,68,48,59,77,81,Writer
Stephen Williams,100,60,79,98,70,93,63,77,65,Writer
Mary Anderson,49,58,52,80,40,100,41,86,77,Teacher
Tina Combs,53,98,78,65,87,42,55,99,80,Entrepreneur
Dustin Velazquez,77,40,53,91,73,73,44,46,88,Writer
William Perez,56,54,52,55,58,86,50,97,86,Human Resource Specialist
Linda Rios,74,80,41,93,83,48,57,41,71,Writer
Robert Mooney,89,93,93,63,88,98,60,99,87,Data Scientist
Erica Frank,77,83,96,96,81,52,88,80,93,Data Scientist
Charles Smith,71,48,75,80,45,53,79,83,57,Teacher
Jamie Pitts,90,76,84,89,69,53,62,99,56,Data Scientist
Keith Jackson,54,55,68,42,50,78,61,82,68,Software Engineer
Andrew Taylor,48,45,45,94,43,99,72,68,70,Writer
Jessica Carpenter,86,73,60,44,72,88,79,93,62,Teacher
Michael Stout,80,93,53,46,51,75,68,60,72,Teacher
Alicia Irwin,99,89,80,48,79,48,48,77,87,Human Resource Specialist
Mrs. Dawn Kaufman,95,50,86,63,88,53,64,66,72,Entrepreneur
Melinda Fowler,78,89,96,76,63,65,79,77,93,Data Scientist
Leslie Armstrong,87,77,92,71,96,69,86,60,63,Data Scientist
Anna Bowman,55,42,56,98,96,67,64,47,42,Writer
Lisa Joseph,54,79,68,52,72,68,67,45,86,Human Resource Specialist
Robert Mcclure,49,56,96,78,84,84,100,60,51,Entrepreneur
Julie Acosta,44,97,87,61,47,62,79,47,83,Data Scientist
Joseph Strong,48,42,58,58,57,41,40,56,44,Software Engineer
Patricia Perez,72,96,68,98,97,50,48,90,88,Writer
Amanda Callahan,70,81,97,87,59,69,59,50,88,Data Scientist
Michelle Sanford,67,43,55,74,65,94,51,57,82,Software Engineer
Dawn Cervantes,70,72,90,66,89,80,70,89,65,Entrepreneur
Cindy Clayton,73,91,44,53,84,56,91,57,93,Entrepreneur
Megan Walker,68,40,61,88,75,67,86,47,91,Writer
George Campbell,79,89,97,57,84,82,96,61,59,Data Scientist
Thomas Russell,52,100,92,67,71,91,72,98,60,Data Scientist
Natalie Shields PhD,57,72,54,95,79,97,43,58,100,Writer
Lisa Barnes,48,41,49,75,60,57,80,72,93,Human Resource Specialist
Clayton Patrick,87,61,70,63,54,74,97,90,43,Manager
Charles Lyons,60,80,72,45,97,62,52,66,86,Entrepreneur
Brian Hicks,97,45,54,58,71,83,69,77,74,Financial Analyst
Alejandro Foster,87,63,83,54,93,77,73,81,49,Entrepreneur
Kimberly Ortiz,77,52,84,59,46,78,100,64,48,Software Engineer
Julie Peterson,64,62,55,78,51,68,79,54,56,Marketing Executive
Krista Reyes,64,67,80,80,86,55,57,52,94,Entrepreneur
Vanessa Perez,57,44,41,49,87,60,85,51,58,Entrepreneur
Cory Reynolds,94,47,40,99,59,79,100,66,47,Writer
Lisa Delacruz,87,44,79,71,53,42,86,51,77,Marketing Executive
Jeff Marquez,76,72,59,72,40,96,55,56,52,Teacher
Luis Hernandez,75,48,78,81,47,73,43,94,99,Human Resource Specialist
Veronica Blake,62,96,69,81,53,49,52,80,76,Marketing Executive
Steven Curtis,50,58,83,83,42,66,55,65,99,Human Resource Specialist
James Chavez,59,79,84,47,45,84,71,69,63,Data Scientist
Stuart Bryan,61,100,87,46,46,49,99,84,43,Data Scientist
Ryan Fuentes,91,71,78,87,78,82,83,95,49,Writer
Yvette Luna,61,57,49,91,43,42,48,50,64,Writer
Maria Richardson,45,54,81,91,44,93,72,83,67,Writer
Michelle Walker,57,59,76,69,58,90,95,61,95,Human Resource Specialist
Arthur Perkins,59,98,95,47,95,70,73,72,86,Data Scientist
Angela Pierce,42,47,73,100,76,52,45,100,68,Writer
David Phillips,70,72,88,65,53,71,70,83,86,Human Resource Specialist
Paula Rose,68,74,72,63,50,74,86,81,42,Manager
Mrs. Carol Moore,41,56,81,42,83,72,70,54,48,Entrepreneur
Charles Ward,46,54,93,59,72,46,83,82,96,Manager
Courtney Patterson,84,48,65,79,44,66,88,75,100,Human Resource Specialist
Erica Parks,73,74,99,50,68,96,68,53,49,Marketing Executive
Debra Williams,75,49,48,43,63,87,98,79,87,Manager
Anita Patel,61,43,42,71,47,47,46,68,81,Financial Analyst
Kayla Williams,61,79,54,48,76,99,61,45,46,Financial Analyst
Sarah Perez,73,75,91,66,98,83,89,82,55,Manager
Hailey Reed,57,86,86,81,80,93,66,49,87,Data Scientist
Zachary Mcclure,51,82,45,73,43,89,94,89,72,Manager
Danielle Owens,97,83,91,74,95,99,69,88,82,Data Scientist
Larry Moore,76,84,69,96,48,85,92,65,65,Writer
Kevin Hurst,57,92,93,42,65,42,70,51,51,Data Scientist
Ashley Lee,91,46,63,72,41,54,58,58,54,Marketing Executive
Rebecca Jones,63,77,65,82,72,58,42,45,92,Human Resource Specialist
Walter Bradley,91,75,40,89,72,55,46,51,43,Writer
Steven Bell,46,73,97,99,50,47,41,75,100,Writer
Christine Mccall,45,41,74,82,76,95,99,85,57,Manager
Danielle Houston,47,96,83,66,93,89,98,57,59,Data Scientist
Nathaniel Young,84,97,81,91,89,57,46,78,63,Data Scientist
Brandy Martinez,44,48,100,44,99,77,78,86,97,Entrepreneur
Mark Bonilla,90,52,48,62,82,100,76,54,67,Entrepreneur
Johnny Carter,69,75,79,99,96,57,72,96,80,Writer
Michelle Webster,40,54,68,68,51,70,80,76,72,Marketing Executive
Sophia Lopez,72,45,76,72,82,74,52,71,86,Entrepreneur
Sarah Robinson,72,80,99,47,53,72,65,63,69,Data Scientist
Sean Scott,52,99,47,54,76,53,79,64,100,Human Resource Specialist
Katelyn Ware,84,58,47,73,93,75,42,58,74,Entrepreneur
Jordan Ortiz,87,47,43,68,56,88,83,58,43,Teacher
Alexis Knox,46,79,98,54,77,54,44,67,53,Data Scientist
Dawn Jenkins,55,61,91,95,70,68,62,45,67,Writer
Bradley Lawrence,93,63,99,100,87,42,44,66,96,Writer
Megan Smith,88,47,100,73,40,90,54,45,76,Software Engineer
Tristan Miller,60,98,77,75,63,78,96,47,44,Financial Analyst
Johnny Vargas,89,100,72,80,95,50,91,94,44,Manager
Nicholas Finley,40,75,48,77,99,69,73,82,60,Entrepreneur
Savannah Martin,79,55,83,90,45,88,79,89,41,Writer
Shannon Johnson,72,73,85,82,90,75,93,92,45,Manager
Tanner Turner,93,87,42,81,70,66,87,46,89,Human Resource Specialist
Suzanne Morris,56,70,97,99,67,59,73,69,91,Writer
Danielle Brown,76,90,89,41,54,41,68,52,60,Data Scientist
Kelli Adams,96,48,77,73,73,89,92,66,75,Software Engineer
Mr. Daniel Herring,49,94,40,75,44,48,53,99,87,Human Resource Specialist
Brandi Morgan,92,40,71,59,51,72,82,59,50,Software Engineer
Margaret Walker,45,81,93,54,81,66,81,45,87,Data Scientist
Angela Gonzales,62,76,58,67,67,77,59,80,84,Marketing Executive
Kendra Jones,60,99,56,83,48,83,91,64,50,Software Engineer
Jennifer Elliott,50,58,64,44,40,47,40,60,66,Marketing Executive
Tyler Reyes,58,73,95,43,84,45,76,86,77,Entrepreneur
Timothy Singleton,55,52,67,52,97,41,65,95,56,Entrepreneur
Cynthia Williamson,55,65,49,66,62,47,87,62,74,Marketing Executive
Philip Olson,50,61,54,86,46,94,96,60,62,Writer
Steven Harris,98,75,94,73,69,94,66,78,84,Financial Analyst
Lynn Jacobs,56,89,46,73,85,60,43,46,48,Entrepreneur
Katherine Morales,94,53,42,79,44,44,65,61,98,Human Resource Specialist
Amanda Dixon,91,70,68,78,70,40,53,64,81,Financial Analyst
Jennifer Hicks,68,56,89,99,87,70,82,79,73,Writer
Megan Reyes,91,48,61,68,47,60,95,74,81,Financial Analyst
Lee Martinez,58,40,93,80,43,97,66,93,98,Human Resource Specialist
Sally Robinson,65,71,80,99,96,41,58,53,93,Writer
Shannon Robinson,76,69,84,56,54,97,79,97,70,Software Engineer
Michele Young,72,97,86,85,97,59,72,48,79,Data Scientist
Antonio Richmond,50,79,60,70,84,92,96,95,75,Manager
Marc Sims,58,72,54,84,97,76,95,70,46,Entrepreneur
Judith Murphy,86,77,100,79,59,96,55,86,70,Data Scientist
Christopher Hill,71,62,83,96,43,63,73,64,84,Writer
Amanda King,91,97,52,49,58,62,81,71,60,Marketing Executive
Cynthia Thornton,85,46,87,78,66,42,68,77,60,Teacher
Charles Collins,54,92,50,74,85,76,66,90,48,Entrepreneur
Joshua Hernandez,43,95,99,70,71,46,98,97,58,Data Scientist
Kristen Williams,95,76,86,66,88,53,40,40,41,Data Scientist
Thomas Nichols,52,44,44,62,54,95,69,69,99,Human Resource Specialist
Renee Price,49,60,65,73,85,43,91,75,70,Entrepreneur
Jenna Preston,65,97,85,54,71,81,71,62,57,Data Scientist
Jorge Benson,86,58,75,66,66,43,56,58,41,Marketing Executive
Curtis Rodriguez,63,72,79,40,51,58,47,89,40,Marketing Executive
Tracy White,83,92,96,93,74,87,60,52,41,Data Scientist
Matthew Norman,44,86,64,70,73,44,93,43,86,Human Resource Specialist
Calvin Ford,66,94,80,92,75,87,48,60,78,Writer
Janet Carpenter,48,50,98,82,54,41,71,52,95,Human Resource Specialist
Dana Barber MD,86,83,76,81,89,56,58,96,76,Entrepreneur
Julie Flores,46,45,99,74,71,85,75,59,44,Financial Analyst
Richard Bell,79,90,94,68,78,75,78,57,59,Data Scientist
Julie Lee,53,79,68,86,41,87,83,67,84,Writer
Christine Kelly,52,77,86,83,59,87,65,42,41,Data Scientist
Jason Cunningham,89,70,99,65,79,52,68,75,50,Financial Analyst
Stephen Mercado,43,87,53,46,72,94,99,74,56,Marketing Executive
Penny Garcia,94,52,90,43,66,45,77,41,45,Financial Analyst
Fernando Gray,73,74,63,91,83,65,62,81,51,Writer
Jeremy Adams,98,40,99,43,63,68,85,79,79,Manager
Jeffrey Wells,59,43,62,40,97,66,54,68,62,Entrepreneur
Justin David,81,47,78,57,75,41,65,81,75,Teacher
Angela Crawford,44,94,44,85,40,42,48,88,67,Teacher
Jeff Dunn,86,95,68,40,67,88,95,65,98,Human Resource Specialist
Joseph Smith,55,95,74,62,54,89,72,40,80,Teacher
Elizabeth Tucker,92,98,84,43,59,96,78,66,45,Data Scientist
Collin Miller,90,93,56,81,67,64,86,58,41,Financial Analyst
Andrea Pope,56,92,62,93,50,82,85,61,56,Writer
Joseph Parrish,69,91,87,65,96,96,74,78,60,Data Scientist
William Sweeney,80,74,73,58,56,78,73,61,45,Teacher
Sarah Davila,72,57,77,47,64,65,51,86,54,Software Engineer
Sarah Bowman,40,55,84,59,59,65,45,44,90,Human Resource Specialist
Gabriel Mcgee,98,79,95,94,100,73,83,59,47,Data Scientist
Alejandro Guerra,50,99,94,68,60,88,63,48,64,Data Scientist
Tracey Keller,92,100,98,42,75,72,93,42,42,Data Scientist
Jasmine Porter,47,50,90,78,67,100,44,48,48,Marketing Executive
Kelly Sanders,88,59,76,40,60,75,44,91,100,Human Resource Specialist
Antonio Weiss,96,71,69,97,71,100,74,44,89,Writer
Tracy Hawkins,79,88,76,81,71,73,97,84,55,Manager
Kristen Bradshaw,94,76,68,65,68,53,83,79,87,Manager
Tim White,60,69,72,57,69,63,66,41,68,Teacher
Claire Walker,68,82,42,55,72,52,69,54,95,Human Resource Specialist
Cody Nguyen,40,42,77,60,62,68,99,92,52,Manager
Megan Adams,73,83,56,50,92,100,44,53,64,Entrepreneur
Matthew Vega,41,93,53,98,76,48,100,80,62,Writer
Jessica Le,100,90,74,90,93,86,60,60,67,Writer
Paul Lopez,47,64,42,61,42,46,54,94,85,Marketing Executive
Sharon Ward,83,65,54,67,69,47,88,100,53,Manager
Felicia Scott,60,54,86,83,58,79,89,73,76,Marketing Executive
Elaine Simmons,43,55,78,78,48,58,97,92,78,Manager
Emily James,44,41,87,64,56,41,84,65,64,Marketing Executive
Megan Clark,72,59,40,62,53,60,78,99,82,Financial Analyst
Christine Gill,70,47,88,55,86,46,95,89,56,Manager
Nancy Morales,90,79,74,65,65,57,61,71,43,Teacher
Christopher Alvarez,98,95,67,75,47,65,42,47,80,Marketing Executive
Nicole Thomas,50,84,81,63,98,92,60,78,42,Data Scientist
Leah Wade,71,66,83,69,99,55,90,84,79,Manager
Erik Flowers,74,86,88,50,81,53,45,47,67,Data Scientist
Brittany York,40,67,96,70,67,85,53,46,82,Financial Analyst
Shannon Lopez,84,60,62,75,48,98,53,85,98,Human Resource Specialist
Rhonda Best,81,78,45,97,76,62,48,46,90,Writer
Jessica Johnson,46,93,60,48,48,87,40,90,78,Financial Analyst
Jodi Stevens,86,42,93,46,46,77,95,88,59,Manager
Jenna Wilson,61,50,67,44,40,45,82,40,94,Human Resource Specialist
Beth Riley,47,49,86,49,90,60,89,68,81,Entrepreneur
Andrew Hamilton,99,61,62,57,96,41,60,83,68,Entrepreneur
George Flowers,70,82,58,93,71,95,77,50,65,Writer
Angela Jones,49,44,92,59,77,77,47,48,97,Human Resource Specialist
Thomas Dunlap,62,91,48,41,40,88,88,93,53,Manager
Beverly Mckee,75,88,40,58,94,92,60,73,82,Entrepreneur
Nathan Odom,100,94,49,90,72,65,48,74,51,Writer
Daniel Sullivan,53,84,42,80,41,82,41,78,46,Financial Analyst
Mary Ford,78,70,82,42,56,57,47,93,71,Teacher
Carol Martin,49,71,56,76,90,86,98,40,47,Entrepreneur
Alexis Johnson,76,50,77,100,52,51,44,91,59,Writer
Joseph Torres,65,95,69,79,86,49,83,88,91,Manager
Zachary Richardson,74,79,51,75,94,48,62,61,76,Entrepreneur
Charles Odonnell,74,80,40,45,94,88,99,43,45,Entrepreneur
Brandon Patton,99,94,89,86,70,50,100,75,78,Data Scientist
Donna Burns,57,40,48,72,40,76,62,42,100,Human Resource Specialist
Rebecca Bailey,73,73,55,41,64,79,93,93,65,Manager
Stephanie Hernandez,84,64,76,69,66,78,41,99,67,Software Engineer
Joshua Gay,59,55,51,72,76,42,59,51,56,Teacher
Christopher Howe,49,86,60,62,58,49,84,84,78,Manager
Tommy Parker,88,61,68,51,55,73,52,88,75,Marketing Executive
Kimberly Cannon,53,66,82,42,90,100,52,94,66,Entrepreneur
Gina Santiago,59,60,80,98,90,67,54,40,45,Writer
Joseph Zavala,74,74,90,52,42,94,53,95,61,Financial Analyst
Jill Stewart,70,80,73,48,94,68,91,64,72,Entrepreneur
Melinda Elliott,43,51,56,67,69,72,91,62,45,Marketing Executive
Susan Lowery,77,97,95,92,62,88,81,95,94,Data Scientist
Joseph Robinson,56,74,51,77,85,93,82,60,54,Entrepreneur
Rebecca Burke,66,100,74,44,85,100,44,64,94,Entrepreneur
Christopher Castro,67,40,99,88,84,84,93,60,49,Writer
Sarah Young,68,81,60,96,82,100,68,66,67,Writer
Kimberly Burke,48,100,50,44,63,56,69,41,78,Software Engineer
Scott Wilson,43,83,82,83,89,54,84,73,46,Data Scientist
Joanna Knight,45,96,72,42,78,85,67,47,41,Software Engineer
Joshua Phillips,81,69,78,83,75,64,66,100,87,Human Resource Specialist
Tyler Jones,91,57,59,79,49,70,77,57,50,Software Engineer
Tracey Weeks DDS,96,74,46,48,94,54,42,62,98,Entrepreneur
Diana Montes,48,68,45,67,64,87,83,80,93,Manager
Roger Vega,52,75,61,55,100,95,64,72,53,Entrepreneur
Brandon Woodard,60,73,92,97,47,56,46,97,61,Writer
Amber Page,45,51,97,83,52,54,62,92,80,Financial Analyst
Melissa Adams,53,86,47,81,65,85,74,40,59,Financial Analyst
Warren Phillips,48,52,63,87,50,69,74,89,63,Writer
Kimberly Sanchez,98,63,84,40,70,94,41,53,93,Human Resource Specialist
Kenneth Nelson,95,84,41,53,43,62,93,50,52,Marketing Executive
Matthew Burton,94,48,52,62,72,46,85,88,53,Manager
Krista Salinas,46,47,54,46,44,46,52,44,88,Human Resource Specialist
James Walker,66,87,86,53,75,78,46,88,69,Data Scientist
Brandon Mercado,49,42,71,43,54,82,75,94,93,Human Resource Specialist
Mary Vance,67,45,48,95,93,65,46,55,70,Writer
Ricardo Lynch,92,96,89,56,100,71,72,79,60,Data Scientist
Tina West,49,84,75,97,69,60,48,97,84,Writer
Andrew Morris,100,51,96,68,76,68,96,100,55,Manager
Bobby Conner,54,75,82,70,50,92,76,46,50,Software Engineer
Jamie James,52,91,62,99,53,74,55,85,76,Writer
Lori Jacobson,87,98,75,91,85,77,46,95,55,Writer
Maria Riley,61,48,68,43,73,89,87,54,74,Financial Analyst
Angelica Vargas,49,65,88,97,83,52,99,97,95,Writer
Andrew Cunningham,93,55,40,59,49,73,71,70,92,Human Resource Specialist
Monique Harris,88,78,55,68,100,100,99,76,52,Manager
Jason Garrett,84,100,80,59,67,40,63,52,52,Software Engineer
Michael Murphy,76,82,74,94,44,78,80,65,61,Writer
Ian Francis,80,90,45,61,64,44,70,64,65,Financial Analyst
Keith Guerra,83,87,99,81,58,52,84,65,96,Data Scientist
Elizabeth West,76,84,61,59,53,53,66,65,74,Marketing Executive
Christian Davidson,68,80,80,70,55,92,71,65,62,Marketing Executive
Stephen Vargas,46,82,68,52,99,78,78,47,52,Entrepreneur
Brenda Kerr,47,57,65,65,88,63,43,91,44,Entrepreneur
Ashley Costa,72,58,100,60,85,42,48,91,88,Entrepreneur
Terry Salas,93,60,93,87,65,48,57,98,63,Writer
Adam Taylor,45,98,73,65,87,81,42,60,69,Entrepreneur
Douglas Mcmillan,44,80,68,47,55,68,51,94,49,Software Engineer
Andrew Schroeder,94,50,76,96,50,60,89,80,84,Writer
Marissa Jenkins,54,56,59,88,53,68,84,58,43,Writer
Drew Bishop,41,92,80,76,44,97,82,47,59,Teacher
Michael Blake,64,94,56,75,63,43,56,74,93,Human Resource Specialist
Ashley Park,73,62,56,82,43,76,57,74,77,Software Engineer
Shawn Black,93,57,51,95,94,70,100,99,64,Writer
David Simon,81,78,73,44,97,62,98,69,88,Entrepreneur
Denise Leblanc,46,81,79,64,48,53,100,61,76,Financial Analyst
Troy Gilbert,96,100,47,59,60,59,40,71,87,Human Resource Specialist
Travis Madden,51,41,67,53,84,67,67,55,47,Entrepreneur
Michelle Sweeney,77,78,65,75,92,93,76,90,81,Entrepreneur
Melinda Hart,56,68,55,93,83,54,81,79,40,Writer
Samuel Duarte,72,79,47,73,62,73,59,85,97,Human Resource Specialist
Jeremy Clark,98,74,96,82,72,40,43,80,80,Financial Analyst
William Mitchell,96,63,65,48,100,79,41,75,48,Entrepreneur
Susan Keller,100,72,61,52,74,59,44,84,43,Marketing Executive
Crystal Harris,63,40,73,55,70,60,45,70,92,Human Resource Specialist
Barbara Tran,77,64,44,90,95,91,96,59,67,Writer
Jessica George,64,56,64,44,65,75,48,64,71,Financial Analyst
Christopher Daugherty,48,70,44,95,62,54,70,64,55,Writer
Curtis Atkins,82,91,87,86,62,94,61,61,100,Data Scientist
Dawn Jacobs,81,91,50,47,79,48,47,99,70,Teacher
Elizabeth Lane,64,79,57,90,45,82,97,78,81,Writer
Emily Andrews,79,45,80,75,64,42,78,60,80,Teacher
Aaron Ferguson,41,77,96,72,87,59,69,60,85,Data Scientist
Sarah Cross,58,46,53,57,63,71,60,40,89,Human Resource Specialist
Sandra Gutierrez,78,45,62,82,66,78,63,93,51,Teacher
Gina Kelly,46,88,77,84,64,91,61,40,43,Teacher
Kimberly Dennis,80,53,87,65,80,75,40,61,89,Human Resource Specialist
Edward Williams,99,74,62,76,70,94,51,80,74,Marketing Executive
Emily Cook,41,82,87,68,77,55,97,73,88,Data Scientist
Mark Deleon,86,81,100,51,95,51,80,85,54,Data Scientist
Kayla Holmes,65,55,61,63,93,73,45,65,98,Entrepreneur
Charles Andersen,44,52,58,51,57,78,70,40,73,Financial Analyst
Joel Nelson,91,54,75,54,46,83,74,62,86,Human Resource Specialist
Lisa Mills,82,75,99,58,86,81,44,57,79,Entrepreneur
William Johnson,69,69,46,89,68,42,69,59,62,Writer
Amber Miller,74,41,83,88,40,77,83,78,73,Writer
Jamie Johnson,91,75,42,98,50,81,96,59,60,Writer
Dustin Molina,40,52,87,69,77,45,42,40,91,Human Resource Specialist
Joshua Little,84,73,63,51,76,45,61,54,67,Teacher
Michael Riley,85,50,45,49,49,71,53,82,64,Marketing Executive
Jessica Greene,97,52,64,99,62,61,88,99,70,Writer
Michael Bryan,82,62,88,96,62,50,83,86,87,Writer
Phillip Richards,92,53,100,41,58,93,71,94,93,Human Resource Specialist
Elizabeth Kelley,49,45,40,61,99,54,94,62,49,Entrepreneur
Paul Hayes,54,53,54,73,96,47,70,48,52,Entrepreneur
Matthew Hernandez,41,53,85,56,55,71,80,68,62,Software Engineer
Randy Frye,71,60,78,94,58,90,96,94,43,Writer
Melvin Crawford,65,79,40,44,81,40,47,69,44,Entrepreneur
Margaret Stevens,82,80,91,54,87,74,90,69,67,Data Scientist
Tina Mcintyre,50,78,93,51,78,85,100,52,60,Data Scientist
Molly Morgan,55,80,49,65,45,56,76,66,83,Financial Analyst
Lisa Tanner,90,49,87,85,97,58,76,75,42,Entrepreneur
Travis Miller,82,82,65,84,47,67,64,50,65,Software Engineer
Kimberly Anderson,100,82,78,85,77,72,86,74,78,Software Engineer
Adrian Adams,83,89,57,70,55,71,41,45,58,Software Engineer
Ronald Hartman,58,46,80,43,58,55,48,94,69,Financial Analyst
Anna Martin,89,95,73,44,74,52,66,97,52,Software Engineer
Gregory Allen,70,68,99,78,67,51,94,74,90,Human Resource Specialist
Anthony West,42,42,65,86,94,92,41,63,93,Writer
Christina Alvarado,86,61,79,57,52,65,84,48,62,Marketing Executive
Carl Hodge,53,96,85,54,90,43,47,57,81,Data Scientist
Jonathan Boyd,79,50,87,91,58,46,53,45,61,Writer
Brett Moore,60,75,67,97,51,63,92,47,54,Writer
Kimberly Davis,85,52,81,48,95,86,41,82,98,Entrepreneur
Faith Brown,70,97,49,91,57,60,44,86,84,Writer
Dr. Jeremy Clark,62,55,42,91,85,46,90,82,63,Writer
John Bartlett,62,72,93,64,87,96,46,49,94,Entrepreneur
Paul Johnson,53,98,86,52,42,77,88,95,47,Data Scientist
Ann Nguyen,49,45,69,48,52,80,57,61,94,Human Resource Specialist
Arthur Allen,65,40,79,53,69,65,74,52,74,Software Engineer
Pamela Boone,60,49,93,71,63,88,86,96,95,Manager
Emily Riley,74,70,81,59,63,47,95,61,55,Software Engineer
Andrea Delacruz,81,87,73,46,81,60,83,78,40,Manager
Tamara Powell,48,56,98,83,40,60,71,95,77,Financial Analyst
Lisa Dalton,90,89,67,67,69,88,100,86,73,Manager
Elizabeth Fuller,70,46,51,54,57,97,48,54,81,Teacher
Jacob Weeks,68,77,59,47,97,58,83,44,76,Entrepreneur
Matthew Jimenez,60,51,69,74,82,43,48,95,91,Entrepreneur
Stephanie Schwartz,83,56,42,80,99,99,55,46,93,Entrepreneur
Denise Williams,59,74,94,62,96,96,52,71,43,Entrepreneur
Bianca Smith,58,79,45,72,51,91,64,78,46,Teacher
Joseph Anderson,43,49,79,48,92,52,45,63,56,Entrepreneur
Jesse Ward DVM,91,86,85,98,91,62,83,71,58,Data Scientist
Clinton Mclean,82,70,72,51,45,93,83,71,68,Marketing Executive
Jaime Jennings,81,48,72,82,70,94,100,54,50,Financial Analyst
Jacqueline Bradley,96,78,40,66,62,70,71,81,85,Teacher
Briana Hall,85,97,99,87,82,52,65,99,74,Data Scientist
Angela Collier,58,77,54,65,42,85,66,66,96,Human Resource Specialist
Jose Hutchinson,56,93,70,66,57,46,81,91,92,Manager
Roy Hendrix,48,48,50,100,49,93,55,99,69,Writer
Brenda Phillips,43,71,54,93,59,44,47,59,65,Writer
Tammy Freeman,55,60,83,95,82,60,92,40,58,Writer
Samantha Taylor,46,88,42,60,58,83,49,57,52,Marketing Executive
Michelle Wilson,63,99,96,84,58,76,100,91,51,Data Scientist
Mrs. Nancy Ruiz MD,47,44,52,78,47,61,70,43,86,Human Resource Specialist
Joseph Spears,53,77,98,100,69,58,66,86,90,Data Scientist
Julie Lynch,61,90,91,88,41,57,65,95,40,Data Scientist
Cynthia Kelley,80,53,88,72,60,69,42,78,95,Human Resource Specialist
Tonya Black,98,82,100,88,76,45,48,50,100,Data Scientist
Isaac Johnson,75,70,48,73,91,40,50,90,71,Entrepreneur
Brittany Collins,62,82,65,78,92,65,56,53,54,Entrepreneur
Nicole Fernandez,43,80,44,77,64,69,66,65,53,Software Engineer
Christopher Newton,48,93,48,41,94,40,98,40,88,Entrepreneur
Jose Huynh,49,48,76,49,65,81,74,54,58,Teacher
Rachel Warner,48,69,67,67,100,83,57,63,40,Entrepreneur
Mark Wood,46,65,40,77,77,74,53,97,52,Software Engineer
Jennifer Harrison,44,59,58,86,64,66,45,45,50,Writer
Michael Murray,62,59,64,98,70,100,97,89,57,Writer
Carla Robinson,96,100,40,79,54,84,70,71,70,Teacher
Anthony Young,63,100,66,45,71,49,96,93,89,Manager
Jason Rosales,70,69,78,93,66,47,53,95,47,Writer
Jared Carroll,41,56,97,66,46,43,44,41,49,Marketing Executive
Timothy Fox,58,58,44,60,91,78,41,44,99,Entrepreneur
Courtney Holt,87,94,62,83,59,62,51,56,99,Human Resource Specialist
Lisa Willis,43,50,51,55,74,57,82,80,41,Manager
Erica Brown,61,81,64,44,62,64,56,57,66,Software Engineer
Terri Lloyd,87,43,55,70,68,94,87,47,57,Financial Analyst
Rita Phillips,48,60,77,90,40,91,40,68,74,Writer
Yolanda Jones,44,80,62,45,59,66,93,48,97,Human Resource Specialist
Olivia Norton,67,41,49,58,62,62,40,62,81,Marketing Executive
Rhonda Turner,65,97,62,86,65,66,70,68,63,Writer
Andrew Vasquez,48,80,59,72,83,96,81,52,64,Entrepreneur
Amy Barr,70,78,76,80,44,49,50,61,59,Financial Analyst
Kenneth Perez,53,69,65,91,89,88,56,96,65,Writer
Dorothy Hall,84,56,75,49,67,95,89,64,79,Marketing Executive
James Cooke,55,46,93,90,83,95,68,45,89,Writer
Scott Dixon,95,67,44,97,57,62,50,58,95,Writer
Chris Dodson,96,43,76,96,71,80,61,84,91,Writer
Jennifer Decker,52,76,67,51,87,41,64,86,86,Entrepreneur
Amanda Hart,48,87,90,50,89,89,79,71,51,Data Scientist
Judy Burton,61,80,60,72,80,91,42,87,60,Teacher
Karina Weaver,95,55,77,59,84,57,81,81,56,Manager
Tammy Bowen,42,46,74,68,65,58,47,99,75,Teacher
Barry Miller,75,60,69,76,93,41,78,96,81,Entrepreneur
Brenda Matthews,71,88,56,68,58,97,60,47,99,Human Resource Specialist
Kevin Vaughan,64,91,54,65,99,84,79,66,64,Entrepreneur
Deanna Dougherty,77,94,86,40,46,58,44,83,52,Data Scientist
Bobby Mckinney,75,57,69,97,68,48,72,94,70,Writer
Gerald Miller,94,65,47,45,92,78,100,55,85,Entrepreneur
Emily Gregory,98,68,85,91,60,82,88,52,80,Writer
Carol Baker,97,95,62,54,60,50,89,76,43,Manager
Alexander Foley,48,58,51,46,62,45,92,86,76,Manager
Wayne Waller,100,67,74,94,49,57,59,72,90,Writer
Kayla Silva,47,42,45,45,92,69,95,84,47,Manager
Diane Torres,75,68,47,71,72,56,83,89,67,Manager
Ronald Mitchell,43,47,59,63,54,41,68,48,79,Teacher
Scott Calderon,54,42,89,92,56,75,81,95,94,Writer
Jason Dickerson,84,95,52,45,81,62,81,48,75,Entrepreneur
Jessica Salazar,49,90,74,47,58,73,88,56,94,Human Resource Specialist
Natalie Fleming,60,97,47,84,61,80,94,51,93,Human Resource Specialist
Ashley Strickland,69,46,76,80,86,89,65,54,98,Entrepreneur
Andrew Robles,45,78,79,92,98,83,57,75,49,Writer
Shelly Baker,75,90,97,72,71,56,77,45,74,Data Scientist
Kimberly Graham,43,80,74,63,45,56,75,83,70,Marketing Executive
Mrs. Michelle Brown,65,69,52,97,49,90,73,94,75,Writer
Richard Greer,94,72,62,90,58,75,41,59,65,Writer
Jennifer Walter,91,72,87,69,66,46,40,91,57,Marketing Executive
Matthew Ellis,77,55,75,98,78,78,95,66,68,Writer
Dr. Ryan Serrano DDS,54,64,86,44,86,45,89,99,89,Manager
Matthew Myers,56,94,44,94,88,58,83,68,82,Writer
Cameron Sims,52,66,61,88,43,77,66,62,50,Writer
Jerry Morrison,76,41,94,85,72,43,80,90,83,Marketing Executive
William Farrell,79,40,55,44,48,44,70,58,100,Human Resource Specialist
Shelly Robertson,70,84,66,53,58,88,61,91,91,Human Resource Specialist
Mary Herrera,76,79,56,44,100,51,81,80,90,Manager
Stephanie Browning,65,62,96,65,89,53,97,92,80,Manager
Kelly Gonzalez,59,59,71,87,41,65,64,77,94,Writer
Megan Santos,72,78,74,84,46,88,66,89,89,Human Resource Specialist
Gary Soto,43,75,77,56,51,59,83,89,94,Manager
Mark Flores,44,83,73,88,95,97,60,80,91,Writer
Michael Lindsey,68,51,49,96,73,96,66,59,45,Writer
Jason Cruz,91,70,91,60,70,46,84,95,69,Manager
Amy Guerra,83,70,84,45,61,55,46,45,84,Teacher
Mary Lloyd,47,72,57,63,90,58,68,44,73,Entrepreneur
Megan Moore,46,55,100,49,43,67,74,43,76,Teacher
Jeff Gonzalez,84,99,64,87,78,52,74,56,92,Writer
Melissa Finley,52,44,47,73,96,79,60,77,49,Entrepreneur
Jordan Le,45,63,93,55,58,60,73,74,57,Financial Analyst
Casey Doyle,85,70,79,57,46,74,63,91,68,Teacher
Andre Cobb,69,70,94,79,81,79,56,70,69,Entrepreneur
Travis Figueroa,61,80,58,56,74,57,53,100,91,Human Resource Specialist
Caroline Long,75,56,94,67,77,65,91,57,100,Human Resource Specialist
Christina Lowe,46,54,61,90,88,86,80,78,74,Writer
Alexander Hart,93,75,81,64,57,68,68,74,67,Marketing Executive
Nicole Jackson,54,66,88,82,67,74,48,89,86,Human Resource Specialist
Brandi Kirk,48,47,65,82,78,83,86,71,81,Teacher
Autumn Rich,97,67,90,71,89,91,65,49,58,Entrepreneur
Brian Munoz,67,67,81,93,60,49,67,41,89,Writer
Lindsay Brooks,66,41,41,98,58,44,82,57,70,Writer
Tammy Glenn,87,64,88,58,69,87,44,91,49,Financial Analyst
Linda Jones,88,78,78,63,61,87,93,66,84,Financial Analyst
Marvin Collier,78,70,44,98,87,96,56,74,79,Writer
Joshua Wright,86,50,62,55,87,88,74,90,84,Entrepreneur
Jordan Cooper,74,67,98,65,41,46,56,70,80,Financial Analyst
Mrs. Kerry Lester,69,50,45,96,74,64,84,93,51,Writer
Eric Walker,83,55,100,100,67,70,80,75,59,Writer
David Kane,82,100,90,97,73,93,76,65,50,Data Scientist
Robert Romero,86,92,55,50,73,59,83,59,46,Software Engineer
Kayla Long,72,89,67,73,52,92,44,63,100,Human Resource Specialist
Heather Guzman,73,74,46,70,98,43,97,95,83,Manager
Ashley Cox,86,44,66,40,99,56,53,99,88,Entrepreneur
Debra Hogan,62,55,71,95,70,85,75,61,51,Writer
Patricia Wilson,44,69,64,78,76,66,54,50,94,Human Resource Specialist
Shelby Pacheco,56,65,94,59,94,57,95,76,58,Manager
Linda Lucero,41,48,59,87,54,82,51,87,42,Writer
Mackenzie Jones,67,82,48,42,65,86,69,95,83,Marketing Executive
Felicia Cain,73,94,60,47,87,48,88,61,84,Entrepreneur
Brian Jenkins,47,88,61,67,55,60,70,97,100,Human Resource Specialist
Thomas Cole MD,48,87,55,63,65,43,44,98,80,Software Engineer
Tracy Zimmerman,97,72,82,68,46,92,88,78,64,Manager
Kimberly Lopez,40,86,47,58,75,83,70,47,84,Teacher
James Shelton,86,60,83,99,94,61,51,54,74,Writer
Cheryl Mendez,46,48,46,86,57,88,64,61,53,Writer
Erica Wilson,86,81,87,94,100,73,43,66,50,Data Scientist
Daniel Munoz,84,100,55,82,66,93,41,46,50,Software Engineer
Savannah Wilson,45,91,69,50,83,70,77,40,90,Entrepreneur
Michael Mejia,95,78,48,55,77,57,89,50,93,Human Resource Specialist
David Spears,53,87,54,58,78,79,94,84,45,Manager
Sherri Gaines,48,76,63,59,75,66,75,92,58,Software Engineer
Danielle Allen,67,87,82,79,75,100,59,50,50,Data Scientist
Hannah Ayala MD,56,66,50,74,68,65,53,63,57,Software Engineer
Deborah Spencer,46,52,51,64,61,92,76,85,84,Software Engineer
Nina Smith,90,86,97,45,89,47,43,46,50,Data Scientist
Carlos Pitts,54,92,61,52,41,44,49,90,51,Software Engineer
Brian Jones PhD,85,76,98,57,84,40,45,47,87,Data Scientist
Charles Miller,48,87,100,51,72,78,66,95,89,Data Scientist
Wayne Leonard,75,93,80,85,85,88,85,88,55,Manager
Paul Clark,84,64,79,45,51,69,98,44,69,Marketing Executive
Walter Vang PhD,65,68,52,54,79,49,93,40,51,Financial Analyst
Ronnie Mendoza,87,53,82,77,70,63,45,61,74,Teacher
Erica Howard,72,75,64,76,86,49,62,87,75,Entrepreneur
Yesenia Shaw,99,60,58,72,43,91,60,52,63,Financial Analyst
Jacqueline Wright,49,82,63,43,56,86,69,85,70,Software Engineer
Jordan Gilbert,50,72,50,66,52,76,57,51,42,Software Engineer
Andrew Sparks,89,71,71,41,46,88,66,54,76,Financial Analyst
Tiffany Robinson,93,84,80,65,58,92,84,86,58,Manager
Frances Klein,42,93,50,59,94,45,91,89,41,Manager
Michele Clarke,99,76,88,46,44,77,60,95,51,Data Scientist
Michael Waters,97,57,62,71,100,45,70,66,76,Entrepreneur
Brett Crawford,89,92,78,62,77,53,92,97,88,Manager
Angela Russo,88,47,81,54,62,46,90,95,44,Manager
Ellen Allen,53,95,73,50,50,56,81,60,52,Marketing Executive
Wayne Stanton,61,85,56,71,84,93,48,47,60,Entrepreneur
Alexander Little,46,44,41,72,77,73,64,47,64,Marketing Executive
Adam Evans,88,47,63,84,74,54,93,83,42,Manager
Robert Roth,97,99,92,53,47,92,47,74,49,Data Scientist
Gregory Dorsey,77,52,96,76,92,43,62,93,75,Entrepreneur
Joshua Herrera Jr.,56,57,81,62,76,87,55,86,76,Marketing Executive
Mr. Willie Barrera MD,78,65,98,95,58,96,100,47,40,Writer
Douglas Moore,47,55,72,96,64,67,62,89,57,Writer
Bradley Johnson,64,97,94,99,66,63,43,51,45,Data Scientist
Jesse Kelly,48,53,42,86,74,95,57,55,83,Writer
Maria Hardy,44,41,44,53,48,91,78,96,49,Marketing Executive
Sandra Black,66,47,100,71,43,88,59,78,61,Software Engineer
Jeremy Carrillo,58,80,51,51,69,41,100,59,74,Teacher
Jessica Marks,83,99,92,84,70,95,70,48,68,Data Scientist
Mark Williams,92,73,44,68,86,84,67,85,60,Entrepreneur
Rebekah Kelly,62,45,46,99,47,98,71,53,95,Writer
Ashley Collins,61,52,43,57,76,53,77,82,95,Human Resource Specialist
David Hart,58,91,96,61,72,95,77,42,92,Data Scientist
Donna Fernandez,69,81,93,44,67,92,51,88,71,Data Scientist
Ian Mckee,94,52,63,66,96,56,40,44,62,Entrepreneur
Carla Patel,98,51,47,96,61,98,81,44,100,Writer
Elizabeth Savage,53,89,40,68,65,63,41,78,72,Software Engineer
Rebecca Pittman,93,66,60,60,80,48,66,59,40,Teacher
Jacqueline Diaz,77,86,97,66,60,81,62,52,60,Data Scientist
Connor Dillon,100,99,76,50,69,49,48,70,75,Software Engineer
Michael Johnson,66,98,89,97,73,45,53,57,86,Data Scientist
Jesus Donovan,97,60,49,47,47,64,66,90,96,Human Resource Specialist
Brendan Ruiz,86,73,66,58,100,41,47,77,67,Entrepreneur
Melissa Bailey,56,73,74,91,70,96,90,51,98,Writer
Caroline Hill,66,78,93,65,53,40,51,83,97,Data Scientist
Doris Lewis,81,40,64,48,64,83,92,57,49,Software Engineer
Mindy Perkins,69,57,58,75,46,96,85,100,63,Manager
Jesse Maddox,80,67,50,59,71,80,94,65,86,Human Resource Specialist
Shelby Diaz,87,41,42,70,72,100,50,81,77,Marketing Executive
Madison Charles,54,93,75,73,87,69,49,67,60,Entrepreneur
Lydia Ramirez,77,67,40,64,94,69,44,62,72,Entrepreneur
Matthew Lawson,97,75,66,58,63,46,60,83,54,Software Engineer
Brianna Jones,93,56,50,53,80,93,93,43,40,Software Engineer
Daniel Cruz,51,69,72,41,80,71,94,96,96,Manager
Brian Cunningham,84,73,85,59,61,92,45,53,84,Marketing Executive
Peter Swanson,87,73,40,84,44,66,81,64,75,Teacher
Paul Figueroa,66,82,70,48,80,95,51,90,89,Human Resource Specialist
Melanie Brown,43,57,85,78,77,88,52,57,55,Marketing Executive
Stacy Greer,72,52,75,87,72,80,55,58,81,Writer
Kimberly Martinez,48,53,79,92,46,59,82,76,64,Writer
Keith Reyes,96,82,41,92,67,44,94,59,52,Writer
Sarah Harrison,76,45,44,40,81,85,95,79,82,Manager
Joshua Anderson,43,66,44,78,87,97,66,78,75,Entrepreneur
Raymond Gibson,64,77,92,90,71,50,41,95,94,Data Scientist
Brittany Thomas,49,85,73,67,89,62,60,44,45,Entrepreneur
Paul Key,82,44,42,61,65,64,52,49,94,Human Resource Specialist
Anthony Rodgers,80,47,86,53,76,43,75,59,81,Software Engineer
Lisa Jensen,58,48,66,78,56,50,93,91,82,Manager
Gregory Foster,76,84,93,67,86,46,79,88,68,Data Scientist
Marcia Sanchez,71,79,50,72,49,42,74,59,86,Human Resource Specialist
Lisa Bright,92,82,69,52,73,88,54,79,86,Human Resource Specialist
Lisa Meyer,60,79,91,64,72,82,53,76,98,Data Scientist
Tara Berry,81,70,93,40,42,99,57,56,86,Human Resource Specialist
Garrett Salazar,87,59,76,80,54,78,92,88,42,Manager
Rodney Lopez,93,71,79,54,70,96,68,62,59,Marketing Executive
David Reid,57,90,86,87,98,95,59,67,77,Data Scientist
Stephen Gregory,69,69,85,86,93,63,81,76,71,Writer
Rodney Goodman,81,79,78,79,56,88,68,63,83,Teacher
Laura Wu,49,51,85,54,82,60,59,84,54,Entrepreneur
Joseph Rangel MD,45,58,50,60,44,48,83,79,55,Manager
Eric Pearson,71,82,75,80,72,92,53,95,72,Financial Analyst
David French MD,85,44,52,45,79,87,53,47,52,Marketing Executive
Julie Wells,42,59,46,65,80,58,47,94,47,Teacher
Ricky Adams,90,69,75,98,57,65,41,49,49,Writer
Wendy Foster,97,56,53,99,84,86,98,40,78,Writer
Melissa Velasquez,61,53,92,74,51,89,69,78,94,Human Resource Specialist
Gene Dixon,46,51,94,73,49,66,57,82,74,Teacher
James Mccarthy,93,65,99,74,66,69,100,69,67,Financial Analyst
Antonio Roberts,59,63,93,47,90,52,79,89,83,Entrepreneur
Alicia Ward,51,70,86,99,72,58,84,76,43,Writer
Evelyn Barrera,58,79,45,87,58,71,80,69,94,Writer
Shannon Patterson,46,89,77,70,54,75,61,56,71,Teacher
Elizabeth Curtis,90,46,91,42,71,61,98,56,55,Financial Analyst
Brooke Butler,68,69,59,62,90,97,48,99,87,Entrepreneur
Edward Marshall,52,71,82,99,42,61,51,58,44,Writer
Maria Bryant,71,94,48,100,95,62,68,79,42,Writer
Martha Lopez,59,82,97,93,57,53,42,52,69,Data Scientist
Caitlin Becker,90,42,78,92,76,73,79,70,45,Writer
Robert Garcia,80,40,77,80,80,62,59,62,80,Software Engineer
Carlos Romero,80,70,87,97,76,71,52,69,54,Writer
Natalie Barrett,89,56,79,66,59,78,52,42,60,Financial Analyst
Ashley Luna,48,72,67,81,55,71,75,54,82,Financial Analyst
Ryan Vasquez,70,98,58,90,53,55,49,66,42,Writer
Manuel Campbell,85,80,88,45,41,82,45,90,99,Data Scientist
Jesse Hawkins,97,98,79,75,43,56,67,86,76,Software Engineer
Cynthia Garcia,93,89,63,57,94,66,43,62,81,Entrepreneur
Jody Porter,49,84,65,51,95,99,49,85,62,Entrepreneur
Alicia Bates,86,80,71,50,50,47,50,45,82,Marketing Executive
Benjamin Brewer,86,79,72,41,95,87,41,67,69,Entrepreneur
Ellen Hernandez,76,73,50,87,48,54,75,97,97,Writer
Courtney Brown,80,98,94,99,74,71,44,47,60,Data Scientist
Robert Cooke,52,45,50,47,41,83,88,92,61,Manager
Emily Torres,84,65,49,56,67,95,92,98,74,Manager
Steven Powers,98,88,91,42,91,69,85,68,76,Data Scientist
Jacqueline Reeves,100,65,86,89,58,59,85,94,61,Writer
Bonnie Rios,100,85,92,80,45,79,71,79,86,Data Scientist
Dr. Victoria Price,63,92,91,86,70,77,74,41,81,Data Scientist
Jenna Harrington,87,56,46,57,58,81,53,65,59,Financial Analyst
Aaron Cruz,54,49,73,46,68,57,71,49,100,Human Resource Specialist
Jennifer Harris,54,50,76,70,65,84,87,92,91,Manager
Stephen Kennedy,47,60,75,53,60,75,40,42,59,Marketing Executive
Lauren Cortez,69,89,66,43,59,96,42,90,70,Financial Analyst
Colton Brady,76,85,56,80,88,87,81,55,53,Entrepreneur
Mark Gordon,74,40,87,68,73,42,59,88,83,Teacher
Anthony Taylor,66,67,47,85,56,90,59,98,70,Financial Analyst
John Dillon,85,81,46,61,100,63,43,54,46,Entrepreneur
Cole Caldwell,97,48,96,97,54,77,98,47,90,Writer
Chad Noble,55,41,66,83,76,97,60,89,93,Human Resource Specialist
Sheryl Taylor,71,100,40,75,46,92,85,64,78,Financial Analyst
Rachel Ferrell,85,81,63,62,56,67,98,88,75,Manager
Tammy Butler,54,69,50,81,94,95,94,48,82,Entrepreneur
Whitney Webb,98,43,41,67,53,42,95,77,86,Manager
Tiffany Benton,97,61,50,55,92,94,85,68,61,Entrepreneur
Joel Ferguson,92,53,63,46,43,86,50,80,45,Financial Analyst
Julie Adams,72,86,73,100,49,77,56,49,66,Writer
Melinda Stevenson,90,65,50,90,41,63,63,68,100,Writer
Tyrone Knox,76,63,85,93,80,51,94,59,52,Writer
Pamela Perez,84,47,62,100,45,79,62,51,48,Writer
Judy Glenn,49,70,84,67,90,53,58,50,41,Entrepreneur
Heidi Schwartz,71,70,64,89,98,41,52,81,42,Writer
Lauren Adams,54,40,85,47,75,63,90,54,55,Financial Analyst
Christina Hernandez,51,47,64,60,46,76,82,51,74,Software Engineer
Sarah Foster,71,45,94,76,98,87,48,52,81,Entrepreneur
Michael Valdez,53,55,45,100,47,50,92,50,89,Writer
April Mccoy,52,40,44,66,90,85,64,76,79,Entrepreneur
Daniel Harper,72,63,59,46,59,53,64,82,47,Marketing Executive
Jacob Bryan,99,94,78,71,86,46,54,44,57,Entrepreneur
Shannon Grant,60,48,51,67,92,43,65,65,61,Entrepreneur
Robert Mitchell,86,69,50,43,75,42,80,82,50,Software Engineer
Rachel Cannon,55,61,58,80,91,55,43,76,87,Entrepreneur
Joan Sawyer,44,42,46,62,43,55,69,84,64,Teacher
Natasha Webster,64,82,76,79,48,87,56,83,80,Teacher
Noah Garcia,94,98,94,53,50,85,69,70,69,Data Scientist
Wendy Perez,45,50,85,94,42,85,97,81,57,Writer
Edward Larson,98,70,96,98,87,66,73,92,84,Writer
Samuel Davis,63,52,91,92,95,61,44,73,88,Writer
Erika Rivera,83,89,40,52,82,45,45,76,63,Entrepreneur
David Lawson,43,57,96,68,69,47,80,93,75,Teacher
William Zhang,69,97,98,55,71,53,98,68,88,Data Scientist
Joe Lopez,77,73,40,48,88,48,75,66,54,Entrepreneur
Melanie Stewart,80,70,56,75,98,56,51,53,55,Entrepreneur
John Gross,42,67,70,84,77,71,82,61,59,Marketing Executive
Tiffany Key MD,48,63,70,66,52,99,92,82,96,Manager
Brett Wade,78,77,63,55,49,95,51,83,60,Marketing Executive
Kyle Flores,49,89,82,49,55,89,50,53,62,Data Scientist
Walter Turner,51,43,43,42,46,61,84,74,49,Teacher
Tamara Willis,56,46,85,53,93,57,83,84,86,Manager
Linda Garcia,88,79,45,70,77,46,49,78,41,Teacher
Douglas Davis,82,65,56,58,45,47,81,56,79,Marketing Executive
Tracy Garcia,54,59,82,69,72,52,55,94,77,Marketing Executive
Chad Garcia,69,89,57,78,69,64,87,67,46,Financial Analyst
Savannah Valencia,82,91,51,40,85,40,92,93,46,Manager
Janice Stout,89,56,54,41,84,62,84,89,51,Manager
Duane Smith,90,54,43,53,92,51,97,98,45,Manager
Thomas Anderson DVM,85,52,43,88,83,90,40,48,67,Writer
Jose Richard,90,57,69,66,96,85,54,70,78,Entrepreneur
Joshua Huang,43,86,61,100,70,68,96,51,83,Writer
Sierra Melton,44,43,47,40,76,55,93,68,98,Human Resource Specialist
David Mitchell,66,97,71,72,71,89,97,63,62,Financial Analyst
Allison Thomas,82,62,55,85,100,75,65,48,46,Entrepreneur
Matthew Trevino,66,89,78,99,88,89,43,91,65,Writer
Leah Villa,92,90,94,59,91,77,86,45,60,Data Scientist
Kevin Reilly,57,81,55,62,62,74,88,45,92,Human Resource Specialist
Joseph Davenport,86,80,76,43,50,48,89,71,53,Teacher
Rebecca Rios,98,87,84,49,44,63,91,61,75,Data Scientist
Rachel Johnson,70,52,48,88,84,58,74,64,42,Writer
Tina Smith,96,40,75,64,100,61,68,73,70,Entrepreneur
Lisa Ford,92,46,50,67,76,69,48,81,98,Human Resource Specialist
James Johnson,91,77,93,57,61,56,75,54,61,Data Scientist
Nancy Garcia,64,66,66,95,92,44,60,96,96,Writer
Roger Jacobs,62,91,96,88,65,53,73,50,43,Data Scientist
William Gutierrez,76,47,98,99,88,83,51,98,58,Writer
Courtney Garcia,70,97,42,68,42,82,53,46,75,Financial Analyst
Aaron Carroll,95,88,74,84,99,96,58,43,80,Entrepreneur
David Deleon,85,84,77,46,88,91,83,67,79,Entrepreneur
Brenda White,84,78,86,57,41,98,81,43,71,Data Scientist
Amy White,40,67,94,53,100,86,48,49,50,Entrepreneur
Calvin Young,76,75,75,49,98,51,79,86,88,Entrepreneur
Kevin Jimenez,93,96,57,93,43,83,83,62,57,Writer
Jason Wu,85,63,50,75,62,69,93,70,90,Human Resource Specialist
James Leon,91,41,85,50,62,41,70,60,44,Teacher
Chloe Ramirez,84,66,64,86,65,56,48,84,97,Writer
Kenneth Black,100,41,52,70,47,43,75,85,46,Marketing Executive
Alexander Bailey,89,90,56,70,49,96,100,68,86,Human Resource Specialist
Jonathan Rodriguez,44,66,50,79,100,57,97,48,97,Entrepreneur
Philip Perry,49,89,73,85,68,69,62,58,64,Teacher
Matthew Ruiz,96,83,52,50,97,74,65,62,47,Entrepreneur
Robert Reese,64,58,79,46,74,78,100,93,80,Manager
Ann Johnson,52,78,82,65,40,85,58,62,58,Data Scientist
Raven Evans,52,74,43,66,100,45,83,50,88,Entrepreneur
Evan Burton,92,67,85,44,81,76,98,79,41,Manager
Brittany Chase,72,46,82,76,68,93,62,100,84,Marketing Executive
Lisa Thomas,40,72,77,84,77,96,43,86,71,Financial Analyst
Joseph Taylor,65,53,47,76,75,60,48,89,83,Teacher
Sharon Williams,56,48,70,67,65,79,70,92,43,Marketing Executive
Michael Jacobs,92,70,97,74,62,97,89,96,97,Manager
Tiffany Fleming,91,43,89,74,98,85,40,78,47,Entrepreneur
Jessica Campbell,48,98,86,81,77,80,44,43,67,Data Scientist
Elizabeth Johnson,85,41,49,43,92,91,75,45,57,Entrepreneur
Justin Aguirre,77,89,62,72,50,63,75,92,73,Marketing Executive
Hayley Ross,57,50,89,45,96,81,44,82,55,Entrepreneur
Dakota Diaz,87,62,76,71,73,95,46,57,50,Teacher
Jesse Lynn,72,55,66,78,81,91,60,74,72,Entrepreneur
Scott Elliott,72,76,96,40,74,64,50,77,60,Data Scientist
Molly Thornton,41,45,97,41,67,96,89,65,87,Human Resource Specialist
Jacob Richardson,68,84,92,84,47,43,43,87,87,Data Scientist
Brian Chase,51,61,96,82,94,81,83,82,71,Manager
Johnny Gilbert,96,89,57,93,64,40,75,40,54,Writer
Christopher Novak,62,98,69,86,65,69,94,93,42,Writer
Michele Thomas,43,45,100,46,49,92,81,55,60,Marketing Executive
Amy Morse,65,63,82,58,73,100,63,73,77,Software Engineer
Michael Watson,84,48,57,56,59,44,89,91,67,Manager
Tracy Glass,87,83,75,88,73,95,99,42,80,Writer
Steven Ramirez,52,97,79,80,44,53,66,82,89,Human Resource Specialist
Thomas Williams,46,42,78,45,65,90,66,72,66,Software Engineer
Eric Nichols,62,64,42,56,45,72,57,92,73,Marketing Executive
Tyler Newton,48,64,70,49,94,54,56,46,71,Entrepreneur
Megan Dunlap,97,72,94,50,78,73,88,75,56,Software Engineer
Michael Schmidt,57,53,96,96,83,60,76,53,47,Writer
Steven Nelson,92,59,84,73,80,68,95,58,53,Software Engineer
Erik Taylor DDS,85,55,70,40,54,71,59,96,81,Teacher
Lauren Stevens,78,84,61,100,100,96,85,56,88,Writer
Linda Herrera,87,94,84,59,76,53,40,68,95,Data Scientist
Joel Haney,99,90,91,48,47,52,56,65,89,Data Scientist
Robert Kramer,88,92,57,57,68,46,85,52,57,Software Engineer
Haley Mclean,56,54,83,74,86,52,87,93,96,Manager
Brooke Hinton,73,67,64,76,41,97,47,94,72,Marketing Executive
Mr. Russell Howard,68,77,52,95,41,58,40,44,92,Writer
Rachel Ortega,69,60,45,52,43,40,75,42,64,Teacher
Brittney Mcintyre,99,81,55,70,46,78,84,45,55,Software Engineer
Mr. David Williams,92,80,83,40,91,83,44,63,74,Data Scientist
Dustin Foster,58,80,73,89,53,83,71,77,68,Writer
Kelly Middleton,97,88,63,61,97,52,68,63,50,Entrepreneur
John Sullivan,59,63,95,91,60,99,51,59,52,Writer
Laura Waters,63,99,100,64,42,49,44,79,79,Data Scientist
Amanda Dunn,44,52,42,85,78,95,78,71,58,Software Engineer
Dale Buck,85,59,63,43,88,72,86,92,49,Manager
Edgar Bell,73,84,56,43,42,41,77,57,47,Teacher
Michael Chapman,47,97,77,48,92,71,47,52,97,Entrepreneur
Megan Burton,53,91,83,54,44,85,82,41,56,Data Scientist
Michaela Simpson DVM,43,55,82,82,53,70,46,56,90,Human Resource Specialist
Samuel Wiggins,51,40,80,42,50,94,44,73,51,Financial Analyst
Mrs. Melinda Robertson,81,56,56,70,46,65,73,69,62,Financial Analyst
Jack Robinson,99,99,60,74,80,71,66,58,49,Marketing Executive
David Coleman,82,84,98,40,53,99,57,67,52,Data Scientist
Mikayla Johnson,59,60,79,67,40,76,68,89,41,Software Engineer
Suzanne Phillips,80,70,63,89,40,48,53,73,42,Writer
Sharon White,88,60,70,40,82,48,48,99,54,Entrepreneur
Douglas Ball,79,47,47,69,94,98,40,66,67,Entrepreneur
Renee Bryant,71,65,98,43,90,69,91,78,82,Manager
Eric Vang,70,67,80,90,61,90,81,86,85,Writer
Christine Osborne,54,81,52,46,56,82,52,55,72,Financial Analyst
Susan Johnston,78,44,75,66,95,47,57,59,62,Entrepreneur
Cynthia Martinez,87,82,99,64,63,60,65,87,85,Data Scientist
Nicole Ballard,73,43,95,74,100,55,79,58,85,Entrepreneur
Francisco Johnson,58,90,61,81,45,87,58,95,95,Human Resource Specialist
Stephen Contreras,84,83,81,76,93,84,47,96,61,Data Scientist
Frederick Sanders DDS,86,46,69,70,60,99,63,95,68,Software Engineer
Adam Johnson,79,43,85,74,70,69,86,71,76,Financial Analyst
James Garza,83,74,57,40,52,86,59,41,91,Human Resource Specialist
Scott Harrison,62,55,82,48,53,64,90,93,84,Manager
Derek Blackwell,99,86,92,76,86,100,95,48,48,Data Scientist
Sara White,83,79,50,100,48,49,72,96,82,Writer
Joseph Daniels,75,78,75,95,60,86,45,57,91,Writer
Joseph Evans,93,67,78,63,54,55,63,62,97,Human Resource Specialist
Melissa Weber,53,80,62,73,51,73,41,52,45,Software Engineer
Sara Heath,95,71,42,66,50,92,57,81,76,Marketing Executive
Anthony Riley,49,66,82,48,49,85,58,100,40,Software Engineer
Rebecca Whitehead,64,76,82,76,50,88,49,72,61,Data Scientist
Barbara Odom,75,47,94,79,40,81,99,63,72,Financial Analyst
John Bailey,80,66,76,90,77,70,63,83,78,Writer
Clinton Stephens,88,70,53,90,69,89,45,84,97,Writer
Selena Johnson PhD,74,89,48,94,59,44,93,91,94,Writer
Mark Miller,94,62,56,98,82,60,58,89,66,Writer
Bailey Reed,81,58,53,95,43,100,44,65,97,Writer
Kaitlyn Mcintyre,51,44,84,56,74,43,91,72,49,Teacher
Douglas Watson,58,41,69,100,92,74,68,88,50,Writer
Paul Price,64,78,75,89,43,100,55,87,89,Writer
Jason Kelly,74,48,60,50,62,41,80,60,81,Teacher
Teresa Serrano,73,83,63,74,95,99,86,82,90,Manager
Jay Olson,73,58,43,66,55,49,77,74,93,Human Resource Specialist
James Coleman,43,48,69,94,51,48,50,77,52,Writer
Steven Murphy,51,69,61,86,46,69,96,97,86,Writer
Jacob Myers,74,40,84,56,81,66,84,77,53,Manager
Rachel Green,92,95,77,42,81,42,50,82,44,Entrepreneur
Corey Ruiz,54,86,55,82,100,72,82,47,94,Entrepreneur
Ronald Hebert,84,89,43,45,73,92,47,83,87,Human Resource Specialist
Timothy Carter,63,51,70,51,74,42,75,93,64,Marketing Executive
Daniel Smith,43,50,99,93,89,48,74,54,92,Writer
Brittany Brooks,74,67,69,42,86,50,90,45,76,Entrepreneur
Ian Rowe,88,63,64,46,99,61,81,42,58,Entrepreneur
Mrs. Sarah Anderson DDS,82,67,50,44,49,95,90,97,63,Manager
Amanda Fox,49,47,80,82,65,41,100,100,80,Manager
Elizabeth Gay,88,52,51,95,54,72,48,64,62,Writer
Eric Carter,96,48,100,49,71,45,94,78,61,Manager
Michael Allen,61,59,80,52,67,99,59,88,83,Software Engineer
Cathy Parrish,42,75,61,44,45,52,44,63,100,Human Resource Specialist
Derek Johnson,50,98,97,95,50,41,58,67,93,Data Scientist
Dean Turner MD,92,60,94,99,76,57,73,43,86,Writer
Cody English,58,84,60,44,61,71,88,42,62,Marketing Executive
Nicholas Padilla,93,89,73,74,88,52,41,90,52,Entrepreneur
Dr. Melissa Villa,62,45,73,68,49,51,51,70,80,Teacher
Pamela Walker,88,72,47,65,64,77,40,66,98,Human Resource Specialist
Kathryn Anderson,57,75,66,92,99,69,66,57,100,Writer
Michael Howard,93,69,71,58,75,47,70,81,72,Software Engineer
Rebecca Lang,46,99,70,77,40,46,98,49,93,Human Resource Specialist
Tony Collins,73,65,86,45,73,98,53,88,48,Financial Analyst
Michael Bowers,40,87,64,100,94,93,50,55,67,Writer
Kevin Perry,43,67,93,97,92,47,63,60,63,Writer
Andrew Frazier,58,85,77,43,68,66,100,67,64,Teacher
Steven Martin,64,47,97,68,65,86,44,47,87,Human Resource Specialist
Jeffrey Herring,85,58,47,59,81,52,99,58,45,Entrepreneur
George Banks,44,97,69,86,69,44,66,48,45,Writer
Brandon Wilson,67,47,74,87,45,84,77,58,90,Writer
Molly Brennan,80,56,80,45,68,61,51,61,80,Teacher
Jake Mcgee,78,50,86,56,43,72,49,59,77,Software Engineer
Ms. Connie Ramirez MD,94,68,95,92,78,53,46,78,79,Writer
Ashley Black,78,83,58,57,82,44,90,63,73,Entrepreneur
Krista Ross,64,82,82,64,80,40,69,95,41,Data Scientist
Leslie Pace,68,45,53,86,84,48,62,84,92,Writer
Matthew Garcia,44,64,65,70,52,68,57,95,75,Teacher
Kevin Conner,48,45,81,73,69,82,66,96,73,Software Engineer
Joshua Perkins,96,77,48,96,85,47,86,97,49,Writer
Paul Morgan,54,86,74,42,72,79,49,61,55,Teacher
Ariana Ross,85,58,56,74,100,92,66,65,72,Entrepreneur
Kimberly Cross,77,47,73,69,50,60,89,75,81,Marketing Executive
Ariel Campbell,63,54,49,74,73,88,76,77,40,Teacher
Daniel Sherman,96,71,53,74,71,74,40,91,56,Software Engineer
Samuel Herrera,51,67,64,42,94,65,62,51,73,Entrepreneur
Joshua Short,91,84,43,66,59,64,57,58,83,Teacher
Diana Newman,40,94,53,73,68,59,93,65,78,Teacher
Ethan Lyons,75,51,47,80,41,82,49,45,88,Human Resource Specialist
Becky Alvarado,95,83,52,95,94,91,93,71,97,Writer
Christian Dickson,61,80,90,46,44,62,100,71,59,Data Scientist
Sandra Wilson,84,54,55,80,90,52,85,96,40,Manager
Gregory James,53,55,65,46,47,41,98,81,90,Manager
Dana Rodriguez,49,52,84,73,63,45,52,47,75,Marketing Executive
Diana Williams,87,85,59,51,92,57,48,42,65,Entrepreneur
Steven Powell,80,62,93,41,48,87,90,44,56,Marketing Executive
Nancy Wilson,72,52,94,94,83,91,58,77,92,Writer
Micheal Holden,68,84,51,44,68,56,90,58,53,Teacher
Jeremy Turner,76,91,92,65,45,51,86,89,90,Data Scientist
Dawn Carter,70,99,77,76,48,96,87,58,77,Marketing Executive
Megan Mejia,82,47,94,94,79,47,45,98,96,Writer
Vickie Brown,67,65,62,76,55,67,49,99,44,Software Engineer
Clinton Vega,55,56,77,94,69,92,89,60,96,Writer
Robert Harris,73,96,92,94,99,58,97,68,85,Data Scientist
Chris Mcmahon,57,86,73,51,96,73,52,45,97,Entrepreneur
Taylor Taylor,68,93,70,93,86,60,98,46,58,Writer
Heather Hernandez,55,96,70,45,51,95,95,85,95,Manager
Kathy Bullock,53,54,81,86,46,50,44,50,51,Writer
Shelly Bates,84,97,91,60,98,45,93,72,87,Data Scientist
Alexis Palmer,47,47,54,86,88,65,96,100,59,Writer
Whitney Walls,86,89,67,82,47,49,53,77,48,Marketing Executive
Jessica Rose,93,41,75,48,55,51,91,89,77,Manager
Ronald Powers,87,71,89,60,96,89,79,79,89,Entrepreneur
Kari Steele,63,93,88,88,94,88,95,90,45,Data Scientist
Peggy Sampson,99,93,48,44,63,70,41,81,61,Software Engineer
Alyssa Hudson,86,50,71,75,76,86,89,92,85,Manager
Cory Horton,76,47,100,49,98,82,87,65,69,Entrepreneur
Jennifer Mullins,65,72,46,88,51,90,43,62,69,Writer
Benjamin Ryan,56,88,41,47,65,54,90,75,98,Human Resource Specialist
Angela Escobar,77,92,80,67,51,74,62,60,91,Human Resource Specialist
Luis Castaneda,62,55,99,66,63,87,52,59,95,Human Resource Specialist
George Butler,54,54,54,50,40,92,99,72,66,Marketing Executive
Victoria Wilkins,46,51,84,65,68,66,60,87,91,Human Resource Specialist
James Rios,75,92,85,42,65,80,68,43,63,Data Scientist
Mary Bryan,68,84,97,95,78,97,41,67,60,Data Scientist
Amber Mcdowell,94,58,92,92,93,62,59,71,58,Writer
Maria Roth,49,72,91,79,53,43,78,82,72,Software Engineer
Alexandria Velazquez,100,58,49,41,92,90,89,75,76,Entrepreneur
Caleb Hill,46,50,82,61,99,51,61,62,99,Entrepreneur
Jonathan Gutierrez,91,95,97,92,89,64,86,68,77,Data Scientist
Taylor Thomas,58,92,53,64,73,57,71,88,86,Human Resource Specialist
Ryan Sparks,94,54,46,44,50,84,43,88,90,Human Resource Specialist
Donald Romero,52,50,60,73,74,65,60,59,95,Human Resource Specialist
John Cabrera,68,51,78,69,74,53,100,40,69,Software Engineer
Mary Moore,64,99,81,81,57,93,71,75,79,Data Scientist
Veronica Wallace,60,66,57,56,95,76,45,82,57,Entrepreneur
Regina Salazar,55,75,44,45,47,50,64,59,42,Teacher
Laura Newman,41,67,68,96,80,62,80,83,74,Writer
Julie Lambert,41,92,57,62,65,57,88,71,43,Teacher
Kristen Franklin,76,91,51,47,79,84,80,83,45,Software Engineer
Mallory Day,60,69,64,89,53,49,46,99,70,Writer
Joshua Holmes,51,59,52,62,82,67,69,69,45,Entrepreneur
Spencer Newton,68,62,50,50,67,51,66,74,82,Financial Analyst
Brianna Simmons,67,90,46,42,89,81,55,79,57,Entrepreneur
Jerry Green,47,51,63,84,66,48,47,51,43,Software Engineer
Michelle Martin,51,96,88,55,70,70,66,77,46,Data Scientist
Mark Taylor,44,85,79,42,94,68,63,67,46,Entrepreneur
Cody Estrada,74,88,61,88,66,67,54,58,65,Writer
Eddie Knapp,46,42,51,95,52,88,94,89,58,Writer
Jennifer Powell,51,61,83,47,46,71,70,54,100,Human Resource Specialist
Aaron Pearson,97,54,44,95,49,54,86,80,91,Writer
Derrick Davis,87,53,66,55,88,69,73,75,48,Entrepreneur
Ashley Hoffman,53,41,58,42,69,47,83,46,66,Financial Analyst
Carmen Mills,71,42,59,68,59,71,82,46,46,Teacher
Joseph Palmer,99,53,89,64,43,55,97,94,90,Manager
Lisa Harris,62,84,73,98,71,54,56,70,79,Writer
Sarah Coleman,40,85,94,45,67,51,57,80,47,Data Scientist
Kim Brown,63,80,65,63,74,77,100,62,83,Software Engineer
Rachel Huynh,94,79,63,99,53,73,94,87,91,Writer
Megan Savage,61,89,89,41,97,60,99,50,56,Data Scientist
Kathryn Knight,51,57,45,65,42,68,48,99,75,Teacher
Kaitlin Walton,42,45,92,44,58,75,44,52,61,Teacher
Kelly Johnson,75,97,78,46,93,50,69,54,52,Entrepreneur
Justin Schmitt,72,78,92,97,94,40,49,84,86,Data Scientist
Nicholas Logan,62,46,87,84,79,91,75,42,95,Human Resource Specialist
Melissa Dominguez,61,66,97,48,78,86,72,97,86,Human Resource Specialist
Jeffrey Jones,54,99,54,40,40,63,58,65,61,Software Engineer
Kathleen Gates,73,97,63,67,95,48,88,59,47,Entrepreneur
Tina Ingram,68,63,47,55,84,100,81,44,46,Entrepreneur
Matthew Meyer,67,44,94,87,46,51,63,89,47,Writer
John Kelley,86,54,89,48,52,97,71,65,49,Software Engineer
Jennifer Calderon,54,78,87,89,84,41,63,76,81,Data Scientist
Christina Wilkerson,90,55,54,96,98,69,64,83,70,Writer
Stephanie Miller,62,88,96,72,80,77,96,49,91,Data Scientist
Mrs. Tammy Wang DDS,68,75,87,60,76,40,72,52,98,Human Resource Specialist
Phillip Gibson,77,77,100,47,57,48,78,50,58,Data Scientist
Kevin Roberson,50,91,67,44,54,51,52,74,88,Human Resource Specialist
Jorge Lewis,79,61,62,91,50,71,60,43,45,Writer
Jeffrey Allen,80,62,57,83,54,64,87,47,78,Teacher
Jill Gross,43,76,77,86,66,47,40,81,72,Writer
Jeffrey Cohen,57,53,46,81,52,93,65,81,96,Human Resource Specialist
Timothy Dixon,100,40,72,57,64,94,63,80,52,Marketing Executive
Geoffrey Simmons,96,71,50,42,78,49,52,95,88,Human Resource Specialist
Dr. Jessica Hawkins MD,98,92,100,74,66,81,63,77,94,Data Scientist
Joseph Mcneil,50,70,81,65,57,91,61,99,84,Software Engineer
Jason Santiago,65,42,81,76,67,100,73,99,86,Human Resource Specialist
Allen Hicks,85,78,61,53,88,45,85,69,47,Entrepreneur
Matthew Aguilar,57,67,86,70,77,41,74,68,56,Marketing Executive
Stanley Taylor,63,48,64,63,51,45,87,74,82,Financial Analyst
Stephen Smith,52,48,46,56,77,69,56,67,40,Teacher
Donald Garcia,100,78,88,93,78,95,95,69,62,Data Scientist
Anthony Bright,92,55,81,45,51,73,40,54,91,Human Resource Specialist
Debra Ball,83,100,65,88,70,60,64,87,74,Writer
Shannon Williams,42,91,61,83,49,73,43,54,99,Human Resource Specialist
Steven Bauer,99,74,45,69,73,87,48,63,57,Financial Analyst
Brian Glenn,52,53,80,96,57,91,80,68,73,Writer
Tommy Henderson,90,43,92,54,61,40,70,86,60,Teacher
David Blevins,48,66,47,80,84,70,87,88,78,Manager
Robert Salinas,51,51,95,75,48,48,55,95,42,Teacher
Dana Powell,84,48,75,64,46,59,88,66,75,Software Engineer
Jennifer Wallace,58,58,72,93,83,86,76,63,90,Writer
Keith Campbell,51,44,67,58,94,84,72,94,71,Entrepreneur
Shane Mcintosh,66,52,77,75,73,53,80,66,56,Financial Analyst
Devin Flynn,73,69,67,41,97,74,63,76,74,Entrepreneur
Kristen Sanchez,67,62,42,67,47,75,51,94,88,Human Resource Specialist
Christopher Porter,80,49,48,40,71,71,76,65,51,Teacher
Zachary Clay,92,41,100,60,95,76,78,59,76,Entrepreneur
Joseph Stanton,77,40,90,92,41,92,86,69,50,Writer
Robert Gill,86,98,80,88,42,57,81,71,89,Writer
Anita Olsen,88,94,83,77,57,56,96,62,81,Data Scientist
Nancy Tran,57,95,76,80,51,63,87,46,41,Teacher
Steve Reynolds,46,70,93,82,93,40,49,85,82,Entrepreneur
Maria Rose,70,80,55,58,90,74,85,64,64,Entrepreneur
Kaitlyn Brown,65,79,80,51,79,59,68,80,91,Human Resource Specialist
Samuel Sampson,93,98,96,46,84,58,55,65,49,Data Scientist
Nicole Adams,87,46,86,57,91,60,68,63,98,Entrepreneur
Robert Owen,95,90,57,80,70,72,73,41,60,Teacher
Nathan Russell Jr.,60,74,48,41,91,92,78,46,89,Entrepreneur
Alex Lee,91,87,95,41,71,43,99,88,97,Data Scientist
Sarah Benitez,79,47,80,93,46,58,41,79,56,Writer
Chelsea Sanchez,83,59,50,87,53,79,43,61,97,Writer
Carolyn Taylor,52,53,79,92,75,75,82,58,95,Writer
Mary Johnson,81,70,62,93,65,67,70,87,87,Writer
Alex Gilbert,89,94,80,47,56,88,70,70,94,Human Resource Specialist
Kenneth Pham,44,52,86,55,68,86,58,66,85,Software Engineer
Chelsey Fisher,81,43,50,58,83,68,51,62,51,Entrepreneur
Thomas Briggs,89,98,81,89,98,60,52,45,60,Data Scientist
Fred Thomas,99,94,53,71,98,55,44,78,89,Entrepreneur
Brenda Peterson,84,94,56,73,56,97,81,48,52,Teacher
Patricia Matthews,94,61,90,87,75,97,55,63,63,Writer
Elizabeth Miller,91,99,43,47,75,81,95,60,92,Human Resource Specialist
Hannah Montoya,45,97,66,53,81,64,92,92,52,Manager
Julie Torres,92,40,52,57,47,73,68,71,64,Teacher
Yvette Collins,69,82,41,94,83,76,86,80,70,Writer
Brenda Hanson,92,68,85,91,57,67,80,84,82,Writer
Brittany Perry,48,99,43,65,54,100,42,76,49,Marketing Executive
Amber Thompson,90,95,46,90,50,54,54,57,91,Writer
Matthew Mosley,87,44,68,69,49,93,64,84,92,Human Resource Specialist
Patrick Bradford,80,79,58,68,57,96,68,71,86,Human Resource Specialist
Shannon Norton,46,61,57,40,84,54,98,90,92,Manager
Cathy Richards,55,71,67,80,42,93,98,58,43,Software Engineer
Jacob Haney,46,98,64,60,44,78,82,95,90,Manager
Daniel Barnes,98,75,45,83,91,88,65,96,74,Entrepreneur
Jennifer Wolf,54,90,88,71,49,88,44,62,61,Data Scientist
Laura Simpson,68,77,97,94,69,68,67,50,63,Data Scientist
Deborah Haney,51,61,84,56,60,100,52,47,90,Human Resource Specialist
Jane Zhang,65,90,76,46,99,62,81,62,70,Entrepreneur
Randall Craig,59,62,81,87,63,72,78,64,86,Writer
Levi Garcia,58,58,42,59,50,62,88,74,54,Software Engineer
Lindsay Patterson,66,47,49,69,59,91,72,42,64,Software Engineer
Natalie Coleman,92,96,66,46,59,79,95,96,65,Manager
Jose Butler,79,58,51,71,79,93,76,52,60,Software Engineer
Nancy Brown,40,86,73,66,95,42,68,50,92,Entrepreneur
Samantha Campbell,53,84,67,90,41,78,64,63,83,Writer
Ryan Hunter,46,50,50,58,57,90,43,56,42,Marketing Executive
James Guzman,40,55,78,73,51,41,93,41,41,Software Engineer
David Lewis,70,87,66,49,76,54,85,52,54,Software Engineer
Nicolas Irwin,55,93,73,45,40,47,65,49,77,Teacher
Yesenia Hudson,85,65,98,74,79,86,50,66,64,Financial Analyst
William Morrison,79,65,50,40,53,56,97,72,69,Financial Analyst
Ashley Nguyen,82,80,40,46,94,52,52,92,67,Entrepreneur
Tracy Casey,69,47,62,92,59,100,47,61,80,Writer
Laura Ryan,63,80,84,79,100,69,81,61,73,Data Scientist
Kevin Craig,93,44,74,70,68,42,88,88,91,Manager
Kurt Figueroa,75,99,72,88,77,75,91,47,89,Writer
Kimberly Wallace,66,44,93,88,58,80,85,54,50,Writer
Debbie Jones,91,74,57,89,72,51,69,91,60,Writer
Julie Peters,87,70,51,96,100,71,94,92,86,Writer
Robyn Williams,65,57,66,78,79,63,96,82,40,Manager
Carlos Logan,85,98,55,68,68,68,73,67,59,Teacher
Michael Harris,77,72,71,95,41,61,95,81,84,Writer
Kaitlyn Butler,56,56,51,97,62,86,97,78,90,Writer
Randy Edwards,65,50,81,87,67,63,62,51,76,Writer
Steven Stanton,81,95,83,73,85,69,69,96,66,Data Scientist
Traci Schmidt,91,47,73,100,56,40,53,61,46,Writer
Monica Mosley,61,41,63,70,53,87,56,85,93,Human Resource Specialist
Eric Mcmillan,49,90,73,59,62,83,81,92,41,Manager
Kevin Mendez,68,85,52,79,71,47,64,82,52,Financial Analyst
Ruben Huynh,69,53,69,45,76,59,60,64,75,Software Engineer
Barry Morris,65,74,98,83,66,83,43,60,86,Human Resource Specialist
Joe Henson,43,40,76,64,78,64,47,92,87,Human Resource Specialist
Alex Ward,82,67,76,90,47,70,61,99,65,Writer
Nicole Wong,66,67,81,47,91,91,45,62,83,Entrepreneur
Sara Martin,75,70,83,61,94,76,90,93,41,Manager
Nicholas Sanchez,87,71,95,42,47,64,56,51,100,Human Resource Specialist
Matthew Roberts,85,82,80,58,84,94,40,85,59,Entrepreneur
Carol Brewer,70,88,51,52,56,99,66,67,87,Human Resource Specialist
Rodney Nunez,64,45,63,89,57,78,85,86,83,Writer
Anna Blanchard,60,47,61,85,62,88,62,97,59,Software Engineer
Jason Campbell PhD,60,83,42,84,98,89,44,72,69,Entrepreneur
Curtis Walls,80,91,57,99,53,78,47,42,50,Writer
Billy Martin,75,77,93,46,48,78,95,87,58,Data Scientist
Ryan Holland,82,58,66,63,94,85,46,61,75,Entrepreneur
Bradley Watson,98,97,71,87,48,95,66,89,88,Writer
Elaine Freeman,92,51,68,46,80,45,93,69,99,Human Resource Specialist
Catherine Livingston,41,73,71,74,68,75,42,75,98,Human Resource Specialist
Jennifer Smith,50,56,47,73,100,83,41,63,72,Entrepreneur
Barbara Raymond,41,61,83,99,97,89,82,58,74,Writer
Kelly Nolan,70,62,54,97,85,82,54,91,70,Writer
Edgar Walter,74,93,57,46,57,46,96,45,99,Human Resource Specialist
Catherine Richard,56,58,56,60,86,47,83,65,78,Entrepreneur
Susan Willis,95,54,67,89,65,45,81,90,84,Writer
Kimberly Ho,61,90,55,46,65,43,47,49,48,Software Engineer
Kendra Martinez,62,40,95,84,73,61,91,73,70,Marketing Executive
April Ford,44,70,54,65,79,90,62,51,65,Teacher
Jennifer Vaughan,49,85,72,91,57,65,50,79,49,Writer
Joanna Rivera,74,99,57,80,94,82,61,82,78,Entrepreneur
Diana Holloway,95,92,44,82,79,47,42,91,81,Teacher
Brittany Chang,62,88,59,40,48,57,84,51,60,Teacher
Angela Vasquez,93,85,80,95,58,66,89,50,52,Writer
Carolyn Lopez,45,57,75,84,84,58,83,77,87,Manager
Olivia Ross,46,90,45,56,44,61,91,97,96,Manager
Michael Campbell,81,86,97,90,62,72,55,48,43,Data Scientist
Heather Gallagher,76,73,90,43,77,78,73,60,92,Human Resource Specialist
Madison Snyder,62,85,62,90,97,99,49,77,63,Writer
Scott Hardy,76,91,90,92,83,69,97,50,70,Data Scientist
James Duffy,95,49,69,85,75,72,49,77,45,Software Engineer
Justin Smith,54,40,51,94,56,54,65,80,73,Writer
Dr. Sara Koch DDS,43,79,84,55,76,92,76,61,69,Data Scientist
Stacey Mccall,66,93,90,70,54,42,44,74,45,Data Scientist
Paul Wilson,92,80,79,74,41,53,69,89,80,Teacher
Michelle Day,48,63,42,60,70,45,44,95,92,Human Resource Specialist
Christine Fitzpatrick,92,51,81,42,48,92,98,47,44,Financial Analyst
Bonnie Sanders,87,42,53,70,56,57,67,86,61,Financial Analyst
Joanna Wells,63,83,65,71,78,98,60,54,48,Financial Analyst
Jacob Torres,55,84,74,81,91,94,54,41,58,Entrepreneur
Olivia Jones,66,67,44,64,87,51,71,93,82,Entrepreneur
Joseph Gomez,87,55,65,71,61,71,43,51,49,Software Engineer
Robert Logan,93,79,77,59,46,58,87,47,90,Human Resource Specialist
Dean Vargas,57,56,86,86,83,99,93,94,89,Writer
Adam Campbell,54,49,82,92,74,95,69,85,65,Writer
Samuel White,54,63,45,44,76,47,65,63,80,Financial Analyst
Andrew Tran MD,88,71,74,72,77,64,45,79,88,Human Resource Specialist
Robert Hill,100,83,100,88,76,42,47,47,86,Data Scientist
Mike Johnson,98,96,76,70,83,69,57,100,48,Entrepreneur
Sara Drake,63,69,77,78,57,99,56,63,92,Human Resource Specialist
Thomas Richard,48,92,97,50,46,56,61,86,83,Data Scientist
Paula Nunez,80,91,43,89,88,70,49,91,73,Writer
Heather Sanders,95,77,94,51,88,79,63,92,89,Data Scientist
Russell Mcdonald,45,61,55,88,55,47,98,43,59,Writer
Sean Anderson,100,59,94,99,45,77,95,52,80,Writer
Megan Kline,97,40,86,91,72,96,77,41,45,Writer
Samuel Thomas,100,78,74,87,96,78,72,77,44,Writer
Jennifer Allen,89,88,79,53,89,60,60,77,63,Entrepreneur
Kelly Parsons,81,83,59,67,80,47,100,72,68,Marketing Executive
Corey Preston,93,67,59,76,95,70,71,89,44,Entrepreneur
Misty Sanders,79,65,64,100,58,69,41,74,79,Writer
Nathaniel Camacho,73,94,66,97,58,68,59,88,61,Writer
Mason Brown,79,69,61,51,68,72,93,53,76,Financial Analyst
Karen Perez,57,84,70,72,50,72,51,44,87,Human Resource Specialist
Crystal Kelly,58,79,59,66,94,71,87,71,100,Entrepreneur
Adam Ward,43,99,73,50,57,65,70,94,71,Financial Analyst
Lauren Martinez,70,52,70,70,60,90,82,92,82,Manager
Michele Davis,41,69,71,64,66,51,99,65,71,Financial Analyst
Pamela Johnson,57,63,64,69,92,57,70,57,49,Entrepreneur
Sharon Newman,87,52,55,56,68,73,57,52,65,Teacher
Alex Simmons,55,91,78,52,59,96,84,92,49,Manager
Cynthia Craig,50,82,41,93,74,61,60,45,51,Writer
Sheena Day,51,40,59,52,99,76,61,55,93,Entrepreneur
Brandy Lopez,87,87,77,62,66,73,58,48,42,Marketing Executive
Scott Prince,86,64,74,83,42,95,50,44,42,Software Engineer
Autumn Dorsey,78,62,71,78,70,81,87,86,92,Manager
Joshua Murray,72,58,87,81,65,66,57,94,73,Financial Analyst
Dennis Meza,89,59,80,59,88,98,44,41,59,Entrepreneur
Mrs. Kathy Cox MD,81,97,54,55,61,88,90,90,74,Manager
Gerald Harmon,91,58,45,100,53,43,99,79,63,Writer
Danny Miller,82,82,71,62,53,83,55,81,62,Software Engineer
Emily Morales,95,65,73,97,44,41,41,89,80,Writer
Sheena Lowe,97,85,67,62,59,56,71,92,41,Software Engineer
Joseph Hooper,80,46,90,80,64,68,84,76,61,Manager
Joseph Ward,61,89,78,49,58,44,97,52,88,Human Resource Specialist
Nathan Bray,51,42,72,56,41,56,79,54,48,Financial Analyst
Nancy Jennings,65,59,48,59,44,44,98,53,75,Marketing Executive
Heather Gutierrez,82,87,67,54,52,44,49,100,98,Human Resource Specialist
Nathan Dixon,48,73,99,89,66,42,53,87,76,Writer
Jeffrey Johnson,54,46,45,66,45,61,44,83,40,Teacher
Eric Freeman,81,83,47,50,89,79,57,70,71,Entrepreneur
Justin Scott,78,94,61,68,55,73,43,50,70,Financial Analyst
Nicole Parker,73,54,40,94,62,42,72,90,74,Writer
Walter Mckinney,50,47,97,95,88,45,60,69,81,Writer
Marcus Knight,73,96,77,74,71,86,94,42,77,Marketing Executive
Lauren Miles,40,79,68,50,68,66,60,59,56,Software Engineer
Taylor Wells,88,83,94,70,95,53,99,84,54,Data Scientist
Robert Collins,60,54,98,59,72,45,97,71,92,Human Resource Specialist
Alan Mason,75,81,69,75,100,61,60,46,55,Entrepreneur
Jennifer Bush,100,72,97,98,69,97,44,78,49,Writer
Karen Robinson,98,69,73,96,69,63,79,71,80,Writer
Stephanie Holt,67,73,88,94,58,99,69,71,92,Writer
Anthony Fuller DDS,81,85,71,93,46,53,98,74,88,Writer
Dr. Roberto Tucker DVM,45,80,43,53,50,75,50,83,100,Human Resource Specialist
Marissa Le,73,93,51,74,99,82,67,72,64,Entrepreneur
Justin Kim,40,54,74,72,75,99,82,89,73,Manager
Jonathon Miller,64,53,77,61,46,47,90,46,74,Marketing Executive
Stephanie Frazier,96,49,90,75,49,58,76,84,92,Human Resource Specialist
Mark Myers,97,43,43,53,45,42,92,84,45,Manager
Katherine Bryan,66,45,54,98,71,45,71,89,76,Writer
Jacob Shepard,65,56,71,77,44,54,91,50,79,Financial Analyst
Aaron Patel,97,79,69,86,66,54,56,46,74,Writer
Brian Erickson,66,58,98,99,43,65,88,43,73,Writer
Elizabeth Ellis,75,42,87,79,63,97,94,41,92,Human Resource Specialist
Sandra Johnson,42,76,95,72,49,55,71,97,91,Data Scientist
Christopher Robertson,72,51,97,68,78,89,72,98,89,Human Resource Specialist
Miguel King,89,50,46,79,100,44,65,46,76,Entrepreneur
Maria Savage,52,89,80,40,85,48,75,64,90,Entrepreneur
Katherine Dougherty,42,46,80,84,95,65,51,89,51,Entrepreneur
Deborah Orozco,92,55,99,84,51,72,85,79,89,Manager
Christine Scott DDS,92,49,61,87,53,90,63,43,87,Writer
Patrick Hernandez,87,91,69,85,64,91,98,51,94,Human Resource Specialist
Melissa Johnson,63,64,48,81,48,53,57,47,69,Financial Analyst
Thomas Dominguez,48,100,46,92,80,70,87,71,86,Writer
Mrs. Jessica Bailey,71,42,99,98,97,53,94,49,95,Writer
Aaron Goodman,44,76,82,44,62,55,60,92,97,Data Scientist
Edward Fisher,63,62,70,92,97,56,73,100,54,Writer
Michael Fleming,58,44,43,74,76,98,50,73,48,Financial Analyst
Kimberly Cunningham,82,88,92,95,84,53,62,62,62,Data Scientist
Scott Lin,99,78,64,40,91,71,61,51,51,Entrepreneur
Robert Martinez,61,63,88,87,63,50,65,55,83,Writer
David Harris,65,94,72,41,73,44,98,73,65,Software Engineer
Nathan White DDS,83,91,87,41,90,61,71,75,71,Data Scientist
Cody Gutierrez,53,76,66,97,40,93,49,80,86,Writer
Lydia Jones,47,88,68,93,57,84,72,50,79,Writer
Kerry Clark,72,89,93,80,92,59,59,52,56,Data Scientist
Robert Thornton,79,92,56,93,96,46,44,64,50,Writer
Lisa Christensen,72,65,72,97,84,93,91,49,61,Writer
Kari Mejia,60,70,52,40,56,71,42,71,51,Teacher
Mercedes Hall,86,41,46,93,97,59,54,93,41,Writer
Glenn Flores,40,83,43,49,75,42,69,64,52,Financial Analyst
Wendy Gonzalez PhD,64,45,95,98,52,49,56,98,62,Writer
Mike Meyer,91,60,56,57,81,55,89,81,87,Manager
Ms. Diane Kaiser,80,46,97,91,49,56,50,97,56,Writer
Joshua Wagner,64,100,94,83,41,53,58,78,90,Data Scientist
Jonathan Miller,64,51,56,60,60,88,89,81,76,Manager
Marc Gilmore,99,60,86,89,53,68,97,100,99,Writer
Stephanie Johnson,76,90,63,98,94,57,64,54,63,Writer
Roger Chavez,88,62,47,75,94,94,94,62,96,Entrepreneur
Steven Carrillo,77,69,45,45,88,58,91,41,51,Entrepreneur
Jody Reed,77,52,75,75,87,93,95,45,87,Entrepreneur
Christopher Anderson,68,58,42,65,85,76,40,95,82,Entrepreneur
Trevor Ruiz,66,69,95,77,47,63,63,45,96,Human Resource Specialist
Ashley Salinas,57,40,72,91,80,80,73,98,71,Writer
Hannah Carpenter,44,59,55,87,65,56,59,82,53,Writer
Patrick Jones,66,88,75,89,73,97,43,70,91,Writer
Richard Phillips,81,80,59,45,82,85,45,56,94,Entrepreneur
Chad Townsend,62,80,79,87,91,61,83,54,62,Writer
Miss Elizabeth Allen MD,50,87,44,76,72,63,86,90,80,Manager
Kelly Harper,95,59,62,99,98,88,65,99,76,Writer
Rhonda Rogers,59,95,74,70,87,86,100,78,45,Manager
Robert King,74,89,99,63,80,57,87,83,99,Data Scientist
Shawna Wilson,66,43,55,60,91,87,43,78,93,Entrepreneur
Joshua Lucas,54,89,92,77,99,52,61,72,40,Data Scientist
Heather Brock,99,48,92,78,75,85,56,74,61,Financial Analyst
Monica Reynolds,42,42,94,68,58,57,68,45,93,Human Resource Specialist
Emma Cunningham,61,79,65,87,98,83,68,98,75,Writer
Katelyn Guerrero,71,79,67,63,92,65,55,80,40,Entrepreneur
Jeremiah Hoffman,56,87,79,58,40,89,99,86,70,Manager
Tammy Smith,48,98,64,80,99,78,76,45,40,Entrepreneur
Michael Sims,86,86,90,44,55,75,64,52,62,Data Scientist
Lori Reed,67,56,88,89,98,79,66,95,60,Writer
Mark Turner,50,67,72,45,79,75,42,49,59,Teacher
Michael Warren,44,76,62,65,100,70,44,53,95,Entrepreneur
David Haley,84,92,82,85,51,89,53,72,93,Data Scientist
Joseph Drake,40,45,87,91,79,86,46,60,45,Writer
Laurie Rivera,81,76,67,69,46,86,78,50,44,Teacher
Victoria Hayes,47,46,46,96,99,92,58,80,97,Writer
Lynn Clark,77,86,61,71,73,87,71,81,56,Financial Analyst
Nathan Ortega,55,91,41,99,77,52,97,97,48,Writer
Christian Estrada,50,41,45,53,84,43,50,40,50,Entrepreneur
Joe Williams,79,63,56,96,57,99,64,46,94,Writer
Penny Mitchell,61,92,99,67,56,57,64,60,46,Data Scientist
Kirsten Malone,42,69,82,65,75,92,68,79,89,Human Resource Specialist
Mercedes Lewis,82,49,50,91,42,97,49,77,48,Writer
Anita Thompson,56,100,85,50,71,66,93,100,68,Data Scientist
Sarah Griffin,76,58,61,58,80,88,52,91,78,Teacher
Tony Nelson,53,82,90,56,91,78,96,60,76,Data Scientist
Lucas Munoz,48,54,88,59,83,55,65,51,42,Entrepreneur
Jennifer Porter,98,77,93,85,56,40,77,73,95,Data Scientist
Megan Bell,75,63,54,91,66,82,69,85,66,Writer
Emily Soto DDS,86,100,75,78,47,94,45,91,47,Marketing Executive
Miss Carol Ferguson,59,88,52,99,53,47,61,94,59,Writer
Abigail Brown,71,57,76,55,51,59,43,98,60,Financial Analyst
Monica Hansen,51,67,87,67,53,54,89,59,75,Software Engineer
Christian Wilson,74,95,88,45,70,86,66,73,49,Data Scientist
Scott Barber,94,99,50,79,72,84,65,69,81,Financial Analyst
Sean Young,52,56,93,93,42,40,48,58,95,Writer
Luis Henry,97,97,88,47,74,80,59,56,69,Data Scientist
Jenna Rowe,52,44,42,92,77,78,45,80,66,Writer
John Jones,54,59,77,61,66,83,75,82,91,Human Resource Specialist
Tyler Bowman,100,94,84,92,81,51,91,76,77,Data Scientist
Michelle Morrison,92,71,64,85,78,52,90,61,93,Human Resource Specialist
Jake Gray,53,88,88,61,83,71,80,72,58,Data Scientist
Adam Cummings,66,93,47,93,78,97,46,94,69,Writer
Luis Wilson,60,79,78,66,98,98,77,44,81,Entrepreneur
Katie Robinson,97,83,54,67,86,91,49,66,100,Entrepreneur
Joseph Butler,45,87,84,40,54,61,63,63,86,Data Scientist
Daniel Good,42,62,62,94,100,84,84,74,57,Writer
Nancy Lee,57,79,90,50,75,60,57,96,61,Data Scientist
Stephanie Gonzalez,76,58,88,99,45,47,96,44,91,Writer
Natasha Villegas,67,51,77,75,47,82,75,87,100,Human Resource Specialist
Adam Baird,58,98,94,77,54,53,96,72,74,Data Scientist
Gordon Sharp,72,74,40,98,72,90,65,80,53,Writer
Bobby Simon,86,70,44,100,99,57,63,80,93,Writer
Beth Gonzalez,90,70,98,70,87,40,66,85,74,Entrepreneur
Amanda Wright,67,53,45,69,96,50,57,90,49,Entrepreneur
Elizabeth Lopez,54,98,82,58,65,69,59,66,75,Data Scientist
Connie Small,89,47,42,45,97,62,46,62,84,Entrepreneur
Shirley Hutchinson,47,62,65,56,56,47,84,63,52,Financial Analyst
Marissa Mcfarland,47,63,75,93,59,92,87,66,98,Writer
Kevin Powers,70,83,52,43,52,72,57,75,54,Financial Analyst
Brianna Warren,67,59,44,95,49,80,93,40,58,Writer
Dana Duffy,79,85,88,76,78,63,85,75,100,Data Scientist
James Barnes,74,87,54,55,80,78,89,85,53,Manager
Casey Romero,65,41,44,58,87,72,44,82,92,Entrepreneur
Christine Sims,93,49,92,83,88,76,51,61,56,Entrepreneur
Kimberly James,57,51,77,88,58,45,76,96,54,Writer
Cheryl Lopez,45,97,89,46,82,69,100,49,52,Data Scientist
Jane Bowen,68,40,58,77,40,45,68,70,72,Marketing Executive
Michael Rhodes,97,59,66,97,90,85,71,53,85,Writer
Kelly Wells,93,87,79,93,87,97,67,80,67,Writer
Collin Leach,85,89,54,55,69,73,46,61,61,Software Engineer
Kevin Smith,82,79,58,55,61,90,91,60,85,Marketing Executive
Anita Freeman,77,80,99,85,50,55,100,95,43,Data Scientist
Cynthia Jimenez,73,53,72,82,99,74,80,71,82,Entrepreneur
James Bowen,48,54,56,92,67,56,90,82,92,Writer
Ruth Jones,64,90,78,99,69,92,92,98,83,Writer
Eric Hunter,44,50,41,47,71,67,98,100,67,Manager
Adrienne Dalton,61,87,87,56,65,54,51,43,85,Data Scientist
Zachary Ferrell,55,69,47,41,56,44,49,86,75,Financial Analyst
April Lamb,51,81,47,84,41,67,75,67,79,Teacher
Jesse Mccormick,89,92,60,100,56,54,59,82,78,Writer
Kathy Martinez,65,46,40,95,89,63,68,49,42,Writer
Elizabeth Wood,60,90,63,76,49,46,80,90,95,Human Resource Specialist
Mary Lopez,87,93,86,59,84,44,88,93,66,Data Scientist
John Hunt,77,95,100,62,84,72,65,67,95,Data Scientist
James Marks,81,54,55,69,79,88,83,99,64,Manager
Victoria Goodman,98,85,59,98,71,73,70,45,89,Writer
April Miller,60,47,83,66,78,89,78,54,45,Software Engineer
Maria Gibson,50,76,74,99,63,75,55,65,66,Writer
Christopher Richardson,50,51,95,63,75,90,94,52,66,Teacher
Molly Bell,52,100,41,93,84,94,67,92,86,Writer
David Hardy,98,62,72,89,76,68,97,62,80,Writer
Richard Hays,72,58,79,91,59,77,71,49,75,Writer
Deborah Morgan,56,40,78,70,72,72,45,77,74,Marketing Executive
Jeffrey Duffy,66,88,55,70,84,99,75,61,40,Entrepreneur
Danielle Rodriguez,64,62,72,72,61,43,86,49,100,Human Resource Specialist
Sharon Silva,99,40,65,95,73,92,45,57,73,Writer
Kevin Jones,83,91,51,85,67,51,42,67,58,Software Engineer
James Mccormick,59,66,78,52,95,82,61,96,64,Entrepreneur
Timothy Krause,48,79,82,54,81,47,80,50,76,Data Scientist
Nicholas Bridges,51,62,54,68,54,53,64,90,79,Software Engineer
Steven Davies,44,75,75,84,81,100,51,60,62,Entrepreneur
Logan Roberts,86,72,82,90,52,88,52,67,74,Writer
Joshua Jennings,80,81,59,57,40,48,62,71,69,Marketing Executive
Patricia Stone,53,91,43,49,42,46,94,92,64,Manager
Courtney Mckenzie,56,91,45,82,56,70,66,89,56,Software Engineer
Ryan Christensen,100,72,73,93,66,63,80,52,44,Writer
Diana Hoover,98,65,54,87,66,48,67,81,46,Writer
Michelle Davis,46,61,60,96,78,68,88,65,58,Writer
Gary Lambert,78,88,54,74,45,65,64,93,42,Financial Analyst
Joseph Hall,61,74,83,54,79,73,79,88,44,Teacher
Anthony Garcia,95,42,80,70,44,55,70,69,59,Marketing Executive
Lindsay Gonzalez,46,79,73,78,50,70,80,73,77,Teacher
William Turner,51,84,64,42,66,97,100,64,88,Human Resource Specialist
Danielle Harper,78,80,75,80,55,91,95,59,100,Human Resource Specialist
Zachary Johnson,75,72,76,54,61,93,60,56,48,Software Engineer
Scott Adams,55,88,90,78,76,48,56,92,89,Data Scientist
April Nelson,100,90,72,56,90,100,93,73,73,Entrepreneur
Antonio Barnes,70,40,68,47,98,52,73,42,48,Entrepreneur
David Reynolds,47,62,64,66,53,87,75,99,76,Teacher
Tammy Buchanan,78,57,68,59,77,71,53,66,75,Teacher
Mallory Cochran,68,96,63,56,89,65,72,70,48,Entrepreneur
Robert Vega,87,43,79,47,96,60,92,58,80,Entrepreneur
Ann Curtis,57,43,80,98,80,78,65,71,54,Writer
Aaron Caldwell,57,74,64,84,94,53,76,51,48,Entrepreneur
Megan Gordon,79,91,48,78,63,100,69,56,79,Financial Analyst
Jacqueline Reese,40,100,70,80,70,74,85,58,43,Financial Analyst
Lauren Lawson,70,63,91,96,72,48,98,84,79,Writer
Christy Reyes,85,78,57,87,55,55,46,68,90,Writer
Tasha Barr,48,75,83,43,76,69,63,71,95,Human Resource Specialist
Kevin Gutierrez,90,53,74,74,97,66,53,53,64,Entrepreneur
Randall Anderson,52,51,54,97,74,71,50,59,93,Writer
Edward Estrada,46,66,79,72,76,50,40,63,55,Software Engineer
John Young,54,55,70,54,63,53,85,76,75,Manager
Jeffrey Lawrence,61,70,79,53,48,59,55,59,84,Teacher
Michael Wilkins,80,73,68,61,52,53,90,46,98,Human Resource Specialist
Ashley Cruz,91,78,88,85,56,97,55,43,90,Data Scientist
Dillon Brown,48,87,72,84,58,45,55,97,62,Software Engineer
Elizabeth Warren,46,90,96,70,84,70,90,58,84,Data Scientist
Sarah Austin,46,95,67,48,45,88,84,76,78,Manager
Brandon Casey,51,84,97,69,90,68,66,49,65,Data Scientist
Laura Vargas,100,74,64,67,54,51,45,96,65,Financial Analyst
Heather Tyler,80,44,47,58,49,58,92,60,54,Software Engineer
Justin Santana,68,92,49,41,57,90,55,88,48,Software Engineer
Diane Cunningham,59,42,77,64,46,98,40,83,61,Software Engineer
David Rasmussen,70,72,64,78,51,53,46,74,94,Human Resource Specialist
Justin Dorsey,48,88,42,93,45,47,99,47,92,Writer
Ana Lopez,44,83,91,81,62,42,89,59,43,Data Scientist
John Howe,98,90,62,59,97,97,69,87,98,Entrepreneur
Joel Thomas,66,93,74,43,80,46,90,97,73,Manager
Michelle Jones,57,68,43,91,66,55,74,99,99,Writer
Holly Carter,67,97,91,44,66,90,78,70,73,Data Scientist
Matthew Watts,71,79,62,89,85,40,51,49,43,Writer
Kenneth Smith,95,75,70,96,79,79,62,100,83,Writer
Amanda Wells,84,84,86,40,87,78,81,51,47,Data Scientist
Kristi Mullen,99,73,50,72,61,93,41,70,47,Teacher
Tony Parsons,60,67,83,42,92,69,71,46,52,Entrepreneur
Kevin Brown,71,56,62,86,88,65,53,72,90,Writer
Thomas Howard,73,73,69,61,42,49,72,77,52,Teacher
Jessica Nolan,56,48,100,44,41,43,74,86,41,Financial Analyst
Wendy Johnson,78,89,83,60,42,73,53,94,55,Data Scientist
Ruth Cervantes,78,52,74,97,44,41,50,78,71,Writer
Dawn Johnston,53,53,81,81,61,71,99,85,48,Manager
Ricky Palmer,79,71,58,71,71,61,100,78,45,Manager
Daniel Jordan,99,58,69,81,49,79,53,65,54,Teacher
Tiffany Herrera,63,94,71,91,54,45,61,53,96,Writer
Valerie Hunter,53,95,70,91,49,66,42,100,73,Writer
Jose Munoz,87,95,98,55,64,46,98,83,70,Data Scientist
Megan Jensen,67,54,70,98,70,69,98,77,66,Writer
Brian Wallace,85,84,83,50,71,88,68,98,54,Data Scientist
Jonathan Foster,77,44,81,97,73,80,44,40,49,Writer
Allison Cook,84,54,85,92,46,40,74,75,92,Writer
Teresa Espinoza,88,87,90,82,78,64,93,81,68,Data Scientist
Dean Bond,69,98,90,70,55,91,96,43,80,Data Scientist
Amber Logan,94,88,97,88,47,54,53,61,82,Data Scientist
Jordan Stewart,55,76,80,47,56,72,65,88,66,Teacher
Kristen Silva,65,99,96,75,79,58,99,95,62,Data Scientist
Carlos Collins,67,94,80,86,71,48,75,54,75,Writer
Sydney Jackson,43,79,97,48,52,83,62,60,71,Data Scientist
Gina Acosta,44,61,82,72,55,41,40,87,78,Software Engineer
Adam Vasquez,64,94,73,54,90,95,53,73,63,Entrepreneur
Sandra Peterson,69,86,88,63,73,52,79,86,64,Data Scientist
Brett Brown Jr.,75,60,82,83,99,52,81,84,75,Manager
Alan Riley,91,86,86,63,63,64,52,94,97,Data Scientist
Steven Aguilar,68,69,99,69,95,94,59,64,98,Entrepreneur
Bryan Lane,90,71,88,56,100,88,54,92,98,Entrepreneur
Benjamin Castro,93,86,74,43,41,55,94,41,83,Software Engineer
John Boyd,44,60,41,91,54,51,85,58,97,Writer
Heidi Anderson DDS,54,47,73,88,58,80,87,70,75,Writer
Jeffrey Blanchard,52,90,47,74,98,59,95,42,53,Entrepreneur
Sarah Palmer,67,52,60,88,54,82,63,94,92,Writer
Beth Wright,65,68,54,58,75,48,73,41,96,Human Resource Specialist
Mrs. Helen Hunt MD,70,44,81,50,89,42,59,98,47,Entrepreneur
Kevin Mcdaniel,48,60,55,97,97,94,50,80,86,Writer
Mr. Rickey Mcgee,60,91,65,92,71,92,75,100,76,Writer
Marissa Michael,85,88,63,51,53,47,81,78,44,Manager
Caitlin Lynn,96,60,65,83,94,81,41,64,93,Entrepreneur
Miguel Levine,99,45,53,91,57,67,98,53,78,Writer
Joshua Allen,68,73,43,63,76,58,47,41,42,Teacher
Breanna Brown,74,48,82,96,53,49,67,55,47,Writer
Kimberly Jones,52,87,82,48,68,84,97,63,88,Data Scientist
Thomas Rios,60,92,52,95,74,50,57,94,43,Writer
Lydia Reyes,88,62,49,75,45,74,74,84,72,Marketing Executive
Jared Castillo,48,82,82,51,50,86,84,51,71,Data Scientist
Scott Vasquez,80,75,57,85,78,66,94,55,95,Human Resource Specialist
Darren Juarez,40,45,48,100,64,57,44,75,91,Writer
Veronica Foster,83,58,81,78,44,42,89,54,50,Marketing Executive
Heidi Davis MD,73,44,41,52,55,71,64,93,69,Teacher
Christine Blake,45,61,88,68,42,98,71,82,54,Marketing Executive
Kayla Carey,85,97,61,52,94,59,62,71,54,Entrepreneur
Rebecca Stark,58,100,55,56,69,98,57,92,44,Software Engineer
Judy Hogan,61,77,76,90,59,90,92,96,94,Writer
Tony Summers,91,46,49,50,75,67,97,82,100,Manager
Donald Scott,60,100,84,52,75,93,50,96,86,Data Scientist
Rebecca Rodriguez,49,44,98,52,61,52,75,100,100,Human Resource Specialist
Sylvia Robinson,77,41,98,50,62,71,100,98,69,Manager
Joel White,62,57,79,43,75,65,76,100,77,Financial Analyst
Amanda Martin,75,87,46,99,45,46,53,98,42,Writer
Julia Hayes,59,100,69,97,58,78,66,82,66,Writer
Gary Castro,64,89,89,85,50,90,88,85,80,Data Scientist
Jeffrey Rhodes,46,72,49,91,82,47,83,51,73,Writer
Justin Jackson,92,95,78,86,52,69,58,53,70,Writer
Pamela Drake,44,65,62,43,40,67,51,41,45,Teacher
David Perez,98,90,88,64,76,80,77,84,41,Data Scientist
Julie Carter,75,92,73,61,83,54,85,82,52,Manager
Troy Douglas,56,88,51,68,74,51,85,48,41,Software Engineer
Danielle Bennett,56,72,86,85,51,48,54,51,43,Teacher
Mike Brown,60,89,100,45,88,81,75,92,42,Data Scientist
Austin Campbell,60,44,62,55,77,58,71,44,83,Teacher
Tyler Hobbs,52,45,86,64,79,46,91,52,71,Marketing Executive
Robert Mckay,81,73,100,75,55,75,60,83,60,Teacher
Natasha Bird,61,88,44,78,42,54,73,99,76,Teacher
Rachel Bridges,87,77,48,91,43,63,85,85,96,Writer
Natasha Jones,68,59,48,42,57,67,64,93,92,Human Resource Specialist
Mrs. Jennifer Perez,77,47,43,65,88,85,76,71,65,Entrepreneur
Phillip James,74,49,62,89,51,100,69,71,70,Writer
Scott Williams,71,42,73,68,59,97,85,75,92,Human Resource Specialist
Allison Mitchell,58,70,42,51,50,55,59,41,95,Human Resource Specialist
Erica Potter,84,46,53,52,72,42,59,59,92,Human Resource Specialist
Tabitha Nunez,98,66,96,71,98,54,92,92,73,Manager
Stacie Wolfe,91,45,50,92,56,99,47,64,63,Writer
Peter Hall,60,98,42,63,52,79,61,78,75,Financial Analyst
Marie Martin,63,93,58,91,69,46,48,98,97,Writer
Abigail Lawrence,47,82,55,97,98,45,42,94,88,Writer
Kaylee Miranda,51,97,53,44,63,84,55,71,66,Financial Analyst
Pamela Hogan,86,89,43,61,58,89,89,44,54,Teacher
David Larson,57,74,83,94,41,85,57,47,85,Writer
Elizabeth Wells,51,59,63,83,59,75,86,82,64,Manager
Melanie Woodard,71,96,88,71,50,72,69,46,41,Data Scientist
Stephen Rivera,84,78,62,47,80,90,48,83,71,Financial Analyst
Isabel Scott,97,46,89,99,77,95,54,54,89,Writer
Jason Wallace,40,85,43,82,43,72,81,82,66,Manager
Crystal Lloyd,88,54,46,86,92,42,76,88,68,Writer
John Gardner,79,53,41,95,54,59,40,94,71,Writer
Albert Smith,50,57,100,55,71,40,79,73,53,Marketing Executive
Morgan Perez,46,42,62,57,62,100,72,85,99,Human Resource Specialist
Lindsay Davis,74,67,85,42,81,93,90,59,44,Entrepreneur
Jennifer Stark,93,42,99,70,74,97,65,69,85,Marketing Executive
Mrs. Rachel Osborne,49,50,41,80,100,61,49,77,43,Entrepreneur
Laurie Pierce,49,84,91,73,63,95,70,68,72,Data Scientist
Michelle Andrews,73,65,66,67,40,96,91,56,98,Human Resource Specialist
Megan Elliott,57,82,55,70,69,93,96,45,62,Financial Analyst
Jeanette Banks,40,81,60,86,85,92,85,67,66,Writer
Virginia Christian,88,44,44,43,42,49,43,88,78,Financial Analyst
Shaun Herrera,57,57,82,67,41,40,86,65,56,Financial Analyst
Chad Watson,71,97,40,52,68,87,62,79,83,Financial Analyst
Megan Myers,86,72,42,97,55,76,56,81,43,Writer
Allison Hodge,83,74,64,41,45,40,73,75,86,Human Resource Specialist
Cody Baldwin,47,75,42,73,80,99,85,66,89,Human Resource Specialist
Mary Wong,57,95,95,100,61,74,49,53,53,Data Scientist
Stephanie Hardin,50,94,91,50,80,74,96,97,95,Data Scientist
Michael Conner,80,84,82,53,89,69,69,93,76,Data Scientist
Deborah Mathis,84,84,71,47,89,91,55,78,99,Entrepreneur
Tara Ferguson,89,95,50,54,52,49,74,99,96,Human Resource Specialist
David Anderson,76,62,57,58,82,96,52,87,55,Entrepreneur
Vincent Friedman,67,50,79,92,52,96,56,73,42,Writer
Cameron Gonzalez,66,64,41,44,99,58,68,73,44,Entrepreneur
Lisa Clark,80,44,60,74,61,52,50,75,80,Financial Analyst
Kimberly Bird,58,69,47,80,98,87,70,69,40,Entrepreneur
Anna Obrien,98,93,94,100,60,82,94,62,63,Data Scientist
John Lee,59,58,76,69,66,44,50,97,64,Financial Analyst
Robert Bishop,96,59,52,67,57,80,88,88,88,Manager
Lori Cox,66,71,93,100,88,86,64,61,91,Writer
Lynn Garrett,67,84,47,42,79,62,73,68,40,Marketing Executive
Cheyenne Wright,70,46,97,87,84,83,78,66,45,Writer
Francisco Ellis,91,92,46,65,93,44,87,73,47,Entrepreneur
Bobby Brown,56,76,72,77,57,97,43,79,55,Financial Analyst
Connor Hernandez,61,91,44,41,40,98,86,64,53,Software Engineer
Deborah Shaw,41,74,40,91,91,100,78,75,59,Writer
Robert Powell,62,97,80,100,92,95,68,87,46,Writer
Kaitlyn Wallace,92,79,86,51,81,60,63,59,59,Data Scientist
Darrell Kennedy,52,100,50,60,91,85,50,63,98,Entrepreneur
Stephen Palmer,72,98,80,76,69,92,47,48,48,Financial Analyst
Leonard Stevenson,68,72,63,97,82,85,65,40,85,Writer
Katelyn Green,90,73,97,42,99,50,49,47,70,Entrepreneur
Maria Lang,93,53,55,61,75,48,88,52,81,Teacher
Jacqueline Davis,85,55,81,97,94,80,52,91,72,Writer
Logan Mueller,85,59,61,91,46,76,71,98,57,Writer
Peter Flynn,100,41,49,40,72,88,44,74,62,Software Engineer
Bobby Lynch,81,70,58,56,92,87,62,51,43,Entrepreneur
Pamela Smith,92,55,93,94,51,62,86,90,47,Writer
Bruce Gordon Jr.,59,41,60,88,78,44,55,73,79,Writer
Matthew Holland,83,61,75,68,90,70,55,80,66,Entrepreneur
Rachel Davis,66,47,74,41,62,88,55,82,42,Teacher
Rita Walsh,44,44,92,72,96,95,90,52,77,Entrepreneur
Joy Rodriguez,57,93,59,47,76,73,64,100,46,Teacher
Kathryn Sellers,81,49,87,76,53,93,60,95,47,Marketing Executive
Angela Wagner,54,56,61,85,73,79,84,60,69,Teacher
Dylan Davis,85,46,81,45,68,96,86,68,84,Teacher
Stephanie Oliver,68,44,44,55,64,77,90,71,46,Teacher
Sara Jackson,90,70,45,41,87,74,87,92,97,Manager
Susan Burgess,47,48,88,78,81,44,91,87,41,Manager
Kim Olson,69,45,76,84,66,97,45,60,48,Teacher
Sharon Gilbert,89,76,54,92,66,70,59,81,98,Writer
Jennifer Bates,68,99,98,49,81,86,86,81,49,Data Scientist
Zachary Mooney,75,76,98,66,54,84,65,94,49,Data Scientist
Rachel Welch,96,62,61,78,40,94,73,54,59,Teacher
Carlos Casey,81,40,93,81,81,97,80,60,58,Entrepreneur
Mr. Joseph Watkins Jr.,82,80,61,44,51,50,47,40,83,Teacher
Rachel Tapia,98,99,53,52,84,71,76,57,41,Entrepreneur
Keith Mills,88,91,92,45,75,74,84,66,56,Data Scientist
David Hicks,59,71,47,82,75,67,69,47,46,Marketing Executive
Matthew Kerr,74,44,100,70,91,95,90,98,54,Manager
Wendy Williams,49,95,77,43,48,63,41,73,85,Teacher
Adam Carroll,69,42,71,57,76,80,92,49,42,Software Engineer
Brandi Vaughan,56,98,49,63,84,74,53,96,73,Entrepreneur
Nicole Colon,47,40,70,97,80,61,71,99,75,Writer
Beverly Jenkins,73,45,60,53,66,87,52,62,42,Marketing Executive
Ryan Barber,90,100,52,63,82,43,86,74,82,Entrepreneur
Robert Barker,40,48,73,85,85,43,80,68,84,Entrepreneur
Amber Fuller,51,71,97,55,46,92,60,50,53,Financial Analyst
Suzanne Sanchez,64,47,61,56,80,58,44,51,63,Teacher
Henry Wright,100,77,90,100,42,65,92,56,63,Data Scientist
David Payne,56,41,99,100,63,68,77,60,69,Writer
Debra Perkins,85,95,91,74,40,55,93,69,51,Data Scientist
Mrs. Melissa Mcdonald,44,81,59,74,73,84,56,74,52,Teacher
Kimberly Cook,74,46,97,53,70,72,84,92,72,Manager
Bryan Brooks,86,52,95,51,94,97,81,82,72,Manager
Antonio Johnson,43,61,60,74,84,92,64,72,70,Entrepreneur
Tonya Adams,45,88,47,66,59,54,58,43,73,Marketing Executive
James Elliott,85,93,62,79,53,83,62,73,97,Human Resource Specialist
Aaron Cervantes,83,97,64,53,43,87,75,41,77,Financial Analyst
Gregory Doyle,40,86,87,88,73,97,99,100,91,Data Scientist
Brian Weaver,64,41,93,47,83,61,43,61,53,Entrepreneur
Joseph Gonzalez,94,96,56,53,87,86,64,85,59,Entrepreneur
Catherine Davis,58,99,52,92,42,94,73,95,48,Writer
Michelle Payne,41,98,92,83,63,98,76,79,53,Data Scientist
Michelle Marks,61,75,81,43,56,70,74,78,52,Software Engineer
Ian Lewis,90,40,54,73,83,83,42,78,71,Entrepreneur
Donna Campos,97,56,85,88,67,41,60,45,79,Writer
Mr. Ryan Bailey,51,69,63,43,85,42,92,94,55,Manager
Michael Velazquez,78,74,80,43,91,80,86,79,58,Manager
Angela Johnson,69,66,40,60,95,89,82,83,95,Manager
Lisa Wilson,78,44,69,57,40,48,45,56,62,Marketing Executive
Ms. Ashley Robertson MD,91,79,69,93,83,56,42,86,44,Writer
Angel Orozco,69,75,58,43,98,52,59,51,48,Entrepreneur
Christopher Zavala,58,40,55,98,90,92,59,51,40,Writer
Lance Montoya,51,76,85,63,56,60,79,47,91,Data Scientist
Jacob Nelson,91,70,72,55,65,60,58,82,100,Human Resource Specialist
Tina Walker,69,60,99,60,78,99,55,40,42,Financial Analyst
Richard Koch,59,44,99,43,63,91,83,52,65,Software Engineer
Gregory Bailey,55,96,95,48,52,96,65,45,98,Data Scientist
Brian Smith,58,80,76,50,81,56,43,62,77,Entrepreneur
Angel Carlson,95,85,62,80,62,73,76,51,92,Human Resource Specialist
Matthew Sanchez,74,95,94,60,61,77,58,91,92,Data Scientist
Sarah Conway,57,41,46,62,59,71,59,51,86,Human Resource Specialist
Gabriel Solis Jr.,69,67,84,76,71,49,46,64,98,Human Resource Specialist
William Blake,91,66,51,86,53,50,69,46,98,Writer
Joyce Gutierrez,50,98,44,92,94,81,64,100,100,Writer
Spencer Soto,41,62,69,91,53,63,87,78,47,Writer
Monica Petty,81,92,48,95,68,46,62,72,95,Writer
Gregory Tran,46,76,99,80,60,46,48,90,52,Data Scientist
Alexander Shea,49,64,54,67,77,91,58,91,45,Software Engineer
Brandon Beard,53,63,66,62,43,52,78,86,75,Software Engineer
Robert Bolton,79,46,70,96,84,95,41,41,82,Writer
Douglas Hill,97,92,78,45,56,41,76,60,65,Software Engineer
Elizabeth Flores,71,94,92,50,89,72,47,77,53,Data Scientist
Lisa Proctor,49,99,77,50,74,62,79,81,54,Teacher
Kevin Wolf,88,100,76,91,50,80,55,46,45,Writer
Michelle Thompson,54,92,89,77,52,80,79,99,82,Data Scientist
Jessica Martinez,55,41,86,41,53,64,63,73,54,Software Engineer
Danielle Smith,71,51,91,73,40,70,42,83,60,Software Engineer
Justin Mckee,64,63,84,93,95,90,77,90,81,Writer
Tammy White,85,56,76,92,99,76,58,66,63,Writer
Jessica Jones,59,44,99,64,87,79,44,80,97,Entrepreneur
Robert Bush,46,77,48,60,51,40,73,67,45,Teacher
Tyler Johnson,62,95,97,45,69,95,69,68,46,Data Scientist
Christopher Barry,66,97,53,83,77,69,72,69,42,Software Engineer
Michael Kelley,80,94,51,69,49,89,42,63,98,Human Resource Specialist
Amanda Watson,97,53,48,74,90,95,100,82,69,Manager
Victor Wright,43,90,78,96,63,52,49,41,99,Writer
Jeffrey Lambert,81,75,40,63,77,78,90,78,51,Manager
Austin Hunt,52,84,53,97,59,63,62,51,47,Writer
Anthony Kim,90,87,60,60,82,62,89,71,83,Entrepreneur
Michael Ross,40,59,45,43,73,74,72,79,71,Teacher
Susan Webb,47,77,61,63,76,42,76,46,66,Financial Analyst
Daniel Suarez,43,98,61,64,81,49,96,88,76,Manager
Matthew Barton,92,71,59,40,64,51,54,100,90,Human Resource Specialist
Samantha Mullen,63,40,40,47,69,80,71,86,90,Human Resource Specialist
Mike Garcia,55,85,83,64,94,94,80,70,84,Data Scientist
Kristine Mcguire,93,98,50,80,40,63,44,55,55,Teacher
Jennifer Ramirez,55,71,60,95,80,94,97,63,68,Writer
Anna Smith,64,56,46,60,98,64,66,77,79,Entrepreneur
Monique Perez,74,78,58,84,94,63,92,97,100,Manager
James Cox,100,61,96,85,69,47,63,59,72,Teacher
Jennifer Marsh,40,63,86,83,57,68,81,73,76,Software Engineer
Jeffrey Anderson,82,89,76,40,75,72,53,52,47,Teacher
Jessica Brady,45,85,52,51,96,99,88,74,56,Entrepreneur
Eric Grimes,47,72,76,87,55,72,72,78,78,Writer
John Cortez,44,55,100,42,72,70,87,41,86,Human Resource Specialist
Emily Lynch,59,63,44,100,45,66,82,59,56,Writer
Taylor Hamilton,41,84,88,99,97,91,71,87,86,Data Scientist
Gregory Pugh,83,42,75,44,86,51,91,59,80,Entrepreneur
Anthony Warner,52,62,57,41,65,61,91,63,95,Human Resource Specialist
Scott Nolan,71,66,77,95,73,42,61,99,64,Writer
Tracy Frank,97,62,55,79,84,94,86,84,87,Manager
Lauren Hernandez,62,75,99,78,52,63,58,80,78,Marketing Executive
Benjamin Mcdonald,86,47,59,90,98,75,93,47,70,Writer
Mark Evans,96,46,56,81,99,89,57,44,53,Entrepreneur
John Wilson,75,99,89,41,60,52,56,52,77,Data Scientist
Edward Marquez,80,56,65,97,45,51,99,45,98,Writer
Anna Owens,100,91,94,82,82,51,42,70,93,Data Scientist
Juan Good,85,64,43,42,47,90,99,82,89,Manager
Carolyn Ramirez,92,47,99,46,81,72,51,73,83,Entrepreneur
Rhonda Gaines,84,91,98,61,100,73,56,60,79,Data Scientist
Danielle Rivas,85,80,43,46,65,47,46,65,92,Human Resource Specialist
David Johnston,40,99,64,64,82,76,97,91,50,Manager
Kim Greene DDS,92,97,80,46,98,54,70,100,82,Entrepreneur
Joseph Andrade,48,72,96,66,57,93,99,44,67,Software Engineer
Johnny Coleman,80,59,89,66,58,71,43,62,41,Marketing Executive
Michael Nguyen,88,77,90,46,92,88,98,46,84,Data Scientist
Jared Hale,95,84,71,49,91,83,78,56,69,Entrepreneur
Christopher Davis,51,93,99,55,97,53,90,90,96,Data Scientist
Corey Johnson,66,59,49,99,97,97,83,83,41,Writer
Jose Knight,97,40,90,89,86,64,77,96,97,Writer
Robert Tran,81,45,67,60,99,74,47,52,63,Entrepreneur
David Jimenez,66,49,48,66,50,95,54,46,79,Marketing Executive
Stacy Stewart,54,67,86,72,63,75,92,58,46,Teacher
Sarah Carrillo,80,75,96,67,84,54,42,48,61,Entrepreneur
Robert Weiss,62,89,71,78,81,68,64,53,47,Entrepreneur
Dominic Marquez,52,47,90,58,55,74,67,98,44,Software Engineer
Kelsey Clark,46,75,91,58,94,74,85,96,54,Manager
Jennifer Lara,48,97,65,54,67,68,46,48,48,Marketing Executive
Courtney Anderson,97,96,95,71,41,89,84,81,66,Data Scientist
Angela Avila,63,98,63,67,83,73,80,90,54,Entrepreneur
Aaron Johnston,87,92,41,62,47,80,80,88,57,Marketing Executive
Teresa Foster,43,56,71,42,51,59,93,77,43,Manager
Kristin Freeman,56,73,95,66,91,50,87,42,84,Entrepreneur
Amy Henderson,88,89,46,51,87,59,60,40,87,Entrepreneur
Carlos Ramirez,60,65,91,97,71,44,56,83,73,Writer
Christine Jennings,83,83,44,49,97,83,45,89,53,Entrepreneur
Stephanie Mack,83,86,41,84,43,97,56,79,70,Marketing Executive
Carolyn Andrews,91,75,82,88,41,49,67,67,60,Writer
Alec Moss,72,42,70,85,78,62,72,81,47,Marketing Executive
Julia Davis,100,50,55,41,51,58,70,62,78,Marketing Executive
Kenneth Walton,70,81,99,98,40,42,92,78,54,Data Scientist
Jason Yoder,84,55,81,85,87,54,69,83,82,Entrepreneur
Vincent Ryan,61,66,77,43,61,45,81,62,100,Human Resource Specialist
Angela Riley,99,78,74,71,96,55,74,85,82,Entrepreneur
Carmen Anderson,84,68,49,71,68,70,63,86,77,Teacher
Melissa Benson,44,80,69,77,48,91,56,54,100,Human Resource Specialist
Michael Leon,68,62,59,65,73,48,89,63,43,Marketing Executive
James Herrera,53,42,44,75,86,41,76,78,74,Entrepreneur
Alicia Fuller,79,90,84,65,65,71,62,66,95,Data Scientist
Mr. David Davis,65,45,48,68,85,99,44,80,69,Entrepreneur
Michael Cooper,92,42,44,52,74,100,60,58,56,Software Engineer
Sandra Yates,63,87,83,66,60,92,58,74,49,Data Scientist
Joshua Clark DDS,51,80,47,55,68,68,88,46,68,Marketing Executive
James Mccall,65,98,56,50,95,66,76,57,86,Entrepreneur
Rebecca Brown,45,62,70,40,67,54,43,43,67,Marketing Executive
Paula Miller,51,96,82,72,80,95,99,75,46,Data Scientist
Edward Miller,93,89,57,54,79,51,76,71,58,Marketing Executive
James Wallace,78,43,76,62,96,66,58,45,92,Entrepreneur
David Lambert,94,60,93,45,40,90,49,44,64,Financial Analyst
Mariah Martinez,72,97,70,76,64,82,51,66,67,Software Engineer
Amy Reynolds,61,45,62,92,61,42,42,86,81,Writer
Stephanie Rivera,77,96,44,92,95,52,75,43,71,Writer
Jennifer Garcia,88,41,81,67,81,70,82,49,50,Entrepreneur
Michelle Huff,96,92,66,81,79,74,91,53,60,Marketing Executive
Teresa Anderson,91,70,60,53,93,100,60,61,51,Entrepreneur
Bailey Chung,61,63,100,85,94,64,43,80,48,Entrepreneur
Michael Parker,85,72,71,75,56,58,100,86,82,Manager
Amanda May,87,58,54,54,80,56,44,80,85,Software Engineer
Karina Hays,76,69,45,55,83,44,51,62,41,Entrepreneur
Frederick Olsen,55,80,43,57,72,40,58,41,50,Software Engineer
Adam Russell,55,54,69,47,56,77,57,68,96,Human Resource Specialist
Richard Colon,94,43,44,65,74,71,84,41,76,Teacher
Desiree Jennings,89,60,86,53,46,40,53,61,68,Teacher
Courtney Evans,53,44,71,58,79,42,50,69,81,Software Engineer
Diane Reid,45,81,46,93,87,93,69,61,73,Writer
Becky Williams,93,90,50,66,69,66,98,41,55,Software Engineer
James Vaughn,56,47,42,55,71,64,67,87,45,Financial Analyst
Brian Warren,83,44,66,47,63,65,49,88,70,Software Engineer
Taylor Jimenez,70,41,67,67,65,76,61,62,49,Financial Analyst
Kevin Parks,46,96,94,80,46,74,100,93,74,Data Scientist
Richard Wilson,79,45,74,60,88,43,72,59,75,Entrepreneur
Mark Jordan,88,60,55,97,46,97,73,82,52,Writer
Christopher Morse,100,86,60,57,92,51,68,94,81,Entrepreneur
John Ewing,43,89,43,53,100,73,66,96,85,Entrepreneur
Michael Bartlett,75,77,69,51,96,49,45,46,54,Entrepreneur
Timothy Rogers,48,64,50,76,93,40,70,77,100,Entrepreneur
Nicholas Richardson,62,67,80,67,87,96,60,61,71,Entrepreneur
Amy Price,98,47,41,86,76,96,77,91,87,Writer
Michael Mckenzie,53,65,85,82,87,49,85,95,65,Manager
John Whitaker,85,71,69,97,89,64,52,64,62,Writer
Kirsten Clark,56,41,40,61,57,92,80,45,42,Software Engineer
Kenneth Acosta,88,43,77,72,48,45,47,95,77,Teacher
Cheyenne Riley,52,91,72,92,42,62,55,63,70,Writer
Rachel Williams,75,45,42,98,47,90,88,95,61,Writer
Maureen Price,97,94,43,71,89,66,73,93,98,Entrepreneur
Danielle Morgan,100,99,91,71,61,55,63,81,86,Data Scientist
Jose Boyle,70,87,72,88,50,47,92,83,65,Writer
Cassandra Acosta,99,100,82,92,95,67,65,74,89,Data Scientist
Shawn Smith,91,97,82,61,45,59,44,74,57,Data Scientist
Jessica Garcia,84,98,45,46,49,51,41,88,82,Software Engineer
Peter Archer,74,100,83,79,94,59,97,44,99,Data Scientist
Rick Bartlett,66,42,95,89,74,100,42,57,77,Writer
Sierra Stevens,87,90,52,63,95,99,62,61,43,Entrepreneur
Justin Zamora,59,63,62,85,68,72,44,75,71,Teacher
Annette Farley,63,94,40,81,97,84,95,42,74,Entrepreneur
Joseph Kelly,94,73,48,73,87,58,98,93,94,Manager
Angel Williams,52,67,82,87,74,96,73,68,96,Writer
Amber Green,44,53,91,54,98,57,75,48,92,Entrepreneur
Brian Alvarez,49,61,50,95,47,68,60,69,52,Writer
Wendy Matthews,80,75,50,41,46,83,74,44,51,Software Engineer
Patrick Lopez,48,58,51,64,61,71,89,88,78,Manager
Parker Griffin,97,60,97,74,51,87,73,68,47,Teacher
Heather Stewart,59,58,52,87,49,99,68,53,40,Writer
Sarah Parker,56,62,89,40,72,92,59,94,66,Marketing Executive
Gregory Garrison,53,50,55,51,81,73,63,56,52,Entrepreneur
Pamela Mcfarland,100,43,42,49,84,62,42,66,41,Entrepreneur
Donna Jackson,91,48,59,45,62,64,69,57,72,Marketing Executive
Donald Randall,46,79,99,95,69,87,94,91,86,Data Scientist
Sheila Jacobs,80,59,64,87,48,45,69,51,85,Writer
Jennifer Gomez,59,71,50,100,69,70,55,51,77,Writer
Lori Patton,98,68,100,97,65,42,74,83,72,Writer
Bridget Sheppard,41,96,41,74,41,48,98,47,70,Teacher
Angela Lewis,66,55,61,41,47,63,95,53,40,Software Engineer
Jessica Delacruz,85,46,89,85,59,81,51,99,73,Software Engineer
Shannon Shelton,77,77,71,80,43,57,85,74,91,Human Resource Specialist
Carrie Ferguson,99,74,62,49,90,67,91,82,46,Manager
Austin Briggs,76,48,82,74,54,100,90,76,43,Manager
Tanya Andrews,87,71,74,48,79,43,43,97,69,Financial Analyst
Kari Perez MD,70,46,63,45,91,48,88,68,87,Entrepreneur
Charles Young,88,62,94,87,48,45,65,43,94,Writer
Angelica Pruitt,69,49,73,50,78,77,60,43,62,Software Engineer
Derrick Harris,83,45,87,96,51,98,78,95,85,Writer
Terrance Moody,90,41,92,63,42,88,65,89,93,Human Resource Specialist
Lisa Camacho,77,77,46,44,47,65,79,92,94,Human Resource Specialist
Laura Davis,74,62,53,93,43,83,95,61,93,Writer
Aaron Lindsey,84,78,67,77,65,98,71,92,85,Financial Analyst
Philip Meadows,58,52,64,57,57,71,90,72,81,Financial Analyst
John Shelton,68,49,70,69,98,54,42,85,84,Entrepreneur
Samantha Lee,94,82,66,42,66,95,70,70,65,Financial Analyst
Lori Lawrence,70,80,65,65,87,98,47,60,96,Entrepreneur
Melissa Jenkins,63,99,87,62,81,77,45,95,78,Data Scientist
Cindy Estrada,76,43,61,87,62,71,79,57,88,Writer
Greg Griffith,56,63,70,85,68,54,57,97,63,Financial Analyst
Autumn Benjamin,61,69,70,52,48,44,97,69,63,Software Engineer
Christopher Bailey,93,86,86,67,41,90,79,91,73,Data Scientist
Rachel Jones,71,58,85,74,52,49,59,76,43,Financial Analyst
Amanda Hendricks,91,66,71,73,44,48,63,81,65,Financial Analyst
Mrs. Brooke Roberts,42,63,63,99,46,97,48,74,58,Writer
Jamie Silva,58,62,72,95,74,84,57,62,48,Writer
Joshua Chase,67,80,67,82,79,47,40,80,62,Teacher
Paige Holmes,52,63,92,59,75,55,70,42,47,Financial Analyst
Todd Hopkins,88,70,90,76,97,78,73,87,97,Entrepreneur
Charles Coleman,98,65,56,86,74,58,65,52,61,Writer
Tina Thomas,92,73,46,78,44,54,82,69,87,Human Resource Specialist
Courtney Miller,54,50,44,46,68,75,40,90,64,Marketing Executive
Karen Love,55,100,41,82,66,76,77,86,96,Human Resource Specialist
Deborah Olson,46,40,96,91,70,50,51,74,79,Writer
Karen Patrick,92,68,64,69,51,91,51,50,94,Human Resource Specialist
Christine Welch,91,45,77,54,63,50,51,90,47,Software Engineer
Ashley Mata,95,55,46,93,49,75,90,71,55,Writer
Jennifer Thompson,68,92,44,88,77,89,82,67,46,Writer
Marie Allen,86,74,74,91,76,70,76,93,47,Writer
Chad Brown,62,53,73,81,75,49,47,99,82,Marketing Executive
Briana Carson,86,63,69,48,47,74,53,49,83,Software Engineer
Derek Giles,64,56,90,84,62,93,86,46,100,Human Resource Specialist
Aaron Sexton,91,87,54,70,83,50,65,58,42,Entrepreneur
Cynthia Daugherty,95,83,56,98,41,46,50,76,53,Writer
Bradley Martinez,66,82,71,71,81,50,80,98,97,Entrepreneur
Connie Porter,89,41,57,84,65,53,43,86,74,Marketing Executive
Dustin Webb,61,47,94,80,94,97,55,41,47,Entrepreneur
Lisa Sherman,98,83,97,58,56,51,61,42,59,Data Scientist
Richard Haney,88,68,79,88,65,81,44,80,72,Writer
Brian Peterson,57,47,41,44,42,44,46,42,53,Financial Analyst
Ryan Ochoa,68,57,66,50,50,46,87,85,80,Manager
Susan Parsons,49,96,81,90,89,67,80,46,70,Data Scientist
Mitchell Reynolds,61,46,81,62,83,92,62,83,43,Entrepreneur
Melvin Bright,58,83,64,60,56,77,75,94,42,Teacher
Carrie Cain,71,94,100,65,44,65,48,72,58,Data Scientist
Richard Ortega,99,98,44,42,68,71,47,42,95,Human Resource Specialist
Melissa Ingram,74,98,92,49,55,55,92,74,87,Data Scientist
Vanessa Hardin,87,56,71,52,96,73,54,92,100,Entrepreneur
Michael Berry,97,69,68,71,96,47,83,76,73,Manager
Rachel Washington,66,62,51,69,52,98,47,90,75,Software Engineer
Stacey Wright,85,57,40,81,77,77,77,95,86,Human Resource Specialist
James Horton,84,63,44,96,46,71,71,65,96,Writer
Tami Thomas,43,60,56,43,52,91,80,67,82,Software Engineer
Nicholas Carpenter,83,50,98,81,62,82,65,70,52,Marketing Executive
Olivia Lopez,53,100,51,100,76,100,67,98,95,Writer
Eric Poole,96,78,81,40,91,63,41,58,78,Data Scientist
Barbara Mccullough,50,92,49,60,44,42,89,61,72,Marketing Executive
Whitney Donovan,41,65,50,46,71,76,52,55,50,Marketing Executive
Alec Ramos,42,41,61,41,86,77,66,95,86,Entrepreneur
Maria Hickman,79,96,54,98,50,79,58,99,74,Writer
Penny Moore,78,60,100,100,93,73,55,96,78,Writer
Julia Atkinson,49,94,92,67,51,73,50,93,96,Data Scientist
Lori Lewis,85,40,57,41,53,57,91,66,46,Financial Analyst
Bradley Trevino,67,94,96,62,45,78,86,86,55,Data Scientist
Jonathan Page,43,44,62,81,58,65,62,69,71,Marketing Executive
Frank Thomas,99,71,58,76,84,54,77,96,98,Entrepreneur
Rebecca Johnson,97,82,67,64,66,86,87,77,79,Manager
Phillip Taylor,47,55,69,41,88,68,81,58,44,Entrepreneur
Joanna Lawson,80,45,83,79,81,53,47,83,55,Entrepreneur
Valerie Weber,62,84,75,80,51,45,88,42,72,Software Engineer
Krystal Andrade,78,73,46,62,76,79,74,78,59,Marketing Executive
Nicholas Oneal,56,43,43,73,84,51,86,66,74,Entrepreneur
Amanda Martinez,46,91,65,76,78,84,56,73,78,Marketing Executive
Nancy Williams,83,72,91,92,67,56,40,100,64,Writer
Benjamin Jones,67,59,82,63,48,70,61,48,74,Marketing Executive
Matthew Torres,75,92,88,52,94,91,54,59,60,Data Scientist
Teresa Snyder,52,88,41,75,78,52,87,85,90,Manager
William Oneill,92,90,80,56,83,47,96,49,98,Entrepreneur
Jennifer Robbins,86,61,91,41,63,56,61,96,99,Human Resource Specialist
Luis Peterson,92,48,49,63,58,42,47,60,61,Marketing Executive
Katherine Oneal,89,80,57,45,53,86,81,55,83,Teacher
Russell Hawkins,80,78,60,95,65,41,100,49,41,Writer
Nathan Phillips,55,68,61,51,98,55,63,48,69,Entrepreneur
Steven Smith,71,47,98,95,97,44,42,86,50,Writer
Joseph Jones,47,60,69,69,98,73,52,61,71,Entrepreneur
Rebecca Baker,51,75,47,43,49,72,76,65,60,Financial Analyst
Robin Carter,56,96,95,92,93,78,74,99,96,Data Scientist
Melissa Hooper,79,94,49,61,96,47,44,95,48,Entrepreneur
Jared Diaz,84,90,89,69,45,82,78,98,94,Data Scientist
Crystal Johnson,75,73,55,85,89,79,59,47,95,Entrepreneur
Christine Spears,61,76,79,48,90,61,49,70,52,Entrepreneur
Kevin Espinoza,80,94,45,41,78,73,62,51,85,Financial Analyst
Crystal Matthews,77,97,92,41,42,93,81,45,64,Data Scientist
Bryan Boyd,57,67,56,100,82,93,64,55,78,Writer
Brianna Scott,54,75,50,65,80,62,89,56,50,Marketing Executive
Theresa Knight,66,70,66,75,88,64,44,95,67,Entrepreneur
Nancy Baker,60,70,41,96,96,77,81,78,54,Writer
Brenda Harvey,62,79,48,84,96,45,41,61,65,Entrepreneur
Breanna Boyd,48,61,70,75,61,65,61,65,100,Human Resource Specialist
Jennifer Webster,47,52,71,93,88,55,42,66,97,Writer
Melissa Thomas,96,58,86,78,57,84,71,83,95,Human Resource Specialist
Stephen Horton,56,87,87,66,49,57,72,96,93,Data Scientist
Teresa Alvarez,45,86,99,80,87,98,53,49,54,Data Scientist
Savannah Hunter,64,69,75,45,67,57,80,92,75,Financial Analyst
John Turner,74,91,68,47,76,44,50,44,67,Software Engineer
Melissa Collins,99,80,84,91,87,64,86,53,92,Data Scientist
Bonnie Lee,80,71,92,74,95,69,79,73,73,Entrepreneur
Angela Rodriguez,76,89,66,99,46,94,82,45,60,Writer
Dylan Casey,94,98,89,57,81,54,57,54,55,Data Scientist
Isabel Stafford,98,67,43,54,55,65,53,87,59,Software Engineer
Katelyn Morris,88,85,59,70,85,72,54,80,52,Entrepreneur
Melissa Anderson,54,66,42,77,91,58,81,40,59,Entrepreneur
Timothy Ellis,43,77,74,52,78,43,47,55,62,Marketing Executive
Lisa Jordan,82,67,58,70,64,90,61,69,73,Marketing Executive
Gregory Wood,64,76,57,55,60,91,77,69,54,Marketing Executive
Jeff Edwards,95,45,87,81,93,50,93,48,61,Entrepreneur
Michaela Arnold,57,49,87,56,91,62,86,58,97,Entrepreneur
Lisa Scott,87,94,96,44,52,89,82,49,45,Data Scientist
John Roberts,82,82,59,42,85,70,43,93,99,Entrepreneur
John Santiago III,80,92,41,75,52,66,62,99,87,Human Resource Specialist
Michael Scott,86,99,67,42,77,53,42,82,53,Financial Analyst
Lisa Berry,53,88,71,55,77,47,98,59,41,Marketing Executive
Amy Murillo,92,100,72,69,52,96,81,86,69,Manager
Abigail Barrett,70,58,89,90,45,54,88,97,54,Writer
Victor Harvey,46,44,96,98,78,63,68,52,60,Writer
Allison Kennedy,44,90,75,50,40,89,89,97,76,Manager
Mr. Marc Wilson,66,78,44,63,42,94,74,65,87,Human Resource Specialist
Jennifer Price,69,73,71,91,59,56,73,44,78,Writer
Francis Yu,46,59,50,59,97,91,91,92,41,Manager
Ryan Pratt,99,59,62,42,73,44,49,67,89,Human Resource Specialist
Christopher Haney,56,52,54,44,95,50,92,73,70,Entrepreneur
Alan Butler,57,49,69,48,55,50,67,75,56,Software Engineer
Patricia Ferguson,57,89,50,49,63,92,81,57,71,Financial Analyst
Steven Brock,89,90,79,100,76,72,85,72,77,Writer
Melinda Ramsey,98,40,95,53,93,72,85,64,44,Entrepreneur
Brett Burns,68,51,81,52,42,78,100,92,54,Manager
Sarah Kelly,89,62,100,58,83,84,60,77,57,Entrepreneur
James Dillon,91,55,73,53,84,64,50,47,90,Entrepreneur
Benjamin Ali,89,60,59,80,62,93,55,50,98,Human Resource Specialist
John Adams,42,89,47,65,53,44,53,52,43,Financial Analyst
Julie Clark,63,49,43,68,89,76,47,61,54,Entrepreneur
Stephanie Lin,46,82,68,89,83,71,77,77,48,Writer
Kevin Ortiz,77,47,41,43,86,45,90,68,92,Entrepreneur
Steven Kennedy,88,95,54,86,83,72,62,77,69,Writer
Victoria Hendricks,40,82,66,82,41,90,60,51,81,Teacher
Leonard Hammond,63,44,47,78,75,67,95,68,60,Software Engineer
Curtis Wright,98,97,82,60,84,50,44,59,61,Data Scientist
Mary Bartlett,64,84,97,73,56,82,86,59,91,Data Scientist
Christian Bolton,74,85,77,49,91,64,94,72,75,Entrepreneur
Earl Larson,85,52,75,69,74,66,46,47,68,Marketing Executive
Steven Ramos,41,89,78,59,56,97,91,71,87,Human Resource Specialist
Robin Kent DDS,66,70,80,94,94,49,64,54,76,Writer
Joseph Reynolds,89,60,40,68,70,58,67,79,96,Human Resource Specialist
Tammy Livingston,59,61,59,84,62,55,50,61,45,Financial Analyst
Lawrence Smith,69,99,41,64,97,52,68,53,67,Entrepreneur
Jonathan Cox,46,43,98,100,55,40,93,65,79,Writer
Corey Simpson,44,65,46,52,42,88,99,77,90,Manager
Christine Wilson,80,42,88,94,72,93,58,73,99,Writer
Lori Owens MD,82,68,66,75,96,76,73,88,73,Entrepreneur
Heather Jimenez,52,63,55,62,93,81,77,91,47,Entrepreneur
Mr. Richard Taylor,73,86,74,50,99,91,87,75,57,Entrepreneur
Renee Hunter,80,89,85,47,65,98,46,52,83,Data Scientist
Alexandra Wang,86,97,95,72,93,42,99,58,90,Data Scientist
Craig Jacobson,48,62,63,74,52,57,86,93,73,Manager
David Frost,80,94,47,70,65,52,43,51,94,Human Resource Specialist
Jack Velazquez,90,94,70,45,50,42,94,73,61,Software Engineer
Mary Collins,56,53,51,100,65,52,82,91,52,Writer
Sheena Kemp,64,87,70,90,40,62,68,96,64,Writer
Steven Price,77,83,48,46,87,61,91,55,43,Entrepreneur
Martin Maynard,44,60,62,48,82,96,80,41,77,Entrepreneur
Stephanie Roberts,85,77,40,64,57,75,84,53,95,Human Resource Specialist
Nicholas Gray,48,69,61,78,80,44,87,42,88,Human Resource Specialist
Richard Miller,59,86,81,49,86,75,87,47,48,Data Scientist
Donna Sparks,95,59,94,57,92,78,79,58,60,Entrepreneur
James Thomas,98,97,61,64,51,92,80,56,41,Teacher
Nicole Berg,94,78,69,60,58,72,94,79,81,Manager
Gabriela Holmes,48,76,42,70,82,67,50,87,46,Entrepreneur
Cassandra Cunningham,84,70,75,65,44,99,60,49,69,Teacher
Susan Castro,100,54,48,52,62,63,69,100,68,Financial Analyst
Matthew Mclaughlin,78,73,41,44,68,84,45,97,43,Software Engineer
Melissa Butler,89,62,52,69,60,58,100,59,81,Teacher
Sheila Jones,47,49,65,62,70,85,44,95,68,Marketing Executive
Scott Donaldson,53,85,60,97,87,84,65,41,100,Writer
Jodi Martinez,41,94,69,61,95,84,86,49,95,Entrepreneur
Nina Nguyen,98,56,61,85,43,48,44,68,80,Financial Analyst
Andrew Hunter,76,53,44,40,67,81,69,92,44,Financial Analyst
Mikayla Fuentes,41,65,88,82,64,60,59,42,75,Software Engineer
Sean Morales,84,60,40,97,50,55,99,88,52,Writer
Rachel Gray,74,69,43,84,96,85,84,77,86,Manager
Russell Pacheco,63,85,56,42,76,45,96,90,85,Manager
Lauren Edwards,67,93,70,66,69,46,91,49,61,Marketing Executive
Maureen Stephens,86,48,47,56,54,56,47,46,95,Human Resource Specialist
Douglas Vargas,46,51,51,66,86,87,94,96,58,Manager
Charles Peters,82,49,97,41,78,65,64,51,44,Marketing Executive
Mr. Travis Gomez,70,54,58,73,46,68,56,66,53,Marketing Executive
Dr. Karen Grant,51,74,54,59,81,95,98,100,56,Manager
Sarah Cochran,90,91,54,87,74,55,87,49,74,Writer
Makayla Chavez,66,70,83,52,55,96,81,80,63,Manager
Juan Nelson,88,87,82,45,64,69,46,71,73,Data Scientist
Sandra Collins,42,65,45,88,54,55,44,45,46,Writer
Brian Ward,74,73,48,68,72,63,90,62,55,Financial Analyst
Brian Welch,78,50,99,41,48,67,82,90,89,Manager
Dale Roberson,66,56,52,53,45,95,65,99,97,Human Resource Specialist
Spencer Williams,60,61,40,50,61,49,57,95,40,Financial Analyst
Brian Choi,75,87,81,73,100,59,84,59,42,Data Scientist
Linda Young,51,52,48,80,42,41,84,95,89,Manager
Michelle Jacobs,74,63,55,50,74,45,42,74,66,Software Engineer
Ian Vaughn,68,63,51,81,89,92,94,70,81,Entrepreneur
Brandy Diaz,41,58,56,65,79,62,57,52,56,Software Engineer
Walter Wells,76,68,85,89,87,84,66,94,65,Writer
Shane Clark,77,74,50,73,94,91,41,66,90,Entrepreneur
Michael Moore,64,41,88,70,93,94,41,44,59,Entrepreneur
Robert Burnett,65,89,52,42,61,68,74,80,88,Human Resource Specialist
Jacqueline Williams,99,72,60,98,96,100,68,86,63,Writer
Stephanie Rose,71,52,53,82,60,63,95,56,41,Teacher
Lisa Bentley,81,83,62,76,50,83,73,76,54,Teacher
Todd Parker,96,92,61,98,55,46,97,97,89,Writer
Daniel Walker PhD,69,52,69,90,92,100,84,82,94,Writer
Raymond Taylor,97,54,94,40,56,58,91,53,70,Marketing Executive
Amber Johnston,80,88,65,70,97,66,86,61,91,Entrepreneur
Kristen Cobb,64,70,77,100,72,57,95,61,88,Writer
Jacob Johnson,74,52,49,44,94,77,60,68,65,Entrepreneur
Jay Holder,77,70,91,98,89,89,80,97,62,Writer
Lauren Neal,42,86,95,49,95,69,80,100,77,Data Scientist
Earl Smith,63,74,69,87,90,91,58,93,65,Writer
Matthew Bowman,91,77,81,94,80,79,44,42,42,Data Scientist
Richard Turner,49,50,96,61,69,71,85,59,62,Marketing Executive
Eric Cooper,81,99,51,84,80,42,83,97,62,Manager
Joseph Fitzgerald III,58,69,48,63,73,98,96,56,41,Software Engineer
David Francis,47,49,61,96,43,48,93,78,97,Writer
Phyllis Miles,88,61,59,64,74,44,100,64,84,Teacher
Elizabeth Christian,46,45,64,43,64,98,97,77,69,Manager
Kristine Gillespie,46,70,40,57,90,53,71,91,52,Entrepreneur
Marisa Dyer,83,44,87,55,67,69,52,85,99,Human Resource Specialist
Ann Brown,66,92,79,68,49,84,74,83,50,Marketing Executive
Kevin Diaz,53,84,69,44,65,73,100,58,45,Teacher
Ross Oneal,96,95,61,75,57,67,84,54,61,Financial Analyst
Cameron Ford,44,90,94,50,71,72,57,100,68,Data Scientist
Sarah Mendez,48,91,48,81,74,92,91,46,62,Marketing Executive
Micheal Morris,87,89,72,65,79,96,74,98,81,Software Engineer
James Davis,89,56,98,65,41,99,80,92,70,Marketing Executive
Jeff Thomas,57,50,50,60,42,45,58,94,57,Software Engineer
Tyler Williams,50,100,72,49,65,94,42,99,67,Teacher
Andrea Schneider,49,45,92,52,86,41,59,60,70,Entrepreneur
Brandon Willis,60,92,91,69,79,75,58,56,90,Data Scientist
Timothy Lewis,55,78,43,45,67,78,92,86,64,Manager
Ricky Harris,82,45,86,42,66,88,82,61,51,Marketing Executive
Brittany Garner,44,51,76,87,100,83,98,66,42,Writer
William Evans,40,50,71,42,78,82,79,96,98,Human Resource Specialist
Amber Holloway,47,75,100,63,41,62,40,100,69,Financial Analyst
Anne Rogers,89,65,88,49,47,80,52,66,77,Teacher
Charles Phillips,94,95,89,73,64,91,96,66,77,Data Scientist
Jonathan Harris,44,67,87,82,79,78,63,41,88,Human Resource Specialist
Daniel Rose,98,89,94,60,80,62,58,77,98,Data Scientist
Valerie Austin,92,58,60,46,42,53,78,67,62,Marketing Executive
Jill Hughes,61,55,83,99,96,50,83,76,79,Writer
Christina Smith,49,95,97,53,77,69,63,66,40,Data Scientist
Gene Hunter,52,57,65,47,44,97,68,61,49,Software Engineer
Norman Clark,93,48,55,65,44,49,100,78,61,Manager
Amanda Houston,59,81,100,99,93,54,77,99,79,Data Scientist
Colton Torres,74,70,65,68,52,90,84,98,54,Manager
Stephanie Wolfe,78,62,51,78,43,41,61,81,95,Human Resource Specialist
Sonya Vasquez,88,81,69,52,54,69,66,80,57,Financial Analyst
Tina Ross,61,94,80,54,65,53,56,76,47,Software Engineer
Diamond Munoz,69,68,72,64,69,65,72,52,71,Teacher
Matthew Peterson,63,98,62,45,85,82,100,96,46,Manager
James Jackson,66,74,46,46,43,71,90,86,97,Manager
Douglas Spencer,83,74,78,76,51,54,86,77,89,Manager
Michelle Anderson,44,65,64,60,82,89,41,40,84,Entrepreneur
Shannon Lynch,99,97,60,46,44,73,78,77,47,Teacher
Eric Lopez,90,42,79,75,95,97,69,41,61,Entrepreneur
James Mendez,59,49,45,82,50,41,58,57,90,Human Resource Specialist
Edward Johnson,61,80,76,95,41,47,85,76,94,Writer
Christine Robinson,72,43,41,87,51,72,67,82,49,Writer
Eddie Knight,41,80,86,100,63,40,72,100,48,Data Scientist
Thomas Jenkins,66,64,79,58,41,85,72,52,68,Teacher
Heather Brewer,88,80,79,43,59,55,68,74,83,Financial Analyst
Thomas Davis,54,59,52,78,60,70,63,91,54,Financial Analyst
Tina Harris,66,92,73,93,82,89,74,100,81,Writer
Jacqueline Shelton,81,96,73,77,65,51,52,58,56,Teacher
Chloe Carter,59,69,73,76,64,50,96,98,40,Manager
Amanda Harrison,91,85,44,72,96,51,98,64,65,Entrepreneur
Shane Stark,92,54,75,53,40,44,50,89,58,Teacher
Debra Gomez,55,56,50,88,87,64,54,95,86,Writer
Travis Jackson,72,93,80,63,96,91,71,65,75,Entrepreneur
Ronald Marquez,95,62,42,49,70,40,67,64,52,Marketing Executive
Amanda Jenkins,95,58,70,75,84,55,79,84,78,Entrepreneur
Anthony Peters,64,65,47,50,91,74,42,98,62,Entrepreneur
Eric Ramirez,64,61,49,54,51,58,85,84,59,Manager
Nathaniel Moreno,91,71,95,96,94,75,92,53,73,Writer
Jill Vazquez,62,47,58,85,57,69,64,48,55,Teacher
Frank Cruz,72,89,89,51,91,83,45,73,55,Data Scientist
Matthew Brown,54,82,69,87,81,41,63,56,66,Writer
David Burton,45,76,56,78,47,100,96,76,84,Manager
Benjamin Rodriguez,83,87,80,70,63,84,84,63,52,Marketing Executive
Christina Kaiser,49,60,53,82,63,70,70,97,45,Marketing Executive
Deborah Bruce,72,97,45,58,71,45,64,71,64,Software Engineer
Jeffrey Dickerson,42,80,72,71,63,69,95,89,86,Manager
David Scott,46,56,78,91,87,47,70,86,46,Writer
Donald Horton,56,78,42,71,49,93,40,82,45,Marketing Executive
Francisco Fox,69,96,44,52,50,40,58,57,98,Human Resource Specialist
Anna Clark,74,55,46,57,96,47,94,98,59,Manager
Margaret Pacheco,84,42,96,41,83,80,65,96,71,Entrepreneur
Misty Robinson,61,47,65,95,60,94,90,85,54,Writer
Keith Hensley,47,84,41,74,49,90,79,64,89,Human Resource Specialist
Kevin Pope,73,46,54,70,50,92,60,42,82,Financial Analyst
Lucas Rios,63,78,65,67,93,90,67,63,98,Entrepreneur
Roger Garcia,63,86,62,75,59,95,86,98,62,Manager
Jerry Martinez,48,87,76,52,59,49,65,83,74,Teacher
Jonathan Cunningham,57,78,60,82,51,88,60,60,98,Human Resource Specialist
Kerry Smith,68,48,56,66,95,72,64,95,42,Entrepreneur
Annette Horne,63,64,63,44,82,83,59,73,72,Entrepreneur
Amber Robles,82,71,44,57,68,80,74,89,63,Marketing Executive
Thomas Hull,75,46,93,77,63,64,77,80,79,Teacher
Benjamin King,88,100,57,81,46,57,61,54,71,Teacher
Andrew Morrison,50,56,75,69,46,49,59,83,74,Teacher
Matthew Barrett,84,43,87,93,59,65,66,69,69,Writer
Aaron Anderson,70,93,78,43,66,90,79,51,62,Marketing Executive
Brandon Barajas,71,43,99,87,58,61,70,53,76,Writer
Colleen Glover,46,88,57,56,56,79,81,85,86,Manager
Jeffrey Lewis,81,83,83,55,50,52,67,67,41,Data Scientist
Sherry Livingston,63,72,68,90,65,90,85,71,57,Writer
Toni Garner,42,50,83,80,90,85,62,86,70,Entrepreneur
Steven Thomas,43,74,67,70,43,79,86,71,57,Teacher
Megan Bush,44,60,72,57,72,73,48,82,78,Financial Analyst
Katrina Rodriguez,57,43,89,81,73,76,75,79,75,Financial Analyst
Jon Villanueva,70,73,69,52,75,48,42,68,82,Marketing Executive
Tracy Miller,49,96,55,99,54,44,84,47,71,Writer
Michelle Gould,81,40,44,40,94,56,88,55,97,Entrepreneur
David Murphy,90,96,74,97,56,52,67,43,72,Writer
Carolyn Hendricks,85,63,76,97,70,96,99,73,82,Writer
Joshua Martinez,95,48,83,57,70,48,47,56,87,Human Resource Specialist
William Dixon,67,57,95,67,88,72,72,40,63,Entrepreneur
Anna Zimmerman DDS,71,49,93,62,82,65,59,59,98,Entrepreneur
Michael Wall,43,96,51,42,41,64,80,56,53,Marketing Executive
Patricia Taylor,97,99,91,64,63,65,81,76,72,Data Scientist
Pedro Branch,100,83,62,68,45,95,72,47,83,Teacher
Rose Hernandez,95,51,81,69,50,96,62,98,74,Teacher
Heidi Shelton,43,71,67,40,44,100,62,65,44,Software Engineer
John Stevenson,90,95,97,56,85,58,41,55,75,Data Scientist
Matthew Vaughn,55,60,73,82,86,48,87,91,95,Manager
Paul Mitchell,95,87,63,71,58,91,54,69,83,Software Engineer
Emma Steele,53,96,82,70,95,41,66,91,52,Data Scientist
Victoria Bailey,75,90,90,52,80,89,99,69,98,Data Scientist
Adam Ingram,63,53,60,48,69,51,51,57,58,Software Engineer
Raymond Terrell,66,70,58,70,100,40,94,67,64,Entrepreneur
Emily Gonzalez,71,74,40,90,69,81,49,73,87,Writer
Marilyn Graham,97,89,66,77,93,95,100,86,99,Manager
Logan Todd,45,66,59,52,44,66,46,45,84,Teacher
Debra Trujillo,68,98,58,75,50,68,59,47,77,Financial Analyst
Eric Brown,90,68,55,40,40,42,66,99,57,Software Engineer
Molly Williams,70,71,53,69,45,50,41,44,70,Software Engineer
Brenda Galvan DVM,72,64,100,93,99,83,53,53,48,Writer
Krista Guerra,69,100,90,46,82,75,73,74,54,Data Scientist
Scott Peters,40,49,76,53,44,59,76,86,55,Financial Analyst
Terry Ford,42,52,68,42,40,63,60,97,68,Teacher
Ronnie Gates,100,64,82,98,76,42,79,63,66,Writer
Jacqueline Harris,55,78,82,69,86,88,62,92,93,Data Scientist
Cathy Martinez,84,41,76,50,48,48,49,61,60,Financial Analyst
Deborah Butler,66,48,64,84,41,82,72,54,49,Financial Analyst
Steven Woods,92,87,47,56,94,54,72,62,95,Entrepreneur
Tammy Richardson DDS,75,69,44,76,94,53,57,98,82,Entrepreneur
Ronnie Vega,44,70,55,50,47,94,80,98,71,Teacher
Christine Walker,40,68,75,66,60,49,59,46,52,Financial Analyst
Amy Hickman,83,86,48,48,72,78,89,67,61,Financial Analyst
Samantha House,52,69,70,67,61,84,89,42,40,Teacher
Lisa Chavez,81,94,58,55,61,88,52,59,49,Marketing Executive
Jennifer Frazier,98,89,92,82,100,46,55,65,92,Data Scientist
Eugene Gonzalez,94,65,87,47,65,55,68,81,75,Software Engineer
Denise James DDS,41,69,84,97,66,58,85,42,53,Writer
Samuel Allen,65,64,75,85,94,94,55,72,89,Entrepreneur
Priscilla Khan,95,47,67,73,42,91,72,80,41,Software Engineer
Sean Copeland,69,43,63,69,63,47,72,64,82,Marketing Executive
James Snyder,100,79,99,92,88,77,92,49,43,Data Scientist
Veronica Wells,59,79,92,58,61,86,50,90,78,Data Scientist
Lawrence Caldwell,86,72,70,62,69,95,92,49,60,Software Engineer
Shane Jensen,63,50,96,47,85,49,76,42,100,Entrepreneur
Jonathan Jefferson,86,63,40,78,47,68,70,77,88,Human Resource Specialist
Andrea Patrick,61,72,73,49,91,91,98,78,70,Manager
Ms. Dana Pace,88,66,70,43,86,76,61,95,40,Entrepreneur
Lucas Collins,61,84,92,52,80,85,41,47,58,Data Scientist
Thomas Cole,49,62,51,72,89,83,45,71,53,Entrepreneur
Jacob Browning,69,91,83,43,100,75,47,73,72,Data Scientist
Ralph Daniels,92,46,83,77,54,76,85,41,78,Financial Analyst
Sandra Rodgers,48,40,72,42,51,74,98,40,75,Financial Analyst
Amy Mason,81,59,87,64,86,96,80,68,68,Entrepreneur
Mrs. Stephanie Wyatt DVM,84,93,60,77,70,40,48,40,52,Software Engineer
Alex Cook,85,75,50,70,84,65,45,81,55,Entrepreneur
Richard Waller,92,45,82,87,97,79,79,75,91,Writer
Richard Brown,98,96,75,76,52,72,43,45,41,Teacher
Victoria Dixon,66,47,61,41,63,40,66,61,86,Human Resource Specialist
Heather Medina,40,100,69,72,87,67,68,98,68,Entrepreneur
Anna James,72,90,58,91,46,54,55,61,58,Writer
Anna Arroyo,71,75,91,90,51,90,67,75,69,Writer
Thomas King,48,77,40,83,83,86,99,99,66,Manager
Carlos Parker,69,77,70,59,98,62,47,66,79,Entrepreneur
Shawn Marshall,64,70,60,42,44,60,98,67,57,Marketing Executive
Molly James,99,80,99,88,92,47,93,69,57,Data Scientist
Nathan Williams,73,46,49,45,57,79,90,69,62,Teacher
Daniel Miller,74,55,45,84,56,45,87,77,47,Manager
Crystal Martinez,79,40,93,41,84,77,44,85,96,Entrepreneur
Mr. Randall Noble,100,74,46,40,90,74,46,64,98,Entrepreneur
Patrick Myers,46,60,43,82,46,83,58,45,67,Financial Analyst
Jason Patel,44,64,97,66,41,49,96,59,45,Marketing Executive
Stacey Taylor,98,49,70,49,99,90,69,61,51,Entrepreneur
Mathew Jones,41,54,67,64,66,94,93,59,51,Software Engineer
Ryan Morrison,66,98,83,69,93,49,75,44,47,Data Scientist
Jordan Mercado,74,72,57,97,93,63,61,52,90,Writer
Erin Taylor,62,51,75,73,46,85,70,57,44,Financial Analyst
Mario Dougherty,51,100,71,90,74,89,73,75,42,Writer
Samantha Allison,64,89,98,73,43,89,51,72,94,Data Scientist
Danielle Johnson,47,63,86,100,76,91,48,59,85,Writer
Anna Noble,78,45,94,65,41,79,72,75,80,Software Engineer
William Wallace,62,62,100,90,79,95,96,99,67,Writer
Sherri Reed,73,50,100,62,74,46,46,69,91,Human Resource Specialist
Gregory Cook,91,57,74,80,75,49,88,94,69,Manager
Xavier Ramsey,88,97,43,69,59,58,89,44,71,Software Engineer
Jeffrey Copeland,78,80,82,88,84,80,96,66,90,Data Scientist
Susan Patterson,75,82,80,93,92,95,43,59,61,Writer
Sean Raymond,47,100,46,87,50,64,70,40,83,Writer
Angela Payne,75,65,60,42,90,46,57,88,96,Entrepreneur
Rebecca Reed,57,48,41,77,50,67,89,48,65,Marketing Executive
Alan Green,67,51,97,48,96,52,69,72,88,Entrepreneur
Brittney Bell,57,91,63,41,45,66,49,63,88,Human Resource Specialist
Erik Wilkins,82,44,57,73,60,82,96,66,82,Financial Analyst
Karen Miller,67,82,92,67,68,43,73,85,95,Data Scientist
Joseph Patrick,41,92,75,98,65,41,41,88,47,Writer
Edward Boyle,48,85,68,78,69,64,41,85,60,Teacher
Rachel Lawrence,90,90,100,49,68,95,44,79,88,Data Scientist
Fred Johnson,76,58,70,89,58,95,42,95,56,Writer
Michael Tate,46,96,52,69,98,55,48,75,67,Entrepreneur
Jennifer Reyes,92,63,54,67,63,70,61,60,48,Marketing Executive
Mark Kelly,74,83,97,88,90,68,59,91,48,Data Scientist
Benjamin Parker,94,81,57,48,93,75,97,95,53,Manager
Tracey Peterson,62,72,89,75,56,70,92,98,90,Manager
Dennis Mendoza,64,87,87,89,75,64,75,49,76,Data Scientist
Shelly Meyers,44,44,84,48,55,71,83,66,80,Software Engineer
Robert Walker,55,96,46,99,86,78,67,72,63,Writer
Joshua Drake,95,92,60,90,83,72,82,86,78,Writer
Jared Mclean,61,45,80,81,46,40,80,40,76,Financial Analyst
Richard Juarez,44,61,65,42,59,60,40,44,44,Software Engineer
Wendy Gonzalez,48,54,76,57,49,43,86,71,89,Human Resource Specialist
Morgan Bennett,93,57,96,95,45,69,43,73,41,Writer
Amy Jordan,73,98,52,75,75,51,77,88,52,Teacher
Ann Haynes,68,64,47,88,58,96,68,79,93,Writer
Melissa Mcintyre,88,64,59,51,43,90,45,71,42,Software Engineer
Brenda Gonzalez,48,95,51,69,63,88,82,77,60,Manager
Daniel Morgan,52,79,71,78,55,64,51,83,81,Teacher
Jennifer Parks,53,90,90,67,45,73,86,51,82,Data Scientist
Kimberly Bates,90,78,67,90,46,82,46,89,56,Writer
Devin Parks,76,46,81,65,55,54,76,58,100,Human Resource Specialist
Kristen Rodriguez,100,67,62,92,57,56,66,52,94,Writer
Andrew Boone,49,65,91,97,85,85,87,73,69,Writer
Heather Walker,68,68,58,41,73,65,71,81,97,Human Resource Specialist
Kathleen Ryan,84,91,52,89,66,95,83,51,63,Writer
Karen Brown,78,48,43,40,53,99,80,94,100,Human Resource Specialist
Matthew Richardson,87,82,45,57,100,80,97,43,52,Entrepreneur
Ryan Green,94,91,92,85,60,40,85,88,51,Data Scientist
Kristi Mckee,98,52,51,48,68,41,54,69,91,Human Resource Specialist
Carla Walton,97,96,54,71,74,69,86,93,92,Manager
Joseph Moore,48,71,89,84,45,75,41,64,77,Software Engineer
Richard Fowler,69,87,58,95,42,65,58,85,82,Writer
Kelly Davies,99,56,95,68,41,85,62,64,73,Marketing Executive
Mr. Matthew Page,90,80,73,93,96,84,78,56,54,Writer
William Bray,82,62,62,66,58,44,74,89,83,Teacher
Tommy Harrison,44,79,67,47,81,69,81,85,100,Manager
Kaylee Miller,82,50,64,46,77,90,43,64,83,Software Engineer
Reginald Parker,50,60,61,69,50,48,97,93,57,Manager
Christopher Ford,70,57,95,93,67,73,67,91,90,Writer
Aimee Porter,57,80,41,50,97,75,58,61,46,Entrepreneur
Tyrone Goodman,53,54,66,95,90,70,67,53,90,Writer
Scott Perez,94,83,77,91,41,40,56,87,70,Writer
Ivan Knox,69,43,85,90,91,73,41,53,49,Writer
Michael Cook,78,75,88,75,85,70,61,75,58,Entrepreneur
Angela Parker,49,63,58,99,67,62,83,86,43,Writer
Dennis Hall,62,65,52,54,51,65,92,64,51,Software Engineer
Mary Terry,63,62,68,78,44,95,75,59,87,Human Resource Specialist
Gerald Crawford,48,100,66,59,58,94,86,73,40,Software Engineer
Jenna Sparks,64,90,89,68,95,99,92,53,90,Data Scientist
Kyle Wang PhD,96,77,73,78,100,98,100,66,92,Entrepreneur
Jennifer James,83,42,73,42,100,79,88,81,67,Manager
Sabrina Lee,56,71,69,49,73,71,63,40,63,Teacher
Matthew West,88,89,47,78,53,67,65,78,86,Human Resource Specialist
Jill Higgins,85,98,83,67,58,66,41,69,81,Data Scientist
Matthew Sellers,69,73,40,82,44,44,56,71,94,Human Resource Specialist
Jermaine Montgomery,92,50,66,97,73,72,57,68,92,Writer
Willie Cunningham,48,96,81,97,96,74,71,40,99,Data Scientist
Kristina Calderon,64,57,79,95,43,40,99,86,71,Writer
Matthew Lee,69,50,72,59,52,64,62,65,42,Teacher
John Patterson,98,97,66,46,100,87,49,100,45,Entrepreneur
Michael Lane,94,79,52,68,85,70,40,88,51,Entrepreneur
Tara Edwards,53,66,43,72,90,60,72,84,47,Entrepreneur
Daniel Hunt,43,97,79,97,77,70,43,63,62,Writer
Chris Ryan,93,71,87,58,99,68,89,91,46,Manager
Mackenzie Torres,40,49,46,54,91,53,87,97,48,Manager
Donna Turner,91,42,98,64,49,100,62,64,57,Teacher
Mr. Robert Weeks,40,93,54,91,82,76,91,42,97,Writer
Emma Roman,45,100,74,52,42,57,71,54,73,Software Engineer
Krista Williams,79,83,46,86,89,78,60,61,98,Writer
Willie Miller,92,81,46,71,98,85,45,53,84,Entrepreneur
Richard Edwards,79,79,86,44,58,62,76,88,90,Data Scientist
Timothy Peters,50,71,78,68,90,51,97,74,54,Entrepreneur
Timothy Cruz,76,90,74,68,51,93,84,45,47,Financial Analyst
Joshua Schwartz MD,97,90,90,78,88,75,93,83,54,Data Scientist
Anthony Burke,98,74,54,98,79,97,77,75,100,Writer
Tara Farmer,73,59,80,45,52,57,60,48,99,Human Resource Specialist
Alexander Bowman,67,59,67,85,72,80,100,100,74,Manager
Jennifer Edwards,61,40,70,82,71,47,68,75,40,Software Engineer
Lee Ortiz,60,50,89,41,64,84,48,69,80,Marketing Executive
Nancy Weaver,68,74,82,89,83,42,56,77,96,Writer
Carolyn Soto,58,100,92,74,82,56,68,68,50,Data Scientist
Nicole Ross,98,60,80,88,68,54,91,65,53,Writer
Mary Little,74,59,86,42,82,47,48,46,97,Entrepreneur
Vincent Miller,55,79,61,68,40,87,51,65,72,Software Engineer
Kelly Brooks,92,67,63,91,72,87,66,80,96,Writer
Brian Alexander,63,60,42,72,65,91,58,59,40,Teacher
Harry Skinner,67,53,59,50,95,62,79,52,70,Entrepreneur
Danielle Curtis,49,66,77,77,86,83,51,56,66,Entrepreneur
David Clark,52,67,49,75,57,44,42,71,75,Teacher
Brian Butler,57,52,82,76,47,68,52,82,40,Financial Analyst
Debra Jennings,92,70,100,98,53,57,71,40,57,Writer
Glen Newton,95,87,57,41,84,67,51,50,44,Entrepreneur
Robert Chapman,42,59,84,73,89,83,40,60,54,Entrepreneur
Lydia Walker,54,44,83,94,96,82,82,56,53,Writer
Troy Barnes,76,97,73,86,51,49,45,99,48,Writer
Christine Faulkner,57,100,54,57,67,63,91,71,89,Human Resource Specialist
Joshua Cooper,51,81,73,81,64,50,61,89,50,Teacher
Megan Gibbs,98,51,89,90,91,98,85,90,45,Writer
Christopher Edwards,41,50,42,79,97,46,96,97,78,Manager
Stacey Smith,40,75,89,89,84,43,88,92,89,Writer
Brian Sawyer,74,76,54,72,48,79,63,86,71,Financial Analyst
Zoe Cruz,90,62,42,51,91,98,53,90,76,Entrepreneur
Jessica Huynh,51,83,81,50,67,64,64,77,97,Data Scientist
Brandi Mercado,55,83,71,59,40,73,87,76,53,Manager
Laura Morales,97,83,68,63,72,45,54,94,97,Human Resource Specialist
Emily Welch,58,62,64,86,68,97,61,57,73,Writer
Alexander Gordon,47,87,91,63,72,94,89,71,46,Data Scientist
Amanda Chaney,71,76,92,77,85,87,94,65,88,Data Scientist
Kelly Coleman,96,60,47,42,100,57,83,89,80,Manager
Albert Murray,75,61,64,59,71,97,67,87,90,Human Resource Specialist
Michelle Robles,90,69,91,80,44,61,71,72,87,Human Resource Specialist
David Miller,60,68,65,53,81,60,61,89,62,Entrepreneur
Vanessa Fry,78,70,85,96,96,80,58,76,79,Writer
Caroline Taylor,90,74,41,63,64,87,85,78,58,Manager
Becky Murphy,77,72,64,60,96,62,56,53,92,Entrepreneur
Diana Ramirez,83,64,61,62,71,40,71,58,43,Software Engineer
Larry Cochran,47,40,91,56,92,50,83,40,96,Entrepreneur
Margaret Ortiz,52,57,89,76,48,44,67,53,45,Software Engineer
Jason Shelton,68,100,82,86,88,55,57,70,72,Data Scientist
Bob Smith,42,78,94,96,99,46,58,88,86,Data Scientist
John Payne,65,53,48,51,66,98,59,79,54,Teacher
Pamela Woodward,84,92,69,53,74,60,74,83,98,Human Resource Specialist
Tommy Olson,73,67,77,69,68,97,94,61,76,Teacher
Amanda Campbell,54,88,52,65,64,82,42,90,57,Financial Analyst
Judith Lopez,43,69,83,67,69,54,86,73,44,Software Engineer
Donald Eaton,69,41,61,53,99,62,61,65,98,Entrepreneur
Alyssa Vasquez,73,83,81,60,67,82,69,69,79,Data Scientist
Travis Rose,79,52,82,62,52,93,99,88,79,Manager
Daniel Hernandez,90,77,61,85,99,74,50,100,93,Entrepreneur
Lori Wright,99,56,99,99,81,41,94,41,75,Writer
Mrs. Lori Allen,40,79,70,100,49,84,57,91,67,Writer
Kurt Moyer,68,79,91,45,53,75,65,42,82,Data Scientist
Nicholas Butler,98,87,88,68,85,89,54,71,99,Data Scientist
Justin Hess,91,70,60,44,64,96,90,87,41,Manager
Michael White,50,66,67,78,43,49,51,91,58,Marketing Executive
April Mueller,54,69,57,75,95,56,71,40,58,Entrepreneur
Ann Campbell,71,56,70,63,94,98,77,88,64,Entrepreneur
Debra Garcia DDS,72,86,59,57,52,63,99,52,48,Software Engineer
Nicole Johnson,99,43,68,51,90,87,48,90,53,Entrepreneur
Jeremy Murphy,49,89,45,51,49,91,69,59,45,Teacher
Sarah Brown,92,74,91,97,58,59,55,66,49,Writer
Catherine Rhodes,63,56,79,49,56,79,88,73,69,Software Engineer
Sharon Turner,95,55,86,95,72,99,60,93,42,Writer
Carly King,42,66,94,50,62,76,50,84,99,Human Resource Specialist
Zachary Marshall,49,58,59,70,99,80,54,100,50,Entrepreneur
Robert Walton,66,59,67,54,66,90,43,100,86,Human Resource Specialist
Paul Ewing,71,65,75,71,46,47,66,42,66,Teacher
Cassandra Caldwell,93,97,49,53,66,74,94,87,48,Manager
Robin Sanders,88,73,58,65,76,55,71,93,93,Human Resource Specialist
Yesenia Johnson,77,71,52,77,82,81,47,85,83,Entrepreneur
Garrett Weber,96,71,88,49,60,78,89,47,100,Human Resource Specialist
Mrs. Mary Farrell,72,67,87,84,47,57,41,97,91,Human Resource Specialist
Alyssa Taylor,76,85,48,53,64,73,84,84,85,Manager
Charles Sullivan,53,64,55,78,79,40,48,50,77,Marketing Executive
Nathaniel Davis,92,82,69,45,85,57,65,40,92,Entrepreneur
Robert Baldwin,44,48,64,59,78,52,48,85,76,Marketing Executive
Kyle Thompson,51,99,50,73,61,67,77,93,89,Human Resource Specialist
Erik Castro,76,40,93,64,69,94,60,73,79,Marketing Executive
Eric Davis,74,58,47,48,59,47,77,42,79,Financial Analyst
Patricia Robinson,83,63,74,41,44,58,65,44,95,Human Resource Specialist
Shane Saunders,91,56,66,57,57,70,81,48,75,Marketing Executive
Katrina Chavez,73,66,58,92,91,61,90,98,43,Writer
Kathleen Jordan,79,69,72,100,81,87,66,66,97,Writer
Mitchell Olsen MD,42,91,72,87,96,59,55,55,70,Writer
Cory Mclaughlin,42,62,72,98,51,93,60,91,95,Writer
Jeffery Henderson,81,93,53,65,87,45,49,40,78,Entrepreneur
Monica Calderon,61,87,42,92,46,47,78,76,82,Writer
David Barber,90,91,71,72,84,77,82,56,77,Entrepreneur
Christian Hartman,71,83,83,74,62,82,84,71,92,Data Scientist
Ryan Jimenez,100,52,56,45,87,46,74,92,43,Entrepreneur
Steven Owens,55,95,52,65,44,42,73,95,45,Financial Analyst
Thomas Bradshaw,62,42,40,41,84,43,84,64,72,Entrepreneur
Frank Hill,42,50,44,42,47,81,82,54,44,Financial Analyst
Jenna Crosby,50,99,71,86,74,92,69,82,100,Writer
Michael Henson,42,86,70,81,72,45,44,91,75,Teacher
Douglas Thompson,83,71,62,81,93,55,64,74,76,Entrepreneur
Cynthia Robertson,70,100,76,87,50,43,46,96,71,Writer
Ryan Knight,42,81,76,63,40,82,97,65,43,Marketing Executive
Brooke Watkins,47,77,100,93,74,97,49,49,54,Data Scientist
Justin Johnson,64,81,72,61,58,81,69,63,42,Marketing Executive
Laurie Lutz,48,78,43,64,54,89,61,79,72,Software Engineer
Michael Burke,67,66,53,97,86,55,48,73,83,Writer
Katherine Oconnor,91,82,56,58,99,41,77,42,97,Entrepreneur
April Marshall,72,90,44,90,77,100,88,73,42,Writer
Richard Oconnell,85,73,96,80,73,71,53,41,63,Teacher
John Hernandez,70,83,91,92,81,73,45,55,55,Data Scientist
William Acosta,93,89,86,51,91,60,43,52,54,Data Scientist
Hannah Brewer,70,52,65,86,46,92,99,64,75,Writer
Cynthia House,53,49,54,40,98,85,64,58,51,Entrepreneur
Eric Barnes,57,59,46,68,51,56,41,91,83,Marketing Executive
Sheri Merritt,65,43,92,60,54,77,58,78,55,Marketing Executive
Caitlin Rodriguez,89,85,81,91,77,82,88,43,92,Data Scientist
Eric Carpenter,56,95,95,93,46,47,54,53,96,Data Scientist
Julie Romero,92,59,43,98,72,93,77,69,56,Writer
Thomas Holt,96,83,69,70,46,71,68,84,42,Teacher
Deborah Moore,56,69,85,86,63,66,80,60,79,Writer
Lauren Phelps,69,53,42,47,97,44,50,81,43,Entrepreneur
Michelle Poole,92,90,87,45,72,53,40,69,93,Data Scientist
Arthur Sullivan,86,87,99,98,86,91,46,91,96,Data Scientist
Clarence Powell,50,51,73,55,85,62,74,68,62,Entrepreneur
Samantha Wilson,55,54,52,43,76,94,92,81,75,Manager
Melanie Thompson,80,61,90,79,97,64,52,94,58,Entrepreneur
Heidi Mcmillan,42,76,81,72,95,66,62,52,43,Data Scientist
Chelsea Carroll,85,58,73,100,52,70,94,45,63,Writer
Lindsay Madden,80,50,82,88,43,71,40,59,84,Writer
Paul Wong,78,57,72,51,71,88,63,46,49,Marketing Executive
Matthew Rodriguez,64,72,89,46,96,100,66,89,70,Entrepreneur
Carla Thompson,42,43,93,63,74,83,99,95,95,Manager
Mark Fleming,62,83,97,97,62,74,65,62,64,Data Scientist
Dustin Shannon,79,53,44,66,40,86,52,60,71,Financial Analyst
Christopher Chambers,72,56,97,85,58,67,74,53,59,Teacher
Gloria Williams,73,40,95,59,44,46,76,42,92,Human Resource Specialist
Lindsey Patrick,89,42,73,74,45,86,43,91,40,Teacher
Stephanie Cain,42,50,64,88,82,91,88,48,50,Writer
Levi Stephens,64,86,69,80,46,55,58,69,77,Marketing Executive
Bradley Gonzales,88,90,41,40,85,67,41,66,90,Entrepreneur
Austin Chavez,48,49,60,57,69,97,68,97,43,Marketing Executive
Mercedes Bell,68,92,47,41,90,59,59,71,80,Entrepreneur
Danielle Saunders,77,62,66,99,55,79,43,81,43,Writer
Mary Bentley,54,50,52,50,87,44,93,59,74,Entrepreneur
Abigail Woods,66,71,82,69,76,54,67,63,44,Financial Analyst
Curtis Bradley,45,96,47,76,51,60,75,99,95,Human Resource Specialist
John Bradshaw,64,57,45,87,50,47,46,75,99,Writer
Joseph Schwartz,42,63,64,62,55,97,81,91,40,Manager
Christopher Black,66,69,79,82,96,64,92,77,55,Manager
Marcus Robertson,100,53,76,41,94,45,41,92,64,Entrepreneur
Tony Reese,47,48,76,84,50,40,50,83,54,Marketing Executive
Jenna King,60,74,77,42,45,56,98,68,73,Financial Analyst
Mark Massey,87,100,50,75,86,89,60,92,98,Entrepreneur
Robert Campbell,63,74,87,98,97,49,73,67,97,Writer
Tony Becker,98,58,70,71,41,80,72,43,60,Financial Analyst
Rebecca Moreno,50,78,47,78,61,54,40,82,51,Teacher
Nancy Proctor,42,46,62,62,68,45,49,70,100,Human Resource Specialist
Jeremiah Richards,90,97,89,58,67,65,91,95,85,Data Scientist
Robert Rodriguez,78,58,70,44,78,72,87,43,99,Human Resource Specialist
Johnny Hendricks,40,57,57,51,61,46,89,44,83,Financial Analyst
Meghan Lynn,74,66,88,70,84,69,85,42,68,Entrepreneur
Aaron Sheppard,42,98,43,94,71,99,76,86,97,Writer
Joanna Gibson,84,55,74,80,63,81,97,63,71,Teacher
Elizabeth Burns,50,51,95,86,72,80,75,41,59,Writer
Valerie Chen,43,72,86,87,92,71,98,80,94,Writer
Jordan Patrick,82,63,60,81,82,77,87,43,44,Entrepreneur
Thomas Marshall,69,50,66,58,91,83,76,44,46,Entrepreneur
Gary Cruz,68,58,42,86,84,54,45,64,97,Writer
Nichole Gonzalez,83,95,94,42,91,64,71,45,95,Data Scientist
Jeffrey Chen,45,43,76,56,75,71,85,48,70,Software Engineer
Carl Greene,85,93,98,80,54,42,56,100,88,Data Scientist
Susan Moore,55,85,99,54,54,79,44,63,73,Data Scientist
Andrew Thompson,98,89,98,59,50,71,72,77,66,Data Scientist
Traci Obrien,76,49,92,72,65,65,46,88,68,Teacher
Nicole Nguyen,80,40,44,91,70,60,51,89,48,Writer
Matthew Griffith,54,86,78,51,60,80,44,93,49,Financial Analyst
Thomas Soto,43,83,73,81,67,43,80,76,90,Human Resource Specialist
Emily Gray,87,89,99,40,78,75,97,61,84,Data Scientist
Julia Mcdaniel DDS,99,59,82,50,67,61,85,65,50,Marketing Executive
Kyle Copeland,81,92,70,54,53,86,51,49,57,Marketing Executive
Tiffany Simmons,75,55,74,57,92,67,95,94,85,Manager
Robert Barrera,92,48,61,73,97,83,93,78,72,Manager
Samuel Hartman,44,53,74,85,70,52,46,72,44,Teacher
Justin Shepard,80,77,79,95,65,67,55,100,56,Writer
Paul Moore,40,98,90,86,52,83,92,53,45,Data Scientist
Justin Willis,92,82,87,48,62,80,84,72,55,Data Scientist
Gregory Elliott,40,63,63,69,96,93,55,79,77,Entrepreneur
Renee Gonzalez,44,84,97,66,53,62,80,44,85,Data Scientist
Angela Torres,85,87,78,85,56,63,58,51,87,Human Resource Specialist
Betty Bradford,78,75,53,45,89,70,54,87,40,Entrepreneur
Teresa Harris,80,84,59,41,69,50,62,94,77,Teacher
Ruth Galvan,84,47,72,99,79,70,64,65,54,Writer
David Rivas,93,84,71,67,48,40,99,95,94,Manager
Amy Warren,59,99,78,92,41,50,78,62,88,Writer
Charlotte Campbell,40,62,52,95,63,51,43,65,52,Writer
Candice Rivera,83,99,47,90,65,65,88,68,64,Writer
William Fowler,79,96,84,44,69,44,97,86,51,Data Scientist
Deborah Black,66,76,84,63,40,61,92,88,52,Data Scientist
Anne Lopez,81,61,91,87,67,41,75,80,40,Writer
Brian Malone,52,92,90,90,68,64,80,75,75,Data Scientist
John Taylor,61,93,42,68,84,100,40,48,57,Entrepreneur
Phillip Bright,82,84,94,86,43,91,58,58,66,Data Scientist
Cynthia Cooper,47,73,83,92,93,73,73,43,95,Writer
Jeffrey Duncan,62,61,81,92,70,88,97,41,78,Writer
Benjamin White,62,54,59,76,70,43,99,89,43,Manager
Edward Richardson,43,87,100,50,41,100,91,47,72,Data Scientist
Christine Goodman,41,54,62,86,86,76,92,70,54,Writer
John Grant,48,53,53,78,61,80,69,72,88,Human Resource Specialist
Timothy Hughes,86,67,85,98,62,83,43,70,75,Writer
Nathan Robbins,57,89,52,78,72,89,81,90,87,Manager
Travis Frost,43,81,42,57,54,93,65,87,40,Software Engineer
Eric Andrews,50,69,92,42,82,89,84,52,50,Entrepreneur
Tanya Hart,84,78,96,40,80,91,94,56,61,Data Scientist
Michael Hudson,68,81,79,56,89,96,76,55,69,Entrepreneur
Gina Li,76,75,40,82,51,89,43,61,79,Teacher
Mary Marshall,83,89,42,97,48,54,60,70,77,Writer
Sydney Mathews,89,52,60,67,91,93,56,57,76,Entrepreneur
Cynthia Paul,51,91,63,52,54,42,94,66,83,Marketing Executive
Wendy Brady,74,75,92,77,72,98,43,84,75,Teacher
Anthony Pearson,88,78,81,53,78,100,76,100,68,Data Scientist
Elizabeth Richmond,56,71,91,56,78,95,50,86,50,Financial Analyst
Amber Carey,77,63,74,56,99,47,94,93,89,Manager
Nicole Nicholson,47,97,90,77,63,54,62,94,89,Data Scientist
Anne Ellis,79,53,90,97,87,89,93,91,72,Writer
Autumn Bailey,88,82,55,77,92,85,85,61,91,Entrepreneur
George Johnson,65,77,59,59,76,47,89,93,43,Manager
Chad Atkinson,87,78,65,56,71,92,94,61,73,Marketing Executive
Carrie Rodriguez,54,62,79,47,80,56,100,44,77,Software Engineer
Brian Russo,70,78,77,42,57,59,52,42,40,Marketing Executive
Renee Hodges,47,83,58,71,68,88,90,61,56,Teacher
Patrick Sullivan,51,98,46,50,45,53,77,83,57,Marketing Executive
Grace Garcia,93,84,41,99,67,41,89,83,88,Writer
Brittany Cooper,78,47,100,59,65,81,89,82,91,Manager
Brian Rodriguez,87,88,68,100,55,67,61,47,96,Writer
Seth Ortiz,93,93,82,60,48,83,100,60,75,Data Scientist
Christopher Floyd,48,94,60,60,42,43,62,90,41,Software Engineer
Brittany Washington,89,80,83,95,82,49,54,58,64,Data Scientist
Christine Hall,41,41,94,61,99,64,73,49,100,Entrepreneur
Kristi Weiss,62,46,49,60,54,75,47,70,44,Teacher
Nicole Davis,57,69,85,98,61,72,73,77,84,Writer
Melody Kim,55,41,51,45,86,80,99,73,40,Entrepreneur
Steven Stanley,71,54,90,57,78,100,88,67,83,Financial Analyst
Robert Torres,66,47,61,93,98,89,75,87,68,Writer
Chad Lewis,85,60,81,66,85,68,78,68,83,Entrepreneur
Jamie Patterson,65,49,92,55,49,68,47,65,85,Marketing Executive
Suzanne Miller,61,55,95,54,60,66,49,100,79,Software Engineer
Sharon Wheeler,62,50,55,100,94,94,89,66,85,Writer
Kayla Clay,69,46,85,92,46,49,97,51,77,Writer
Janice Coleman,63,82,88,50,94,60,92,86,66,Data Scientist
Alexander Norton,92,55,92,59,58,77,48,66,91,Human Resource Specialist
Ryan Downs,80,71,86,46,55,46,99,88,55,Manager
Steven Hernandez,46,91,73,71,45,74,71,78,50,Software Engineer
Cindy Thomas,95,92,86,60,98,83,88,86,53,Data Scientist
James Murphy,99,82,68,53,52,80,72,91,61,Financial Analyst
Amanda Farmer,76,78,72,70,100,100,52,78,66,Entrepreneur
Nicole Hicks,66,63,66,78,89,73,83,46,66,Entrepreneur
Brian Lewis,68,86,78,71,44,66,77,67,84,Financial Analyst
Marissa Kim,77,74,70,69,92,88,45,87,66,Entrepreneur
Brenda Carter,85,90,94,63,84,85,45,91,62,Data Scientist
Deborah Matthews,99,58,42,44,69,60,58,72,42,Teacher
Donald Reilly,55,60,66,53,57,48,80,68,62,Marketing Executive
Jonathan Conner,49,73,59,47,89,87,91,90,56,Manager
Emily Myers,69,81,61,40,63,94,83,61,40,Financial Analyst
Tiffany Mooney,78,80,83,61,75,98,62,88,89,Data Scientist
Miss Melanie White,99,54,53,60,75,97,64,88,58,Financial Analyst
Makayla Holmes,73,74,64,93,57,90,41,84,64,Writer
Lindsay Brown,47,85,49,100,66,59,99,44,65,Writer
Karen Leonard,51,44,92,45,80,83,56,70,59,Teacher
Alexis Paul,74,72,43,53,87,100,93,69,71,Entrepreneur
Ian Williams,95,88,42,92,75,54,75,94,47,Writer
Justin Davis,46,48,51,94,56,92,52,60,45,Writer
Christopher Reynolds,41,67,82,52,50,74,65,77,56,Software Engineer
Alan Allen,67,55,85,60,77,52,69,86,97,Human Resource Specialist
Nicole Smith MD,94,42,75,68,53,91,87,84,94,Manager
Alice Allen,76,77,97,41,82,84,56,72,56,Data Scientist
Jennifer Forbes,83,74,99,97,55,56,50,65,94,Writer
Russell White,68,84,84,70,73,51,85,67,63,Data Scientist
Luke Smith,55,53,74,68,71,58,92,86,46,Manager
Melissa Nguyen,46,85,85,64,41,42,97,64,100,Data Scientist
Chloe Galvan,68,53,84,55,87,81,74,60,74,Entrepreneur
Whitney Simon,54,73,93,50,68,85,70,50,51,Teacher
Jill Chambers,81,76,46,45,91,71,97,59,72,Entrepreneur
Madison Green,76,57,44,96,52,55,91,76,82,Writer
Amy Adams,52,60,90,70,77,40,63,50,40,Software Engineer
Jennifer Lynn,70,51,73,75,70,50,67,85,82,Financial Analyst
Matthew Byrd,84,89,47,98,45,77,88,70,68,Writer
Ms. Jenny Gonzalez,56,72,99,83,49,87,46,97,86,Human Resource Specialist
Joseph Mclaughlin,52,43,44,49,47,68,43,90,41,Software Engineer
Isaac Montgomery,42,68,73,42,74,81,40,53,97,Human Resource Specialist
Megan Braun,91,54,68,93,47,82,61,57,95,Writer
Derrick Burgess,91,73,57,44,79,74,94,41,96,Human Resource Specialist
William Hahn,59,100,68,74,41,84,41,82,92,Human Resource Specialist
Dr. Stephanie Joseph,83,66,82,43,96,67,94,47,51,Entrepreneur
Allison Dixon,99,53,82,42,50,50,83,93,47,Manager
Mr. Sean Lopez,62,86,70,80,92,98,79,86,75,Entrepreneur
Kelly Morales,86,70,88,86,68,43,74,69,44,Writer
Eric White,61,100,94,59,60,100,77,93,66,Data Scientist
Amy Tanner,95,96,88,94,49,68,46,72,83,Data Scientist
Angelica Williams,47,42,48,95,83,70,57,54,98,Writer
Kelly Davis,52,67,44,79,88,94,79,96,95,Entrepreneur
Steven Mendez,54,43,42,42,57,73,82,52,49,Teacher
Thomas Blevins,70,94,89,52,49,87,63,49,73,Data Scientist
Peter Moore,61,51,68,80,84,85,40,76,86,Entrepreneur
Brandon Dyer,40,78,56,63,68,78,92,79,98,Manager
Cristina Reed,48,47,61,49,64,47,57,49,92,Human Resource Specialist
Lisa Juarez,47,93,93,66,85,52,49,62,88,Data Scientist
Michael Wheeler,74,59,95,81,74,57,98,40,83,Teacher
Stephanie Fisher,65,61,100,53,82,82,87,43,47,Entrepreneur
Michelle Jimenez,70,58,41,62,83,46,68,43,57,Entrepreneur
Mark Welch,97,50,57,83,82,47,97,80,85,Manager
Jerry Hull,62,93,50,81,99,56,75,82,69,Entrepreneur
Michael Brown,76,90,84,70,62,65,49,77,58,Data Scientist
April Martinez,69,53,68,93,94,70,61,65,53,Writer
Nicholas Castro,76,94,92,69,74,79,95,57,96,Data Scientist
Antonio Griffith,69,99,41,48,95,80,78,70,97,Entrepreneur
Joshua Mitchell,97,85,41,74,58,53,43,68,67,Software Engineer
Angela Gomez,79,60,91,83,66,46,54,77,46,Software Engineer
Paige Nelson,93,69,97,88,81,47,78,100,88,Writer
Anthony King,74,62,67,61,75,86,67,66,59,Marketing Executive
Tina Cooke,84,84,97,73,99,62,44,99,67,Data Scientist
Holly Mayer,74,69,51,99,74,74,58,56,72,Writer
Allison King MD,93,43,48,63,93,91,66,96,62,Entrepreneur
Kevin Hill,100,65,74,69,96,74,75,98,68,Entrepreneur
Danielle Mcdowell,64,66,88,59,95,90,73,93,96,Entrepreneur
Dakota Brown,50,66,44,78,95,75,66,66,72,Entrepreneur
Donna Ochoa,56,47,97,40,83,89,78,89,58,Entrepreneur
Eugene Sims,57,80,50,50,57,51,67,54,63,Marketing Executive
Gary Warner,44,96,89,71,95,40,88,44,87,Data Scientist
Thomas Warren,58,90,100,55,79,40,90,41,70,Data Scientist
Darrell Hoover,80,83,65,80,100,91,74,88,57,Entrepreneur
Brenda Murphy,67,78,46,96,77,64,55,79,67,Writer
Michael Hahn,66,74,62,84,86,60,80,49,62,Entrepreneur
Rebecca Burgess,93,62,83,48,60,64,70,92,94,Human Resource Specialist
Stephen Harrison,75,82,72,69,42,48,71,45,81,Financial Analyst
Cathy Henderson,93,79,96,42,40,81,97,87,40,Data Scientist
Brian Sullivan,49,93,58,76,97,44,64,51,70,Entrepreneur
Eric Dixon,82,85,56,50,89,80,46,42,55,Entrepreneur
Anthony Lewis,99,82,47,60,62,77,65,48,74,Marketing Executive
Andrew Washington,60,96,94,57,89,67,78,65,88,Data Scientist
Monica Williams,62,69,65,88,79,62,77,99,62,Writer
Denise Snyder,42,77,94,65,90,61,68,62,88,Data Scientist
Brian Montgomery,56,45,80,75,45,96,65,93,50,Teacher
Sharon Chase,82,47,50,91,83,62,52,81,50,Writer
Paul Patton,43,76,81,99,44,57,67,45,77,Data Scientist
Timothy Dawson,60,82,86,86,68,75,56,97,64,Data Scientist
Denise Harris,51,82,68,52,83,69,75,40,73,Entrepreneur
Barbara Wright,63,81,73,66,84,61,40,72,64,Entrepreneur
Samantha Miranda,88,92,83,94,73,67,76,89,48,Data Scientist
Rachel Church,80,69,78,96,74,97,55,90,95,Writer
Rachel Blake,71,53,65,54,70,93,94,93,83,Manager
Richard Holloway,89,58,54,45,86,92,63,54,52,Entrepreneur
Daniel Fritz,79,48,47,64,66,72,98,69,100,Human Resource Specialist
Stacy Moon,40,94,53,58,42,76,46,46,95,Human Resource Specialist
Mandy Murray,50,57,60,59,71,88,75,88,55,Software Engineer
Tracy Soto,47,74,69,98,63,95,51,90,63,Writer
Derek Roy,80,54,50,43,83,53,56,65,61,Entrepreneur
Gabrielle Castro,52,55,77,76,74,80,53,82,80,Teacher
Juan Mcdonald,82,75,55,91,58,52,81,51,98,Writer
Nicholas Craig,65,62,58,65,63,67,70,87,54,Teacher
James Hamilton,87,77,69,64,57,50,60,67,62,Marketing Executive
Luis Long,49,64,51,44,64,61,42,84,58,Software Engineer
Craig Cooper,61,88,55,72,44,86,98,57,89,Human Resource Specialist
John Fernandez,61,48,89,87,74,91,89,45,48,Writer
Stacey Williams,68,78,86,85,64,69,67,97,46,Data Scientist
Barbara Herring DVM,44,90,55,52,42,66,41,72,98,Human Resource Specialist
Christopher Hubbard,89,93,65,43,76,82,87,77,53,Manager
Brandy Morgan,40,81,59,55,88,79,92,79,71,Manager
Benjamin Reeves,98,69,91,70,53,64,40,67,70,Marketing Executive
Pamela Washington DDS,79,92,69,77,95,79,49,91,84,Entrepreneur
Logan Lane,75,82,50,87,46,93,58,44,54,Writer
Lynn Hunter,52,56,55,45,71,75,53,99,65,Financial Analyst
Elizabeth Martin,48,48,50,49,40,74,77,87,68,Financial Analyst
Matthew Livingston,52,44,85,54,58,72,54,58,45,Marketing Executive
Amy Ward,70,41,94,45,72,48,100,43,72,Teacher
Mary Wilson,48,73,49,49,70,54,91,49,67,Financial Analyst
Lisa Lewis,42,40,47,56,96,71,45,94,40,Entrepreneur
Sarah Graham,76,83,51,82,99,41,80,40,75,Entrepreneur
Erica Merritt,46,72,97,78,84,68,82,59,63,Entrepreneur
Elizabeth Nelson,89,83,51,42,100,52,78,52,77,Entrepreneur
Teresa Conner,70,58,100,83,99,98,56,51,50,Entrepreneur
Theodore Wilson,52,63,87,71,56,75,84,66,46,Software Engineer
Roy Atkins,100,51,67,99,79,73,87,100,89,Writer
Shawn Rice,94,99,42,87,46,90,52,92,77,Writer
Sarah Richmond,44,68,50,54,54,62,93,78,84,Manager
Gina Vincent,56,84,89,87,96,74,82,84,84,Data Scientist
Stacy Collins,77,42,60,55,63,95,93,47,94,Human Resource Specialist
Nicole Ferguson,74,41,84,84,77,88,92,92,59,Manager
Mark Bennett,40,59,60,73,41,62,79,82,97,Human Resource Specialist
Elizabeth Thompson,98,49,93,97,78,42,51,64,98,Writer
Samantha Miller,79,77,81,78,70,70,84,67,92,Data Scientist
Bradley Castaneda,99,83,61,54,72,73,53,41,76,Software Engineer
Juan Rhodes,86,87,53,84,52,80,88,68,52,Software Engineer
Tamara Yates,97,89,91,43,51,91,73,45,46,Data Scientist
George Davenport,97,46,95,90,81,48,94,55,40,Writer
Frank Garcia,80,57,62,91,100,71,99,80,71,Writer
Ashley Jones,100,97,67,54,69,92,96,59,90,Human Resource Specialist
Shirley Munoz,41,50,48,56,82,73,57,51,80,Entrepreneur
Ricky Gonzalez,70,53,96,91,91,92,79,95,88,Writer
William Michael,83,56,57,82,60,47,51,70,63,Teacher
Kevin Bauer,61,79,89,59,49,100,58,52,62,Data Scientist
Eduardo White,47,43,94,72,91,69,75,90,67,Entrepreneur
Edwin Duffy,78,46,61,60,43,41,85,66,43,Software Engineer
Nathan Norris,69,93,47,62,79,89,61,88,65,Financial Analyst
Sara Shannon,57,72,84,40,93,85,62,53,95,Entrepreneur
Henry Miller,74,73,82,41,41,85,96,66,81,Teacher
Matthew Davis,47,44,98,90,55,83,96,72,81,Writer
Jeffrey Carter,71,65,66,80,57,91,62,45,87,Human Resource Specialist
Tina Davidson,57,44,43,62,82,62,57,77,95,Entrepreneur
Jeremy Larson,74,61,90,70,53,92,94,98,85,Manager
Seth Sandoval,88,76,58,79,82,97,49,90,94,Entrepreneur
Anthony Hardy,58,70,77,90,59,46,69,84,98,Writer
Emily Griffin,62,70,96,41,74,58,47,83,58,Financial Analyst
Dustin Harris,62,56,42,44,73,95,89,40,85,Marketing Executive
Beverly Gray MD,74,96,84,60,87,61,96,78,89,Data Scientist
Cheryl Meyer,78,55,66,67,69,41,71,53,47,Financial Analyst
Mary Jones,78,97,89,97,95,54,84,66,57,Data Scientist
Brian Reed,100,74,48,53,91,73,90,81,78,Manager
Megan Bryant DVM,73,80,50,91,78,72,77,64,50,Writer
Scott Garcia,68,100,80,52,85,60,70,49,68,Entrepreneur
Andrew Alvarado,41,89,69,92,96,94,77,56,68,Writer
Judy Medina,61,74,70,82,59,47,80,87,77,Teacher
Edward Gonzalez,77,93,66,48,96,93,72,47,79,Entrepreneur
Christine Freeman,55,42,91,53,57,100,84,46,52,Financial Analyst
Jason Thornton,94,51,99,69,73,89,52,78,67,Software Engineer
Carla Brown,70,89,87,100,88,62,56,50,62,Data Scientist
Angel Cherry,45,59,85,41,85,81,42,78,70,Entrepreneur
Jennifer Velasquez,62,75,72,79,58,91,97,86,94,Manager
Bradley Horn,96,61,62,67,92,64,51,47,85,Entrepreneur
Eric Hoffman,99,40,85,75,78,72,49,98,81,Teacher
Curtis Lopez,94,100,79,75,96,99,52,58,81,Entrepreneur
Jennifer Gibson,60,74,88,66,42,95,66,74,71,Software Engineer
Penny Wright,56,89,45,54,62,72,56,40,53,Teacher
Michael Irwin,80,77,42,69,76,97,97,73,48,Teacher
Deborah Greene,42,74,54,99,77,69,55,59,53,Writer
Elizabeth Green,72,46,65,66,89,47,99,74,47,Entrepreneur
Sarah Malone,48,59,77,75,64,74,85,73,73,Marketing Executive
Michael Cuevas,58,84,63,61,49,88,46,70,95,Human Resource Specialist
Barbara Robinson,49,56,63,72,52,66,51,51,86,Human Resource Specialist
Scott Wright,57,62,91,52,70,70,56,70,77,Software Engineer
Joshua Farrell,89,45,48,94,84,91,63,53,97,Writer
Laurie Dyer,76,100,60,40,82,84,86,53,40,Entrepreneur
Denise Ford,40,55,68,95,66,72,56,79,72,Writer
Joseph Malone,87,77,80,68,66,48,40,68,93,Human Resource Specialist
Michael Adams,44,73,42,46,40,84,86,95,96,Manager
Rita Johnson,47,92,57,65,85,60,68,43,97,Entrepreneur
Robert Rivera,50,53,40,84,48,92,61,77,79,Software Engineer
Justin Stone,53,73,100,65,43,50,58,60,53,Financial Analyst
Dr. Christopher Miller,85,97,56,81,42,73,97,86,90,Manager
Carly Young,83,69,76,64,44,41,93,45,55,Teacher
Leah Wu,46,69,67,47,91,82,61,52,84,Entrepreneur
James Roberts,65,72,74,41,56,53,96,50,69,Teacher
Tyler Sims,67,45,57,62,55,53,51,92,47,Financial Analyst
Lisa Green,79,84,55,45,89,46,43,63,56,Entrepreneur
Melinda Bullock,89,41,66,57,80,76,95,86,74,Manager
Nathan Levine,55,51,59,44,76,74,65,55,91,Human Resource Specialist
Mitchell Ware,57,92,95,75,56,93,77,43,93,Data Scientist
Kevin Duke,76,51,71,57,93,71,53,69,99,Entrepreneur
Elizabeth Peterson,45,81,69,72,94,42,73,73,66,Entrepreneur
Steven Fuentes,77,91,58,72,64,80,88,77,59,Manager
David Collins,88,75,87,68,40,47,45,62,47,Teacher
Emily Thompson,76,68,67,60,83,96,72,95,90,Entrepreneur
Melissa Pineda,91,73,84,81,85,78,56,57,86,Entrepreneur
Yvonne Mendez,59,41,63,84,54,98,83,70,90,Human Resource Specialist
Edward Kim,50,44,76,71,58,71,71,56,89,Human Resource Specialist
James Young,73,47,66,59,89,75,95,51,59,Entrepreneur
Mrs. Andrea Myers,57,76,94,57,94,44,87,46,100,Data Scientist
Austin Hughes,99,79,42,51,71,84,87,81,63,Manager
Lindsay Sellers,96,57,66,65,41,48,77,99,96,Human Resource Specialist
James Lopez,50,52,47,51,60,67,79,82,71,Teacher
Derrick Williams,46,41,94,74,99,87,55,58,49,Entrepreneur
Megan Gilbert,98,76,66,40,62,55,98,54,43,Financial Analyst
Theresa Miller,71,68,52,80,72,72,45,61,46,Marketing Executive
Nina Martin,99,87,55,95,50,57,63,65,97,Writer
Bailey Contreras,54,96,65,61,86,98,67,85,65,Entrepreneur
Darren Diaz,89,59,49,91,76,41,86,55,73,Writer
Kristen Moreno,76,70,48,79,44,40,45,79,88,Human Resource Specialist
Barbara Lopez,53,70,58,58,53,70,64,79,77,Financial Analyst
Kathryn Bean,52,46,84,54,55,62,55,66,40,Marketing Executive
Joshua Schneider,68,98,53,83,75,86,76,62,76,Teacher
Sean Keller,66,98,62,73,64,56,99,93,88,Manager
Ian Frazier,58,40,71,62,73,98,67,63,68,Marketing Executive
Laurie Merritt,69,96,83,41,80,82,83,74,72,Data Scientist
John Flores,70,56,56,52,90,49,47,97,93,Entrepreneur
Lisa Bell,62,77,66,45,48,74,98,87,66,Manager
Cody Mendoza,78,72,76,45,49,85,79,46,90,Human Resource Specialist
Stephen Martinez,73,85,75,85,90,50,78,89,87,Entrepreneur
Philip Martinez,52,66,96,51,81,66,67,94,76,Entrepreneur
Latoya Brown,72,75,98,98,94,58,58,72,67,Writer
Natasha Rivera,41,53,92,48,44,85,84,68,94,Human Resource Specialist
Charles Chase,44,48,72,41,45,99,75,83,57,Marketing Executive
Virginia Gould,55,65,80,64,42,58,97,86,86,Manager
Curtis Clark,54,48,40,62,100,54,67,71,42,Entrepreneur
Jeanette Williams,59,50,45,47,63,44,75,73,54,Teacher
Katherine Wagner,45,95,60,62,42,78,60,68,97,Human Resource Specialist
Yolanda Allen,40,44,83,54,56,53,94,99,56,Manager
Katie Ferrell,94,92,64,78,95,50,93,51,71,Entrepreneur
Tracey Frazier,74,86,80,45,84,98,46,94,66,Entrepreneur
Denise Brown,69,77,80,88,97,57,52,40,67,Writer
Brian Gutierrez,82,77,41,56,87,47,92,72,91,Entrepreneur
Tina Moore,40,85,64,90,93,95,55,99,85,Writer
Ricky Parker,46,87,47,43,61,76,81,84,84,Manager
Wayne Hudson,81,49,80,41,42,63,74,72,54,Software Engineer
Anthony Calhoun,97,61,91,100,88,53,62,74,48,Writer
Teresa Lambert,84,98,85,97,50,86,69,65,79,Data Scientist
Meghan Burgess,86,61,79,90,72,46,96,83,57,Writer
Anthony Fleming,73,53,98,48,41,97,43,51,88,Human Resource Specialist
Corey Bailey,72,60,48,55,51,59,83,90,83,Manager
Rachel Compton,67,49,98,76,56,62,49,44,73,Software Engineer
April Reyes,87,85,62,100,66,100,68,52,81,Writer
Jamie Ellis,83,86,47,72,74,73,50,73,68,Marketing Executive
Megan Wolf,80,84,82,73,97,56,66,40,77,Data Scientist
Jennifer Butler,56,71,71,46,87,52,88,78,42,Manager
Danielle Hayden,88,67,78,90,77,89,72,88,64,Writer
James Wade,71,100,68,50,63,44,71,56,40,Software Engineer
Haley Gomez,81,75,85,43,66,71,69,48,81,Teacher
Amber Campbell,76,87,40,67,84,47,74,87,89,Entrepreneur
Tabitha Ramirez,45,92,75,69,41,81,57,61,71,Software Engineer
Jesus Turner,76,79,90,52,85,71,88,79,79,Data Scientist
Casey Harris,79,94,60,51,73,66,98,88,53,Manager
Stephanie Clark,92,98,56,89,44,61,83,89,50,Writer
Kendra Rivera,82,73,58,89,80,56,65,45,69,Writer
James Delgado,87,100,81,75,51,50,96,73,68,Data Scientist
Douglas Bond,65,75,52,84,68,43,65,67,97,Human Resource Specialist
Bethany Schroeder,86,58,70,73,89,65,50,99,40,Entrepreneur
Brianna Wise,96,83,74,96,94,45,53,88,52,Writer
Stephen Graves,76,97,53,70,45,99,59,62,47,Marketing Executive
Annette Hooper,55,43,63,92,85,100,70,53,43,Writer
Nicole Waters,83,52,47,100,46,96,77,55,96,Writer
Jonathan Kelley,43,97,69,80,75,64,67,60,95,Human Resource Specialist
Jasmine Hughes,71,67,53,95,93,99,57,90,45,Writer
Elizabeth Myers,95,83,47,51,67,63,75,78,99,Human Resource Specialist
Deborah Wolf,75,87,43,67,62,51,60,55,72,Financial Analyst
Melanie Robbins,79,49,82,81,75,79,78,65,98,Human Resource Specialist
Debra Vance,62,100,43,45,85,85,48,66,78,Entrepreneur
Brittany Gallegos,85,69,100,80,88,94,97,63,75,Entrepreneur
Andrew Mullins,93,90,79,53,83,53,44,59,60,Entrepreneur
Brian Day,58,44,56,70,48,65,73,65,65,Financial Analyst
Courtney Thomas,71,73,77,45,98,86,76,67,91,Entrepreneur
Timothy Johnson,44,53,85,73,66,65,50,43,53,Software Engineer
Rebecca Randolph,65,54,52,94,55,50,92,47,72,Writer
Cynthia Jensen,97,42,86,52,93,96,88,85,60,Manager
Tommy Johnson,50,61,92,95,42,94,61,92,83,Writer
Virginia Moore,40,82,88,100,88,83,97,67,80,Data Scientist
Vanessa Sutton,62,51,58,63,70,99,86,96,82,Manager
Joshua Reese,76,100,93,72,92,51,82,84,75,Data Scientist
Patrick Perez,68,64,84,43,96,44,89,97,47,Manager
Sarah Williams,43,80,78,89,50,73,83,42,97,Writer
Elizabeth Collier,93,42,70,72,73,84,80,46,58,Financial Analyst
Maria Buckley,89,56,49,81,77,77,74,75,69,Teacher
Ashley Morgan,72,71,48,63,82,46,80,74,100,Entrepreneur
Terri James,67,59,64,62,77,43,78,97,47,Marketing Executive
Sarah Marshall,63,81,80,90,40,93,48,56,62,Writer
Linda Merritt,48,94,43,94,85,78,76,70,83,Writer
Patricia Oconnor,89,81,60,53,67,79,56,55,73,Software Engineer
Cameron Smith,45,65,52,65,76,83,60,94,58,Software Engineer
David Nguyen,75,44,82,80,82,67,62,43,64,Entrepreneur
Christopher Lane,91,73,57,50,73,68,46,94,59,Financial Analyst
Lauren Moss,78,82,70,47,55,92,93,75,48,Financial Analyst
Patty Douglas MD,94,71,58,91,61,85,90,50,74,Writer
Samantha Willis,44,94,96,85,79,63,55,89,58,Data Scientist
Anne Bell,54,56,68,66,61,62,97,95,87,Manager
Kristen Garcia DVM,49,80,97,52,84,65,98,47,57,Data Scientist
Kimberly Gibson,96,48,56,87,95,59,98,98,41,Writer
Heather Garcia,41,43,98,54,62,74,51,97,51,Teacher
Warren Martinez,79,42,59,50,70,91,89,62,53,Financial Analyst
Kristin Guzman,91,55,97,85,84,77,48,75,96,Entrepreneur
John Foster,53,44,65,48,88,50,46,46,54,Entrepreneur
Richard Walker,41,87,53,74,49,46,91,66,93,Human Resource Specialist
Jodi Burns,69,41,97,100,44,86,54,92,47,Writer
Cynthia Brandt,52,81,59,60,76,54,71,44,65,Teacher
Robert Miller,62,89,45,67,65,86,58,77,63,Financial Analyst
Melanie King,67,97,82,83,89,71,52,79,53,Data Scientist
Elijah Knight,68,60,47,70,51,53,95,83,93,Manager
Jake Campbell,74,79,91,94,50,57,80,85,51,Data Scientist
Sherry Cooper,50,88,43,69,52,91,60,94,40,Software Engineer
Sheila Williams,44,100,55,51,69,58,96,90,50,Manager
Jacob Roberts,60,87,47,55,57,99,73,84,42,Teacher
Jessica Davidson,97,43,84,90,47,63,42,75,98,Writer
Timothy Kim,47,97,76,69,64,82,54,56,72,Teacher
Danny Norton,93,67,88,99,40,44,65,57,67,Writer
James Patterson,40,97,95,56,70,97,41,82,56,Data Scientist
Ian Turner,63,74,76,80,74,40,69,63,47,Teacher
Erica Conrad,47,99,66,59,88,79,81,96,48,Manager
Brian Holmes,47,85,79,51,80,86,83,40,62,Financial Analyst
Cameron Pratt,63,98,75,91,97,95,98,96,69,Writer
Karen Rodriguez,83,68,63,90,76,70,59,56,88,Writer
Kimberly Quinn,70,52,75,60,43,65,55,78,56,Software Engineer
Catherine Rosales,66,45,59,85,76,62,67,76,73,Financial Analyst
Miranda Lowe,52,43,75,41,70,40,67,51,94,Human Resource Specialist
Matthew Reeves,50,98,97,100,67,88,71,49,65,Data Scientist
Jordan Williams,62,42,41,60,42,74,90,61,82,Marketing Executive
Brandi Robbins,45,42,100,97,67,68,74,74,93,Writer
Edward Robinson,44,69,95,46,59,42,79,78,82,Financial Analyst
Brooke Johnson,85,40,42,98,75,87,68,90,80,Writer
James Fischer,43,41,86,93,78,59,58,60,44,Writer
James Reyes,77,55,73,78,60,53,54,53,49,Software Engineer
Melody Atkinson,79,56,70,58,71,99,85,69,41,Software Engineer
Mason Parker,52,82,51,68,88,70,57,45,90,Entrepreneur
Evan Smith,66,58,85,41,90,82,97,60,66,Entrepreneur
Tanya Wright,94,87,46,100,43,40,60,55,94,Writer
Douglas Melendez,88,96,70,83,56,43,89,44,67,Financial Analyst
Richard West,98,80,43,99,50,87,52,86,86,Writer
Amanda Kirk,53,43,82,48,52,97,98,72,95,Human Resource Specialist
Alyssa Petersen,83,68,62,76,76,75,76,43,99,Human Resource Specialist
William May,84,90,77,70,73,55,67,44,72,Marketing Executive
Jason Riley,52,78,85,99,77,54,85,49,42,Data Scientist
Gregory Frazier,74,100,84,47,49,74,43,52,68,Data Scientist
Joseph Thompson,80,96,79,43,80,42,70,78,56,Marketing Executive
Brooke Savage,100,84,42,55,97,46,91,66,99,Entrepreneur
Maria Johnson,73,47,80,57,84,59,54,40,90,Entrepreneur
Helen Vang,73,94,70,46,57,66,75,90,42,Marketing Executive
Bonnie Goodman,61,71,49,81,92,44,57,78,45,Entrepreneur
Tanya Walker,68,100,83,70,89,89,60,82,40,Data Scientist
Carl Keller,97,77,47,44,66,40,79,57,80,Software Engineer
Amanda Frazier,84,81,72,82,91,57,64,92,59,Entrepreneur
Ronnie Gross,89,84,45,40,87,48,49,83,79,Entrepreneur
James Mccoy,99,80,67,98,45,82,86,88,99,Writer
Jamie Bell,88,72,74,78,69,70,99,88,51,Manager
Amy Valdez,62,87,44,40,95,67,69,94,68,Entrepreneur
Michael Kirk,99,97,70,62,49,49,75,53,48,Financial Analyst
Nicole Shannon,57,67,81,69,70,99,83,98,53,Manager
Dustin Goodwin,86,83,91,86,74,96,63,40,99,Data Scientist
Megan Estes,99,52,94,78,73,52,91,71,89,Human Resource Specialist
Howard Cameron,87,42,52,67,93,76,41,56,93,Entrepreneur
Ann Contreras,85,67,74,85,50,90,44,100,86,Human Resource Specialist
Dawn Chang,94,52,51,46,74,78,56,48,90,Human Resource Specialist
Nicholas Marshall,98,98,53,91,70,78,43,83,56,Writer
Renee Sharp,87,40,45,70,76,75,84,100,95,Manager
Stephanie Mcgrath,79,82,47,72,68,64,60,43,65,Marketing Executive
Robert Lee,74,93,71,40,88,59,86,64,63,Entrepreneur
Barbara Dunn,64,42,66,95,76,96,92,79,53,Writer
Lori Gibson,89,96,85,88,75,80,81,91,71,Data Scientist
Leslie Zimmerman,65,84,87,52,68,87,74,69,54,Data Scientist
Taylor Glover,71,86,71,76,81,50,66,98,54,Entrepreneur
David Kirk,58,93,74,72,81,81,92,57,99,Entrepreneur
Patricia Smith,58,40,97,100,79,84,74,67,97,Writer
Timothy Jackson,76,94,77,68,76,61,57,98,85,Financial Analyst
Anna Jones,47,74,44,81,59,100,59,63,40,Marketing Executive
Karen Frey,97,78,95,51,55,64,92,66,94,Data Scientist
Jordan Kim,73,45,57,87,67,91,64,53,77,Writer
David Mckay,83,58,66,65,56,92,84,80,85,Manager
Dennis Flynn,80,42,63,88,80,68,47,51,66,Writer
Melissa Ramos,64,71,51,80,86,46,43,47,73,Entrepreneur
Whitney Dixon,73,43,83,69,97,76,80,65,52,Entrepreneur
Brittany Hines,45,45,99,50,71,89,59,40,62,Financial Analyst
Elizabeth Knight,89,76,59,67,82,98,58,65,54,Entrepreneur
Kelly Martinez,99,85,65,80,88,42,70,87,50,Entrepreneur
Amy Santos,44,94,72,98,75,44,88,55,65,Writer
Christina Matthews,63,72,45,81,65,96,93,94,100,Manager
Jennifer Hayes,80,92,69,43,84,99,84,45,60,Entrepreneur
Tonya Swanson,78,77,70,69,76,51,64,87,76,Teacher
Darren Callahan,66,100,97,58,93,56,60,82,90,Data Scientist
Harry Kim,54,96,67,42,76,96,98,86,80,Manager
Carrie Barker,57,98,66,68,97,63,53,75,76,Entrepreneur
Taylor Walker,91,78,67,41,98,59,76,73,52,Entrepreneur
Kara Casey,60,87,47,44,41,64,98,75,50,Software Engineer
Gary White,93,69,58,90,67,90,60,97,63,Writer
Jennifer Perkins,93,48,93,48,98,56,68,64,51,Entrepreneur
George Armstrong,88,51,70,59,54,42,76,76,72,Teacher
Jordan Morales,82,81,67,93,77,50,41,44,99,Writer
Martin Barker,60,79,48,80,88,68,55,73,84,Entrepreneur
Timothy Smith,53,42,58,92,68,45,54,60,82,Writer
Richard Ruiz,47,56,54,51,84,79,90,73,72,Entrepreneur
Stephanie Jenkins,86,80,57,55,81,65,54,53,55,Entrepreneur
Zachary Moore,49,47,55,61,60,51,84,74,60,Teacher
Susan Hughes,63,94,42,74,93,74,44,91,86,Entrepreneur
Wendy Schneider,85,81,66,91,76,52,85,54,94,Writer
Carrie Jackson,96,79,41,67,56,44,98,69,67,Teacher
Michael Duran,73,96,57,47,100,44,40,53,70,Entrepreneur
Amy Reed,83,70,88,41,59,69,65,62,74,Teacher
Chad Jones,57,93,62,78,51,74,90,49,69,Software Engineer
Regina Ortiz,98,80,57,53,43,41,65,83,75,Software Engineer
Kathleen Hughes,99,70,96,48,71,66,50,75,67,Software Engineer
Michelle Flynn,95,97,46,99,82,64,94,77,56,Writer
William Gates,89,82,94,73,47,79,51,55,40,Data Scientist
Catherine Garcia,72,51,51,71,76,83,70,100,84,Financial Analyst
Heather Thompson,46,72,79,46,73,100,89,99,46,Manager
Edwin Hernandez,77,83,83,82,79,97,96,100,64,Data Scientist
Lisa James,74,94,45,45,93,80,76,65,40,Entrepreneur
Jimmy Sanchez,85,55,77,40,88,51,62,57,53,Entrepreneur
James Taylor,93,46,40,63,43,62,76,66,72,Financial Analyst
Kevin Fletcher,48,61,51,75,100,93,100,60,59,Entrepreneur
Taylor Smith,78,95,66,85,76,66,68,69,60,Marketing Executive
Ashley Tran,56,55,52,99,91,59,69,87,57,Writer
Dwayne Decker,45,66,60,64,80,52,99,44,78,Marketing Executive
Crystal Guzman,46,70,78,75,73,96,86,53,53,Software Engineer
Jordan Boyd,49,42,70,62,77,75,60,80,86,Human Resource Specialist
Jose Sanchez,86,45,44,55,44,83,43,51,51,Financial Analyst
Kara Ellison,63,70,89,86,76,82,75,99,73,Writer
Patrick Maldonado,50,67,54,54,71,65,88,98,96,Manager
Ryan Potter,72,59,64,92,48,74,53,53,45,Writer
Latasha Young,45,75,55,98,67,89,54,46,69,Writer
Mary Santos,56,62,68,70,45,71,70,47,57,Software Engineer
Jodi Young,99,54,81,55,68,68,49,90,65,Software Engineer
Crystal Garcia,97,67,44,77,40,47,66,63,76,Software Engineer
Gregory Marquez,63,75,56,43,96,55,51,49,43,Entrepreneur
Sarah Hernandez,52,96,48,83,69,48,93,74,71,Teacher
Carolyn Donaldson,65,63,70,75,71,76,68,65,40,Teacher
Andrew Johnson DVM,79,76,81,99,42,66,99,40,52,Data Scientist
Kayla Mann,75,53,60,40,76,94,69,78,81,Teacher
Valerie Zimmerman,80,56,92,58,62,100,95,97,67,Manager
Christy Cooper,79,87,60,60,63,54,94,41,72,Marketing Executive
Kaitlyn Bradley,98,83,98,55,41,88,72,43,46,Data Scientist
Richard Woods,67,63,97,70,83,64,57,58,82,Entrepreneur
Lauren Smith,72,81,86,76,55,89,60,75,61,Data Scientist
Megan Cardenas,79,48,95,98,95,40,52,47,87,Writer
Ryan Waller,87,83,90,75,91,60,88,75,66,Data Scientist
Heather Blake,48,41,95,64,98,94,93,76,79,Manager
Lorraine Gilbert,48,84,91,69,98,94,54,86,58,Data Scientist
Joshua Mcgrath,61,41,63,55,79,58,93,82,70,Manager
Jennifer King,99,67,76,43,100,66,58,67,72,Entrepreneur
Kerri Vasquez,93,72,95,45,72,71,81,78,41,Manager
Judith Gilbert,57,99,71,43,90,82,89,99,97,Manager
Steven Henry,56,58,53,93,93,52,93,73,89,Writer
Misty Diaz,76,86,77,55,56,83,81,89,75,Manager
Randall Hernandez,94,59,66,95,59,100,99,59,77,Writer
Laura Bennett,56,71,48,52,59,82,73,82,62,Financial Analyst
Christina Moyer,93,96,41,54,87,82,40,76,90,Entrepreneur
Jeffery Thompson,64,42,85,80,52,60,53,51,46,Teacher
Eric Mayer,47,57,62,61,93,55,87,54,42,Entrepreneur
Alexis Mathis,52,85,74,45,93,53,91,69,92,Entrepreneur
Kelly Cross,68,65,86,55,62,91,71,59,92,Human Resource Specialist
Todd Johnson,87,67,82,55,90,73,42,83,73,Entrepreneur
Stacie White,57,52,85,98,46,88,64,58,44,Writer
Alvin Perez,44,63,83,66,91,48,97,64,41,Entrepreneur
Kristen Edwards,78,60,53,82,62,94,47,84,98,Human Resource Specialist
Sarah Keller,92,69,89,76,93,41,96,70,70,Entrepreneur
Bryan Hunt MD,92,61,76,64,54,98,65,71,62,Software Engineer
Jessica Bush,64,94,77,96,76,74,47,49,61,Writer
Alan Bradford,51,91,73,54,51,99,89,84,91,Manager
Scott Ramos,98,82,42,95,86,69,45,87,81,Writer
Anthony Page,65,86,43,91,52,73,95,46,51,Writer
Destiny Elliott,53,83,70,42,57,92,49,81,51,Marketing Executive
Terry Good,51,52,63,64,42,56,83,64,52,Financial Analyst
Melissa Kim,48,65,93,87,53,49,92,63,93,Writer
Mary Garner MD,98,78,72,76,44,69,67,73,54,Marketing Executive
Jamie Conley,83,83,44,63,69,59,66,58,50,Financial Analyst
Cameron Ruiz,91,59,61,93,44,52,69,84,80,Writer
Jason Blankenship,78,81,75,78,44,63,59,59,54,Software Engineer
Jeffrey Moon,55,99,96,69,75,68,44,41,59,Data Scientist
April Nielsen,72,69,56,45,83,100,41,45,91,Entrepreneur
Lauren Perkins,96,46,70,70,58,90,99,42,72,Marketing Executive
Chase Bell,83,44,49,88,65,49,49,81,72,Writer
Michael Patterson,79,84,64,65,63,56,82,71,95,Human Resource Specialist
April Lewis,40,97,64,76,81,96,93,42,44,Entrepreneur
Terry Taylor,58,65,46,44,58,41,57,58,47,Marketing Executive
Jeffrey Harvey,47,77,88,61,98,97,59,90,60,Data Scientist
Justin Macias,81,88,83,84,78,51,58,92,68,Data Scientist
Christine Johnson,78,61,56,62,67,79,41,53,87,Human Resource Specialist
William Walker,43,46,63,89,94,82,43,48,65,Writer
Nathan Booker,50,87,87,47,90,59,82,56,86,Data Scientist
Daniel Austin,52,68,97,61,65,96,80,65,62,Financial Analyst
Jessica Thomas,72,65,46,56,48,96,40,71,48,Financial Analyst
Frederick Riley,58,69,93,86,92,52,67,74,46,Writer
Joshua Pace,62,97,55,57,95,53,49,61,42,Entrepreneur
Jennifer Hunt,62,52,57,64,94,98,76,50,100,Entrepreneur
Terry Stevenson,49,91,59,44,43,50,60,68,51,Teacher
Jon Scott,74,44,51,50,45,91,57,100,83,Financial Analyst
Michael Gonzales,53,99,100,51,49,42,73,78,49,Data Scientist
Kevin Wheeler,41,85,78,76,74,61,88,95,85,Manager
Steven Sanders,53,66,44,83,98,82,57,84,51,Entrepreneur
Stephen Bass,88,55,93,43,93,62,89,81,60,Manager
Linda Bennett,90,44,73,94,78,46,96,54,69,Writer
Samantha Newton,76,84,78,54,61,48,97,93,41,Manager
Brittany Reed,76,70,96,91,55,57,93,78,92,Writer
Lindsey Jacobson,90,56,67,83,65,58,93,99,58,Manager
Nicole Armstrong,85,89,67,67,50,67,78,55,95,Human Resource Specialist
Michelle Hernandez,84,59,52,84,91,96,77,54,53,Entrepreneur
David Rose,64,49,90,82,83,91,62,54,52,Entrepreneur
Charlotte Burke,81,47,77,53,68,95,43,75,42,Teacher
Janet Rhodes,60,54,64,89,82,60,86,68,40,Writer
Ronald Jennings,52,45,61,57,64,86,96,85,90,Manager
Daniel Jensen,86,89,97,86,44,41,85,82,47,Data Scientist
John Savage,84,71,70,84,41,54,95,75,78,Financial Analyst
Elizabeth Bates,98,66,85,96,68,66,69,59,78,Writer
Suzanne Turner,40,43,82,77,58,65,92,97,42,Manager
Alex Robles,87,48,97,65,91,57,46,76,95,Entrepreneur
Kathryn Carr,92,88,97,71,43,47,41,64,48,Data Scientist
Scott Herring,53,64,65,58,69,68,49,62,97,Human Resource Specialist
Erica Carter,59,50,42,84,72,85,69,79,40,Financial Analyst
Nathan Jones,86,92,40,97,44,72,88,88,44,Writer
Steven Rodriguez,45,93,95,74,74,73,95,67,49,Data Scientist
Amanda Ray,73,46,60,50,68,59,49,43,74,Marketing Executive
Joel Tyler,59,77,62,84,45,99,77,80,87,Human Resource Specialist
Austin Cain,97,54,75,97,72,92,80,62,40,Writer
Christopher Silva,48,42,41,64,75,45,83,55,91,Human Resource Specialist
Jose Conrad,71,47,99,84,40,41,100,69,77,Financial Analyst
Tricia Montes,44,54,65,78,54,67,56,79,93,Human Resource Specialist
Samuel Kramer,49,86,94,82,46,47,77,83,70,Data Scientist
Ashlee Black,93,73,68,54,48,87,100,93,85,Manager
Judith Barnes,76,52,45,98,83,73,73,70,92,Writer
Charles Reed,95,79,77,62,91,46,93,66,53,Entrepreneur
Karen Brooks,41,92,87,85,44,82,92,69,77,Data Scientist
Brittany Hunt,70,50,49,56,57,88,62,54,85,Teacher
Angelica Frederick,65,73,57,71,90,85,48,53,74,Entrepreneur
Brandi Jones,44,95,40,91,79,100,63,46,41,Writer
Alexandra Turner,99,86,79,53,71,89,52,57,49,Software Engineer
Billy Pope,80,51,99,79,77,44,50,94,94,Human Resource Specialist
Sarah Peters,60,68,95,47,52,82,55,88,46,Teacher
Jacob Thomas,55,89,46,45,78,62,70,87,71,Marketing Executive
Kevin Higgins,96,50,45,97,59,90,52,42,91,Writer
Kimberly Knight,68,94,87,80,75,44,85,76,92,Data Scientist
Kelly Skinner,52,87,75,65,45,85,57,59,54,Software Engineer
Robert Huff,49,68,92,54,73,78,58,71,65,Software Engineer
Jesse Massey,84,52,99,82,58,53,51,99,96,Human Resource Specialist
Thomas Chavez,81,92,50,81,47,93,56,69,95,Human Resource Specialist
Jennifer Holt,58,85,88,82,40,70,72,83,78,Data Scientist
Kara Allen,73,98,67,42,57,41,53,100,64,Financial Analyst
Steven Jarvis,99,55,97,78,68,99,52,99,72,Teacher
Suzanne Cook,78,55,46,69,76,93,78,82,48,Software Engineer
Mark Guzman,75,61,73,91,94,82,73,55,71,Writer
Crystal Garza,83,42,88,49,80,48,87,80,46,Manager
Thomas Johnson,82,61,59,87,90,47,73,47,89,Writer
Alan Baker DDS,42,95,81,69,99,48,58,60,42,Data Scientist
Michelle Hoffman,67,44,63,96,77,40,91,62,65,Writer
Troy Hunt,59,73,67,56,48,66,60,78,90,Human Resource Specialist
Terry Henry,98,54,67,40,91,82,85,90,88,Manager
Lisa Taylor,74,56,46,88,96,68,63,55,70,Writer
Charles Johnson,64,89,62,97,95,56,72,65,76,Writer
James Clark,97,88,40,60,47,73,89,61,56,Software Engineer
Stephanie Tucker,87,47,41,62,81,82,62,85,45,Entrepreneur
James Benitez,96,55,52,47,85,54,68,57,47,Entrepreneur
John King,71,66,82,64,87,48,67,84,70,Entrepreneur
Craig Frost,100,41,55,97,41,87,89,67,66,Writer
Beth Munoz,83,55,62,86,74,58,100,79,100,Writer
Jennifer Lester,86,71,50,86,80,84,42,66,94,Writer
Joshua Schmitt,59,45,73,72,100,79,46,83,68,Entrepreneur
Nathan Rocha,85,43,71,60,57,96,46,98,57,Software Engineer
Anthony Eaton,98,42,41,51,90,82,59,85,40,Entrepreneur
Connie Rodgers,73,58,89,73,96,76,79,46,64,Entrepreneur
Eric Ross,71,96,44,46,44,100,75,99,87,Human Resource Specialist
Shannon Baker,44,74,45,70,63,70,98,80,100,Manager
Ann Glover,75,74,69,62,100,64,84,58,59,Entrepreneur
Tammy Vargas,98,71,100,45,98,51,55,78,75,Entrepreneur
Terry Mathis,42,66,97,96,53,90,100,48,96,Writer
Kyle Gutierrez,55,81,68,40,92,48,98,86,74,Manager
Cassidy Hall,55,43,54,46,43,91,64,88,64,Marketing Executive
Julia Ward,91,70,53,52,95,40,98,82,60,Manager
Michael Ryan,71,81,54,71,65,73,71,89,73,Teacher
Kristen Levy,89,50,44,72,72,92,69,97,47,Teacher
Chad Daniels,67,59,76,96,63,69,91,68,72,Writer
Lori Ross,69,62,49,73,81,76,60,40,46,Entrepreneur
Anna Jackson,97,79,75,53,51,74,92,94,78,Manager
Angel Salinas,58,95,79,71,83,41,77,73,70,Entrepreneur
Timothy Baker,79,50,65,94,89,94,98,91,76,Writer
Bonnie Taylor,48,48,72,50,82,72,51,67,97,Entrepreneur
Kevin Wright,56,63,51,89,85,41,59,88,50,Writer
Haley Lewis,81,52,81,70,95,100,59,40,69,Entrepreneur
Kimberly Kelley,43,47,65,67,67,46,45,53,49,Financial Analyst
Colleen Dougherty,63,72,43,50,62,98,64,78,65,Marketing Executive
Ryan Kelly,81,59,94,45,97,72,65,56,41,Entrepreneur
Paul White,86,67,80,56,78,95,40,52,81,Financial Analyst
Yvonne Quinn,56,59,97,94,45,78,76,54,74,Writer
Katrina Daniel,53,81,56,59,82,40,93,80,74,Manager
Michael Charles,57,47,50,58,70,73,50,79,46,Marketing Executive
Kenneth Ali,41,66,92,96,51,96,91,57,51,Writer
Christine Wolf,43,54,72,98,87,83,89,56,54,Writer
Cheryl Dickerson,78,52,68,71,42,69,48,55,79,Marketing Executive
Stacy Garza,61,77,76,60,42,62,84,97,77,Manager
Joel Oneill,67,91,55,44,67,62,50,72,94,Human Resource Specialist
Jackie Romero,87,66,43,80,60,81,61,67,68,Financial Analyst
Heather Shaw,56,72,81,54,49,51,84,65,94,Human Resource Specialist
Tyler Cook,45,86,53,70,67,56,92,51,79,Marketing Executive
Juan Peterson,65,52,97,89,77,65,89,86,50,Writer
Emily Jones,41,82,64,62,69,72,43,44,63,Marketing Executive
Julie Berg,50,42,88,50,53,44,45,54,64,Software Engineer
Patricia Lara,79,96,93,68,72,98,93,54,68,Data Scientist
Antonio Allen,87,69,88,47,61,75,54,73,59,Software Engineer
Jackie Manning,65,69,92,75,90,58,49,63,73,Entrepreneur
Bryan Howard,41,59,97,78,97,80,67,43,56,Entrepreneur
Jessica Mora,68,66,93,68,63,58,59,76,78,Marketing Executive
Rebekah Miller,61,92,75,76,84,82,67,60,62,Entrepreneur
Brittany Garrison,61,44,40,97,47,95,72,91,77,Writer
Jennifer White,41,75,85,94,50,71,60,78,81,Writer
Sharon Salas,53,42,68,65,61,71,89,97,46,Manager
Frank Dalton,59,88,53,93,50,61,71,99,96,Writer
Audrey Wise,86,40,96,59,45,84,47,54,81,Teacher
Michael Joseph,90,40,79,91,54,60,96,83,70,Writer
Dr. Tammy Shaw DDS,73,65,80,76,88,71,75,65,73,Entrepreneur
Lori Robbins,87,61,69,80,68,86,64,72,41,Financial Analyst
Amanda Richards,41,95,99,59,99,44,87,55,93,Data Scientist
Kimberly Phillips,42,95,81,56,77,93,46,82,69,Data Scientist
Mark Lewis,100,84,56,71,59,72,60,51,49,Financial Analyst
Lawrence Daniels,51,86,42,79,97,98,43,75,92,Entrepreneur
Theresa Carrillo,83,55,87,44,100,74,71,97,86,Entrepreneur
Norman Sanders,43,85,59,96,55,60,80,47,88,Writer
Martin Carrillo,95,64,44,82,93,42,66,51,76,Entrepreneur
Douglas Garner,94,66,98,71,90,96,54,55,54,Entrepreneur
Matthew Martin,43,83,57,51,42,55,48,87,89,Human Resource Specialist
Amanda Allen,68,100,55,60,71,86,72,63,41,Marketing Executive
Penny Richards DDS,56,67,49,70,64,48,65,45,89,Human Resource Specialist
Kathleen Frazier,78,58,41,40,62,82,53,74,64,Software Engineer
Anne Ortiz,89,95,42,90,71,95,95,73,95,Writer
Jeremy Jimenez,80,76,42,58,75,86,92,63,79,Software Engineer
Melissa Matthews,98,91,55,50,88,100,69,61,88,Entrepreneur
Carol Wilson,96,68,70,92,62,73,83,90,49,Writer
Jeffrey Collins,75,52,90,67,54,92,47,86,40,Software Engineer
Alyssa Avery,76,77,50,92,41,66,90,62,44,Writer
Kelly Tanner,56,98,46,44,56,46,78,67,71,Financial Analyst
Tammy Reynolds,47,63,67,57,67,84,49,76,66,Financial Analyst
Jessica Dunn,59,92,44,46,97,83,63,80,77,Entrepreneur
Andrew Robinson DDS,91,93,47,58,44,74,41,47,43,Financial Analyst
Alicia Young,50,66,82,46,96,94,64,65,86,Entrepreneur
Chloe Krueger,97,41,60,92,100,53,55,93,64,Writer
Kevin Jackson,43,79,40,73,85,72,68,60,53,Entrepreneur
Stephanie Brown,99,49,89,90,85,41,66,48,86,Writer
Samantha Bowen,45,66,95,94,94,92,64,69,80,Writer
Mr. Larry Baker,79,72,70,93,50,62,99,99,83,Writer
Jonathan Curtis,100,44,86,73,100,86,52,75,41,Entrepreneur
Marie Baird,94,96,93,98,76,75,40,58,67,Data Scientist
William Cruz,57,94,57,70,91,65,45,56,76,Entrepreneur
Derrick Calhoun,89,94,68,64,92,58,67,58,98,Entrepreneur
John Burke,77,100,97,81,85,89,51,75,48,Data Scientist
Terry Snyder,49,45,58,55,75,93,50,78,75,Software Engineer
Steven Green,56,42,79,67,80,70,87,86,86,Manager
Jerry Crawford,94,47,77,81,53,79,57,55,64,Marketing Executive
Nichole Martin,91,51,41,42,49,77,93,82,50,Manager
Stephanie Levine,69,68,41,100,83,67,72,58,66,Writer
Jonathan Cross,79,50,100,68,68,71,71,66,96,Human Resource Specialist
Paige Ramos,82,84,74,51,71,60,49,66,75,Marketing Executive
Christopher Estrada,43,97,71,45,56,95,63,77,100,Human Resource Specialist
Kelly Harmon,66,84,87,80,43,63,74,80,66,Data Scientist
Ivan Foster,80,76,63,46,58,47,89,88,97,Manager
Sarah Wilson,58,63,81,72,63,48,94,85,66,Manager
Virginia Neal,50,92,43,61,60,44,69,75,70,Financial Analyst
Michelle Garcia MD,79,99,85,78,74,54,58,43,77,Data Scientist
Susan Brown,91,42,87,68,72,62,76,46,43,Software Engineer
Joshua Pratt,77,84,72,93,70,72,91,54,51,Writer
Johnny Mullen,64,82,40,98,69,70,50,69,71,Writer
Alexander Smith,81,50,54,45,78,65,51,87,72,Software Engineer
Mrs. Angela Donaldson DVM,42,49,91,56,61,44,58,100,98,Human Resource Specialist
Derek Barajas,90,94,75,64,53,81,97,89,98,Manager
Thomas Young,45,42,45,44,83,71,41,68,88,Entrepreneur
Jason Decker,85,81,44,95,46,43,67,70,41,Writer
Ashlee Jackson,93,74,79,94,52,41,70,72,41,Writer
Lisa Carlson,60,80,78,82,60,53,49,44,74,Software Engineer
Morgan Valenzuela,55,58,91,55,65,69,77,92,60,Software Engineer
Gordon Atkinson,100,46,54,58,78,93,65,61,67,Software Engineer
Sean Green,42,71,48,57,61,87,44,41,50,Teacher
Denise Shaffer,68,40,66,87,57,55,78,92,49,Writer
Savannah Ramsey,84,73,96,55,86,69,61,50,62,Entrepreneur
Marie Salazar,85,80,85,48,45,69,51,66,50,Data Scientist
Kimberly Jones DVM,46,45,44,65,44,88,95,67,94,Human Resource Specialist
Regina Rush,81,51,64,74,68,94,65,65,68,Teacher
Tina Williamson,100,41,82,54,54,95,98,41,97,Human Resource Specialist
Katherine Phillips,47,71,91,68,73,83,82,77,87,Manager
Kathleen Perry,92,48,93,94,45,42,62,81,87,Writer
Crystal Wood,96,91,47,56,99,47,61,72,63,Entrepreneur
Samantha Flores,65,81,78,63,71,54,75,58,52,Marketing Executive
Valerie Hill,100,65,53,98,55,43,78,82,78,Writer
Katrina Thomas,41,82,78,92,81,88,68,51,54,Writer
Collin West,94,74,61,92,67,76,41,51,50,Writer
Derek Harris,94,74,69,40,45,46,76,97,41,Teacher
Chelsea Brown,66,49,50,62,78,77,49,40,90,Human Resource Specialist
Cody Pugh,62,51,77,49,66,40,67,70,61,Software Engineer
Andrew Farmer,85,92,43,58,47,72,45,47,44,Financial Analyst
Paul Cooper,87,46,78,70,41,93,72,65,73,Teacher
Mary Dennis,69,79,91,88,97,63,85,49,86,Data Scientist
Carolyn Hall DVM,81,87,53,48,81,71,61,65,78,Entrepreneur
Maria Stevens,84,100,44,90,43,84,43,55,88,Writer
Patrick Barnett,62,73,87,98,94,83,43,66,47,Writer
Christopher Jefferson,94,45,84,63,47,63,74,44,66,Teacher
Linda Rivas,47,72,91,55,61,46,66,65,67,Marketing Executive
Crystal Silva,41,48,76,60,92,65,66,91,99,Entrepreneur
Jessica Clark,76,84,56,95,40,71,53,43,44,Writer
John Bender,40,94,74,41,88,52,85,64,53,Entrepreneur
Erik Smith,47,62,63,78,41,81,43,54,77,Marketing Executive
Scott Porter,43,59,95,75,72,90,51,87,60,Teacher
Valerie Ochoa,77,42,84,91,61,81,85,40,98,Writer
Margaret Bowers,58,82,78,89,63,46,53,46,71,Writer
Christina Holt,81,80,83,93,48,77,78,99,87,Data Scientist
Lisa Martin,69,80,45,48,81,52,52,74,100,Entrepreneur
Kimberly Armstrong,73,44,70,97,65,51,59,90,43,Writer
Aaron Diaz,87,65,82,75,65,84,41,95,48,Teacher
Scott Bush,44,95,77,78,59,62,92,82,44,Manager
Ashley Davis,62,68,80,55,63,68,74,97,74,Financial Analyst
Monica Stuart DDS,71,72,65,64,86,49,46,93,74,Entrepreneur
Zachary Edwards,67,86,66,54,63,84,77,54,74,Software Engineer
Nicholas Graves,87,82,76,81,56,44,42,84,98,Human Resource Specialist
Lisa Hill,76,70,92,52,72,79,73,61,49,Financial Analyst
Amanda Watts,85,98,46,87,65,71,89,47,41,Writer
Anna Davis,51,41,61,98,51,84,78,61,50,Writer
Tanner Cervantes,96,51,82,47,58,49,91,75,67,Teacher
Mark Hudson,69,68,91,79,81,72,80,63,67,Entrepreneur
Jason Clements,75,89,43,75,41,100,44,78,98,Human Resource Specialist
Ann Woods,84,67,62,99,61,100,99,77,64,Writer
Nicole Michael,49,51,47,87,90,66,65,75,73,Writer
Gary King,93,42,80,66,76,50,95,47,63,Financial Analyst
Courtney Cunningham,96,86,48,80,58,79,67,83,97,Human Resource Specialist
April Deleon,42,42,42,92,100,93,67,76,86,Writer
Jacob Guerra,84,70,94,87,81,91,85,100,95,Writer
Jonathan Hull,42,51,86,50,98,52,57,44,83,Entrepreneur
Sierra Flores,96,94,48,65,41,46,88,95,52,Manager
Michael Li,55,98,96,76,61,91,46,89,89,Data Scientist
Dave Riley MD,95,77,58,81,72,96,41,90,76,Financial Analyst
Juan Mora,53,92,54,74,46,45,61,68,63,Teacher
Karen Lyons,64,89,62,81,46,49,49,51,46,Software Engineer
Destiny Moore,97,42,78,93,46,42,83,74,64,Writer
Julie Douglas,92,40,49,98,56,55,54,70,68,Writer
Manuel Johnston,65,75,40,99,63,80,85,80,41,Writer
Nicholas Mcgee,68,95,58,94,99,98,51,66,71,Writer
Melinda Green,82,48,62,87,64,47,80,48,69,Writer
George Colon,56,88,65,92,67,51,78,45,74,Writer
Scott Perry,52,81,82,86,92,56,58,65,79,Data Scientist
Teresa Cardenas DDS,82,49,68,79,44,91,72,40,62,Financial Analyst
Sandy Owen,93,88,42,91,96,48,53,83,66,Writer
Robert Marsh,41,92,73,89,81,99,77,87,56,Writer
Christine Rodriguez,51,68,66,62,63,62,73,68,100,Human Resource Specialist
Robert Taylor MD,83,90,82,52,51,96,63,95,88,Data Scientist
Tina Ellis,43,89,69,58,77,76,92,42,87,Human Resource Specialist
Juan Estes PhD,91,41,52,87,78,62,73,93,62,Writer
Brian Duke,74,41,80,83,66,64,93,93,78,Manager
Jeremiah Wells,80,84,47,83,87,63,47,62,95,Entrepreneur
Mr. Eric Williams,82,48,98,94,52,51,59,42,55,Writer
Joshua Graham,84,65,88,59,55,48,76,42,83,Software Engineer
William Gould,71,99,82,82,46,96,83,82,45,Data Scientist
Kayla Powell,91,61,91,97,100,70,47,94,83,Writer
Olivia Hughes,59,43,83,77,87,56,77,79,87,Entrepreneur
Peter Fox,51,98,79,99,79,62,88,87,77,Writer
Michael Fernandez,76,72,52,65,91,99,62,45,84,Entrepreneur
Arthur Nunez,56,40,77,87,90,89,58,48,76,Writer
Brandi Benson,48,80,88,84,52,64,100,80,81,Data Scientist
Tommy Baker,85,53,48,88,42,88,44,79,56,Writer
Teresa Wood,57,96,59,84,68,67,40,62,74,Marketing Executive
Robert Howe,80,61,93,58,58,75,44,43,82,Financial Analyst
Caroline Brown,90,78,40,80,56,81,48,86,67,Marketing Executive
Christina Saunders,75,52,87,56,41,93,47,60,94,Human Resource Specialist
Jason Coleman,63,73,43,84,88,66,41,98,81,Entrepreneur
Darin Brock,83,92,85,95,53,71,70,87,60,Data Scientist
Ronald Swanson,59,45,85,71,93,64,64,79,79,Entrepreneur
Sarah Lucas,69,69,42,79,73,42,62,90,48,Financial Analyst
Mrs. Claudia Henson,69,86,97,94,64,63,56,87,94,Data Scientist
Raven Wilson,48,94,79,74,70,91,71,69,76,Marketing Executive
Tanya Melendez,82,57,63,43,50,46,52,75,63,Marketing Executive
Brittany Davis,96,81,55,94,97,59,56,49,51,Writer
Laura Figueroa,100,83,59,98,88,65,86,77,40,Writer
Allen Maddox,85,53,41,88,98,82,94,98,63,Writer
Michael Summers,89,58,65,75,65,52,44,86,88,Human Resource Specialist
Madison Johnson,91,69,79,82,77,40,74,63,97,Human Resource Specialist
Diana Boone,88,45,46,74,48,68,87,44,47,Software Engineer
Laurie Alvarez,42,48,58,47,95,72,40,66,73,Entrepreneur
Jessica Kennedy,53,56,64,59,54,73,54,61,94,Human Resource Specialist
Jared Norman,44,42,57,50,77,73,54,63,77,Marketing Executive
Julie Baker,48,51,52,96,91,92,45,78,74,Writer
Christopher Bishop,44,50,91,44,43,50,59,75,46,Marketing Executive
Sarah Smith,49,55,63,72,89,46,57,97,79,Entrepreneur
Stephanie Marshall,84,70,44,78,97,95,98,53,71,Entrepreneur
Kathryn Miller,57,86,40,76,92,90,66,79,54,Entrepreneur
David Freeman,75,92,85,47,87,98,46,81,97,Data Scientist
Katherine Hartman,46,49,55,58,99,41,67,58,54,Entrepreneur
Clifford Daniel,81,50,86,93,56,84,68,61,60,Writer
Rebecca Armstrong,86,89,63,47,47,93,73,48,98,Human Resource Specialist
Robert Warner,84,89,69,91,54,87,54,58,76,Writer
Alisha Anderson,46,44,65,64,52,77,69,72,56,Teacher
Laurie Knox,55,99,100,71,96,73,66,84,71,Data Scientist
Angel Williamson,53,43,75,93,79,69,78,94,95,Writer
Jamie Gamble,69,99,100,83,85,84,74,92,77,Data Scientist
Andrew Collins,75,48,41,66,90,65,91,70,85,Entrepreneur
Eric Holland,88,65,59,98,49,57,50,63,58,Writer
Bradley Roberson,85,73,48,72,41,58,97,86,74,Manager
Angela Snyder,79,56,68,67,61,100,85,91,83,Manager
David Snyder,93,51,68,57,41,93,44,53,61,Software Engineer
Mallory Lawson,97,100,91,49,57,50,91,55,62,Data Scientist
Alexandra Schmidt,92,44,41,83,67,61,67,100,56,Teacher
Paul Rose,48,52,100,70,97,72,54,77,98,Entrepreneur
Katelyn Mitchell,58,63,43,64,75,52,75,60,80,Software Engineer
Debbie Walker,71,63,70,76,99,63,64,68,42,Entrepreneur
Carlos Perez,70,67,45,99,68,77,57,47,100,Writer
Nathaniel Gonzales,98,84,73,66,78,72,61,54,54,Marketing Executive
Brandi Baldwin,85,74,99,97,88,45,48,70,76,Writer
Alexander Garcia,100,46,58,48,69,95,40,80,91,Human Resource Specialist
Lauren Brown,89,90,58,91,96,77,67,45,48,Writer
Melissa Richardson,49,64,48,54,48,76,69,62,62,Marketing Executive
Amber Bailey,45,80,78,77,59,81,67,78,40,Marketing Executive
Vickie Pitts,43,63,45,43,54,54,84,70,54,Marketing Executive
Michelle Stewart,73,56,64,43,63,100,95,57,74,Teacher
Pamela Williams,62,61,90,55,73,68,42,98,53,Software Engineer
Robert Gibbs,98,50,61,42,95,100,80,64,89,Entrepreneur
David Orozco,78,87,55,100,89,65,94,78,51,Writer
Phyllis Barrett,74,83,40,58,72,68,58,75,55,Marketing Executive
Matthew Young,88,50,100,53,92,99,100,66,87,Entrepreneur
Andrea Mathis,82,85,86,62,60,99,49,55,76,Data Scientist
Dana Griffin,94,60,96,88,100,66,57,93,47,Writer
Jennifer Stephens,45,43,57,76,65,54,40,88,91,Human Resource Specialist
Eric Bush,85,58,70,84,68,95,76,40,75,Marketing Executive
Sarah Prince,56,44,62,58,70,71,41,69,75,Software Engineer
Kelsey Reed,49,58,59,51,65,77,82,77,50,Manager
Thomas Crane,75,95,82,96,91,94,55,70,88,Data Scientist
Dawn Rodriguez,59,49,83,79,99,81,70,62,46,Entrepreneur
Caleb Morales,88,73,85,60,72,50,89,46,62,Software Engineer
Kelly Cole,48,60,100,52,80,96,81,46,60,Financial Analyst
Heather Preston,48,94,86,55,69,69,75,40,64,Data Scientist
Leonard Olson,81,62,75,66,80,58,87,44,53,Marketing Executive
Wayne Henderson Jr.,53,66,72,66,51,65,46,57,45,Marketing Executive
Taylor Avila,74,89,77,75,46,78,98,43,84,Software Engineer
Andrew Wilson,100,83,57,41,79,92,41,40,93,Human Resource Specialist
Barbara Burke,80,77,67,54,80,71,95,61,96,Human Resource Specialist
Richard Mccoy,76,64,94,98,70,86,93,50,69,Writer
Valerie Perez,83,80,49,66,99,59,93,57,82,Entrepreneur
Brett Mathis,70,92,58,86,80,45,62,42,82,Writer
Alexandria Taylor,64,40,90,78,82,87,67,87,61,Entrepreneur
Jennifer Simon,66,68,71,94,69,45,67,65,45,Writer
Rebecca Holland,57,50,81,70,45,94,90,53,89,Human Resource Specialist
Michelle Bryant,58,63,80,93,69,94,51,75,81,Writer
Laura Chapman,43,59,77,92,93,52,40,55,94,Writer
Jennifer Brown,92,69,64,68,46,51,76,73,47,Software Engineer
Bryan Romero,42,86,55,64,75,76,84,47,83,Marketing Executive
Kimberly Cohen,64,49,83,52,53,77,72,63,63,Marketing Executive
Jordan Mcconnell,86,80,84,42,99,41,82,84,87,Data Scientist
Robert Gonzales,55,82,70,54,67,60,42,84,58,Marketing Executive
Cynthia Perkins,65,79,40,72,77,60,98,50,74,Financial Analyst
Gary Reed,70,40,86,42,58,98,44,52,43,Marketing Executive
Jeremiah Fleming,55,41,93,46,95,42,57,76,82,Entrepreneur
Michelle Mills DDS,49,40,55,77,87,70,45,75,98,Entrepreneur
Jennifer Moore,97,69,50,52,62,88,43,48,89,Human Resource Specialist
Larry Fry,97,55,89,57,97,90,97,78,71,Manager
Amanda Mendoza,41,46,57,97,94,59,88,70,52,Writer
Tina Cowan,69,100,46,97,52,59,88,52,65,Writer
April Bush,94,86,92,91,70,87,78,40,88,Data Scientist
Alex Ball,76,42,80,64,77,46,70,62,60,Teacher
Cody Taylor,94,87,96,66,56,91,85,70,100,Data Scientist
Thomas Olsen,57,57,52,56,69,74,81,92,85,Manager
Willie Mora,83,49,78,61,97,86,92,60,95,Entrepreneur
Gabriela Nguyen,87,81,47,76,49,98,72,94,99,Human Resource Specialist
Katie Jones,86,62,94,42,85,90,87,54,74,Entrepreneur
Jason Foster,45,67,94,42,71,58,65,96,76,Teacher
Charles Martinez,55,89,41,77,68,65,49,45,45,Marketing Executive
Christopher Miranda,68,99,68,98,79,69,99,45,53,Writer
Karen Newton,79,45,99,52,70,43,46,79,64,Software Engineer
Katie Bradley,81,79,58,52,50,72,85,64,94,Human Resource Specialist
Lisa Young,84,74,66,89,89,99,52,41,45,Writer
Lisa Carroll,93,50,48,82,77,84,80,61,87,Human Resource Specialist
Amy Paul,78,44,41,84,79,99,48,74,54,Financial Analyst
Jose Byrd,100,58,65,44,63,91,93,91,79,Manager
Nicholas Dixon,51,83,40,59,85,96,47,53,70,Entrepreneur
Mackenzie Moore,53,45,85,72,61,90,61,54,56,Teacher
Emily Tate,48,84,60,50,94,42,86,51,95,Entrepreneur
Theresa Garcia,63,70,65,80,74,91,82,59,69,Marketing Executive
Roger Brooks,63,96,87,85,79,100,89,80,79,Data Scientist
Michelle Burns,81,99,85,81,85,47,75,100,47,Data Scientist
Stephen Rogers,52,93,58,83,67,77,75,96,45,Teacher
Tyler Black,44,52,95,43,46,97,88,91,89,Manager
Ashley Graham,52,72,58,77,77,63,76,47,67,Marketing Executive
Ricky Quinn,55,89,63,40,75,74,70,82,44,Teacher
Lisa Munoz,59,100,73,54,44,68,45,77,93,Human Resource Specialist
Eric Larson,77,61,59,50,88,46,78,61,60,Entrepreneur
Joseph Hurley,71,79,97,41,92,81,76,55,45,Data Scientist
Caitlin Johnson,79,94,56,78,72,48,97,66,66,Financial Analyst
Anita Taylor,43,45,97,74,53,72,96,99,51,Manager
Jessica Carlson,96,47,43,63,51,66,65,85,60,Financial Analyst
Daniel Robinson,43,69,99,91,58,42,79,64,78,Writer
Amy Norton,99,62,86,43,62,77,100,73,74,Software Engineer
Beverly Estrada,94,85,41,69,47,63,45,93,77,Teacher
Colleen Guerra,57,76,84,43,79,50,49,100,86,Data Scientist
Tara Burns,71,99,49,75,99,98,63,80,81,Entrepreneur
Kurt Holt,40,86,61,49,72,54,98,44,87,Human Resource Specialist
Melissa Thompson,96,95,91,54,50,97,56,42,88,Data Scientist
Gregory Herrera,44,62,79,45,84,85,62,57,90,Entrepreneur
Jasmin Johnson DDS,98,41,48,56,93,56,43,75,98,Entrepreneur
Steven Davis,92,85,79,61,90,80,52,61,60,Entrepreneur
Ryan Murphy,78,73,45,79,97,93,93,54,54,Entrepreneur
Billy Irwin,86,87,100,89,40,66,46,97,72,Data Scientist
Linda Howard,68,59,45,79,42,97,74,98,49,Marketing Executive
Brian Wilson,73,89,81,100,95,82,98,50,97,Data Scientist
David Lopez,64,58,80,70,60,88,43,66,71,Software Engineer
Marie Warren,76,72,52,97,64,62,91,63,94,Writer
Melinda Hendricks,67,76,70,81,80,65,89,67,72,Teacher
Joseph Davila,49,71,89,93,53,98,94,73,62,Writer
John Barnett,92,85,53,45,76,43,61,92,81,Teacher
Derrick Mcknight,96,67,56,61,68,93,82,74,77,Marketing Executive
Theresa Johnson,73,79,65,40,54,81,47,92,90,Human Resource Specialist
Hannah Mcguire,64,61,54,44,74,100,80,100,52,Marketing Executive
Jasmine Braun,72,87,85,97,68,72,86,80,94,Data Scientist
Brenda Bond,100,41,72,73,47,80,80,47,51,Financial Analyst
Jennifer Atkins,94,91,87,52,87,56,90,42,53,Data Scientist
Craig Thompson,87,49,59,88,50,84,94,54,88,Writer
Brian Schroeder,87,72,80,85,74,68,58,52,74,Financial Analyst
Megan Valdez,82,72,84,82,91,76,78,55,68,Entrepreneur
Karen Hall,60,87,49,97,73,90,96,92,81,Writer
Tiffany Ruiz,98,64,54,88,86,79,75,86,85,Writer
William Newman,78,98,57,60,81,48,68,68,98,Entrepreneur
Maria Young,58,59,84,61,71,46,80,68,78,Marketing Executive
David Sharp,63,48,76,80,90,83,85,44,72,Entrepreneur
Melvin Boyd,81,49,100,99,79,97,59,93,98,Writer
Wesley Baker,94,45,53,97,84,59,86,57,51,Writer
Michael Mack,54,94,81,77,64,60,67,100,70,Data Scientist
John Stewart,49,52,48,99,90,71,89,65,89,Writer
Jordan Snyder,94,58,82,79,65,52,44,86,70,Teacher
Mr. Jorge Pena,71,75,50,53,52,60,88,77,82,Manager
Alvin Harrington,44,55,83,73,49,48,69,79,44,Marketing Executive
Desiree Castaneda,98,75,98,42,97,63,97,59,81,Entrepreneur
Joshua Shelton,60,85,65,81,43,98,96,60,72,Marketing Executive
Ryan Bishop,100,96,89,59,52,89,57,83,72,Data Scientist
Jennifer Bean,94,71,79,87,82,92,48,71,67,Writer
Colleen Kelly,59,79,58,45,41,93,92,59,42,Teacher
Jamie Daugherty,50,59,72,95,94,47,60,57,43,Writer
Nicole Sheppard,61,76,75,62,57,54,47,56,90,Human Resource Specialist
Keith Mccall,91,46,70,58,52,89,60,40,47,Financial Analyst
Michelle Miller,76,98,54,93,42,56,49,52,85,Writer
Cody Chambers,61,41,53,84,93,52,95,82,93,Manager
Bryan Ryan,55,81,57,67,52,84,71,65,97,Human Resource Specialist
Michael Clarke,79,43,61,89,74,100,74,71,73,Writer
Michael Lewis,67,99,54,64,59,61,77,64,97,Human Resource Specialist
Daniel Mcneil,94,42,80,100,94,83,62,97,78,Writer
Cheryl Wise,100,85,73,44,81,90,58,97,47,Entrepreneur
Claire Webster,99,52,77,43,66,41,44,75,97,Human Resource Specialist
Tara Collins,77,82,83,52,51,82,53,59,87,Data Scientist
Lisa Murphy,79,95,49,85,83,75,72,55,86,Entrepreneur
Marvin Brown,54,41,75,92,54,63,50,44,87,Writer
Gary Campbell,72,79,74,93,87,67,51,67,95,Writer
Ashley Ferguson,83,87,83,60,62,67,85,91,48,Data Scientist
Christopher Roman,67,49,93,43,95,41,41,78,49,Entrepreneur
Cathy Armstrong,68,62,95,75,74,48,61,93,71,Teacher
Amanda Gonzalez,59,70,99,84,87,96,52,97,57,Entrepreneur
Matthew Thomas,45,66,60,68,70,81,44,45,91,Human Resource Specialist
Kevin Ellis,73,80,79,51,98,46,71,76,65,Entrepreneur
William Martinez,75,47,90,65,82,83,52,66,52,Entrepreneur
Brian Davenport,94,75,82,73,97,84,98,89,87,Manager
Andrew Becker,84,90,98,49,84,63,77,44,43,Data Scientist
Tammy Baldwin,49,66,80,73,59,99,59,63,94,Human Resource Specialist
Richard Mercado,97,63,63,99,72,54,55,81,96,Writer
Derrick Bartlett,80,43,50,82,90,60,94,78,50,Manager
Lisa Mcneil,53,72,57,50,52,53,86,41,76,Marketing Executive
Christine Williams,86,86,80,45,43,73,89,93,59,Manager
Justin White,47,80,80,60,82,60,60,52,73,Entrepreneur
Kathryn Diaz,68,48,43,87,84,46,74,96,100,Writer
Molly Duke,93,42,59,42,89,55,76,75,82,Entrepreneur
Sara Moore,56,63,56,87,85,46,76,83,51,Writer
Suzanne Odonnell,77,75,40,51,42,79,60,86,56,Financial Analyst
Cathy Williams,86,57,50,91,79,79,93,74,93,Writer
Justin Krueger,61,61,84,68,52,47,84,40,67,Teacher
George Williams,52,83,91,94,68,58,75,83,86,Data Scientist
James Dodson,56,53,84,58,99,94,88,52,71,Entrepreneur
Jennifer Walker,77,73,89,80,59,99,70,58,89,Human Resource Specialist
Nicholas Thompson,100,85,48,96,55,54,79,54,52,Writer
Oscar Rogers,69,75,72,68,100,45,59,75,69,Entrepreneur
Benjamin Foster,70,74,57,74,45,61,50,44,99,Human Resource Specialist
Sean Fields,90,48,74,82,56,65,41,85,63,Software Engineer
Lisa Perkins,45,97,86,60,45,51,62,80,83,Data Scientist
Andrew Petersen,40,100,73,59,40,74,45,40,96,Human Resource Specialist
Richard Crawford,73,71,92,45,85,74,57,96,62,Entrepreneur
Joseph Williams,53,75,64,80,93,57,88,78,96,Manager
Sandra Clark,80,96,94,65,77,59,80,91,89,Data Scientist
Kevin Ramsey,56,57,61,76,54,67,60,43,42,Financial Analyst
Regina Burnett,100,46,94,42,80,47,40,96,93,Human Resource Specialist
Melissa Mcmahon,70,78,84,40,80,44,75,99,67,Data Scientist
Jose Kelley,100,63,63,78,86,94,75,83,73,Entrepreneur
Daniel Li,93,48,56,46,43,58,84,69,59,Marketing Executive
Nathan Tran,77,47,87,61,62,95,63,40,64,Teacher
Andrew Holt,40,54,51,80,75,72,45,85,40,Marketing Executive
Donald Bowman,71,48,41,44,77,43,40,85,99,Human Resource Specialist
Kristin Anderson,98,54,73,46,53,46,86,73,51,Marketing Executive
Christine Jensen,73,64,79,85,94,49,56,88,41,Entrepreneur
Karen Wood,71,71,68,95,44,65,45,93,51,Writer
Becky Wilson,87,76,87,57,93,79,74,72,76,Data Scientist
Ashley Galvan,87,80,79,66,75,61,59,47,52,Financial Analyst
Christine Butler,51,71,57,97,82,76,40,83,63,Writer
Lisa Hernandez,60,76,80,97,58,86,57,81,44,Writer
Howard Grant,64,75,75,97,86,72,73,47,59,Writer
Sheena Pennington,40,61,44,81,48,61,91,82,97,Manager
Angela Hernandez,88,98,63,77,79,83,87,46,96,Human Resource Specialist
Charles Edwards,41,74,96,70,68,74,54,99,77,Software Engineer
Norma Maddox,94,51,96,76,40,81,49,52,91,Human Resource Specialist
Bryan Ramsey,54,66,82,77,94,74,82,65,63,Entrepreneur
Hannah Martinez,89,55,70,97,85,83,67,59,59,Writer
Lindsay Lynch,88,48,74,73,76,45,48,69,72,Marketing Executive
Haley Sweeney,54,47,90,93,98,81,73,85,76,Writer
Stephen Petty,42,100,91,78,70,83,41,81,96,Data Scientist
Kelly Collins,98,86,76,59,58,58,44,50,68,Software Engineer
Kimberly Larson,87,79,67,98,64,80,54,92,100,Writer
Anita Abbott,57,96,89,45,88,81,40,96,91,Data Scientist
Samantha Brown,88,68,100,90,49,62,53,47,46,Writer
Kimberly Castillo,96,74,45,53,60,63,71,46,96,Human Resource Specialist
Joseph Juarez,59,46,98,42,69,100,84,50,82,Software Engineer
Phillip Allen,94,54,61,80,46,71,97,62,62,Marketing Executive
Amanda Gould,94,65,84,49,60,52,45,60,85,Teacher
Andrew Mejia,90,51,93,63,100,51,42,55,43,Entrepreneur
Mike Ross,86,71,57,79,99,69,90,93,92,Manager
Ms. Julie Brown,72,48,53,75,70,54,100,79,75,Manager
Angel Nelson,94,41,64,65,50,82,43,81,73,Marketing Executive
Sarah Cohen,94,65,77,92,69,76,57,54,62,Writer
Karen Ewing,61,63,99,99,91,56,64,44,94,Writer
Michael Walton,40,46,94,89,90,100,75,76,77,Writer
Joanne Ross,77,94,47,62,46,41,52,83,76,Software Engineer
Rachel Oneill,47,85,46,100,75,46,55,52,55,Writer
Wendy Wilson,98,82,67,52,87,78,56,60,85,Entrepreneur
Rhonda Hood,83,83,94,54,40,84,42,50,53,Data Scientist
Andrew Hughes,81,66,86,58,55,80,64,47,61,Software Engineer
Leslie Barnes,93,55,66,86,54,76,70,79,63,Writer
Debra Oliver,54,68,80,70,54,71,66,65,97,Human Resource Specialist
Brian Chapman,77,95,45,72,93,49,91,73,80,Entrepreneur
Eric Romero,48,41,83,98,56,100,42,78,45,Writer
Heather Pierce,87,51,41,82,49,54,95,86,64,Manager
Erika Bates,74,59,78,90,56,43,93,98,62,Writer
Brenda Burton,85,67,63,66,73,84,47,43,95,Human Resource Specialist
Peter Martin,70,97,73,55,90,66,83,89,98,Manager
Hayley Cohen,55,67,77,64,48,89,83,46,74,Teacher
Meghan Holt,63,95,51,51,57,73,98,53,54,Financial Analyst
Luke Singh,50,83,84,91,59,78,62,83,52,Data Scientist
Austin Nicholson,74,64,54,81,99,88,54,78,80,Entrepreneur
Scott Kirby,88,64,44,57,68,61,56,56,68,Software Engineer
Teresa Hughes,59,84,96,94,69,90,87,90,55,Data Scientist
Tiffany Thompson,46,100,43,90,56,43,84,73,53,Writer
Janet Oliver,46,87,88,44,95,98,54,54,50,Data Scientist
Charles Rodriguez,65,66,49,40,75,84,43,95,84,Teacher
Samantha Mills,99,68,51,78,65,61,100,77,55,Manager
William Fitzgerald,98,68,80,75,65,95,90,46,41,Financial Analyst
Lori Whitney,97,65,71,59,69,50,89,56,72,Software Engineer
Jose Berger,50,70,70,95,40,96,87,56,67,Writer
Jessica Hammond,76,50,62,64,76,52,86,81,46,Manager
Christopher Webster,84,89,51,64,77,66,47,92,87,Human Resource Specialist
Patrick Simmons,77,51,42,53,83,84,79,61,50,Entrepreneur
John Bowers,93,78,57,65,59,80,63,79,84,Software Engineer
Kelsey Chavez,97,40,78,58,89,77,75,58,77,Entrepreneur
Nicholas Hart,59,90,68,48,99,67,65,43,53,Entrepreneur
Jean Jones,56,91,61,72,87,71,88,69,45,Entrepreneur
Jeffery Robinson,51,50,79,41,85,61,93,89,95,Manager
Brooke Hutchinson,52,58,57,89,72,94,42,86,56,Writer
Cheyenne Phillips,60,48,96,40,81,84,99,87,51,Manager
Michael Tucker,49,99,82,53,71,50,67,64,82,Data Scientist
Michael Long,68,78,56,55,86,58,62,41,55,Entrepreneur
William Odonnell Jr.,40,69,77,100,93,93,80,60,95,Writer
Kenneth Jennings,80,47,98,80,93,46,85,64,98,Entrepreneur
Jesus Johnson,82,62,72,47,59,58,63,54,40,Software Engineer
Nathan Brandt,45,100,65,88,52,45,92,94,58,Writer
Heather Wise,84,57,53,92,65,75,93,58,41,Writer
Brian Lopez,69,63,73,79,69,95,55,40,53,Software Engineer
Anna Jordan,84,46,62,61,59,66,49,82,92,Human Resource Specialist
Miguel Cook,65,54,48,61,63,77,47,73,98,Human Resource Specialist
Beverly Pacheco,58,62,58,81,81,98,63,51,81,Entrepreneur
Jennifer Tucker,44,56,43,87,78,85,80,51,40,Writer
Jonathan Bishop,99,88,88,72,73,57,41,96,98,Data Scientist
Carol Bryan,49,70,56,87,83,64,42,65,70,Writer
Donna Stephens MD,40,55,78,59,91,46,49,63,86,Entrepreneur
James Turner,89,46,68,62,86,98,86,47,73,Entrepreneur
Daniel Haynes,93,81,96,90,50,49,49,96,40,Data Scientist
Garrett Thomas,52,73,57,53,83,53,86,90,40,Manager
Terri Perez,59,63,74,86,72,45,61,47,70,Writer
Brady Jackson,82,47,80,63,80,89,48,78,40,Financial Analyst
Dennis Gonzales,71,44,75,82,84,86,70,89,65,Entrepreneur
Megan Bailey,83,47,47,48,74,50,76,46,61,Financial Analyst
Ana Hull,92,43,43,46,87,62,83,41,63,Entrepreneur
Jordan Miller,74,90,48,78,89,51,91,94,70,Manager
Randy Davis,60,54,63,84,40,54,79,57,77,Financial Analyst
Elizabeth Thomas,83,69,60,95,42,84,65,51,97,Writer
Gary Parker,55,54,80,63,82,81,82,97,71,Manager
Chris Burns,67,75,52,90,89,45,73,88,86,Writer
David Thompson,47,84,88,45,55,69,83,41,45,Data Scientist
Shane Dunn,50,40,79,91,90,89,97,88,67,Writer
Nancy Davidson,95,53,56,68,82,83,87,81,83,Manager
Daniel Williamson,57,49,60,85,84,82,92,67,90,Entrepreneur
Joshua Perry,51,73,53,44,55,44,61,81,81,Financial Analyst
Tanya Miller,71,86,77,70,74,50,54,81,52,Teacher
Pam Shepherd,88,40,57,51,55,46,49,47,86,Human Resource Specialist
Caleb Baker,85,53,83,57,75,80,99,78,76,Manager
Faith King,97,58,46,70,97,62,94,57,49,Entrepreneur
Christina Conner,83,63,79,63,84,98,78,48,87,Entrepreneur
Gabriel Wilson,91,84,48,80,89,88,71,43,85,Entrepreneur
Suzanne Kim DVM,96,78,100,86,81,74,48,88,65,Data Scientist
William Wang,95,47,100,80,68,47,53,75,98,Human Resource Specialist
Victoria Moore,53,46,78,49,51,100,98,56,84,Software Engineer
Shannon Reid,94,70,45,90,81,58,62,98,82,Writer
Anthony Brown,48,80,99,74,68,59,81,75,66,Data Scientist
David Bell,52,66,55,56,41,80,58,99,71,Teacher
Jason Brooks,78,43,77,73,41,85,62,48,82,Marketing Executive
Zoe Ritter,84,75,99,68,73,51,65,42,72,Teacher
Laurie Mckenzie,95,90,78,60,43,91,64,60,60,Financial Analyst
Mrs. Cynthia Mahoney,63,71,83,99,85,94,60,62,69,Writer
Taylor Mckinney,99,79,97,47,79,82,63,97,82,Data Scientist
Joanne Thompson,95,62,52,61,40,47,66,94,65,Financial Analyst
Shawn Garza,78,63,75,97,65,84,85,78,57,Writer
Michael Martinez,93,44,75,46,50,70,72,90,82,Teacher
Mary Bailey,73,69,41,79,42,55,59,67,75,Marketing Executive
Tara Rodriguez,47,57,41,69,43,60,83,82,89,Manager
Michelle Diaz,88,47,65,78,94,75,43,52,47,Entrepreneur
Jill Robinson,69,58,49,75,83,47,69,72,96,Entrepreneur
Mr. Frederick Larson,41,62,63,70,54,91,95,41,80,Marketing Executive
Scott Smith,98,85,45,62,62,76,43,78,65,Software Engineer
Alexander Clark,95,52,69,40,41,86,61,73,100,Human Resource Specialist
Jason Turner,99,90,94,84,42,72,46,83,74,Data Scientist
Joshua Torres,71,65,68,56,67,72,87,67,89,Human Resource Specialist
Heidi Lee,42,99,41,55,72,71,46,92,73,Marketing Executive
Jade Brock,82,76,79,91,48,99,57,42,82,Writer
Danielle Franklin,65,75,46,50,73,67,69,73,40,Teacher
Matthew Manning,56,86,59,98,52,82,63,59,75,Writer
James Kline,59,83,68,67,92,60,91,85,98,Manager
Kevin Wong,100,89,41,84,53,59,55,41,67,Financial Analyst
Nicholas Stanley,48,78,94,73,87,76,65,87,53,Data Scientist
Andrew Lewis,67,63,96,58,77,59,45,70,76,Software Engineer
Robert Montgomery,78,76,47,45,58,70,71,74,100,Human Resource Specialist
Nicholas Williams,49,67,83,70,88,75,61,67,51,Entrepreneur
Mark Ramos,42,60,64,70,98,85,68,80,89,Entrepreneur
Curtis Moran,45,70,81,47,41,71,48,51,43,Software Engineer
Tina Wagner,72,78,72,57,82,47,100,48,49,Entrepreneur
Dr. Lisa Hanson MD,82,60,60,96,79,52,76,63,59,Writer
Johnny Lewis,100,67,66,97,90,82,55,63,70,Writer
Elizabeth Cox,96,84,72,72,100,48,57,84,44,Entrepreneur
Shelia Kelly,97,83,77,58,52,44,42,58,63,Software Engineer
Charles Price,75,44,75,84,77,47,51,64,56,Marketing Executive
Susan Gray,82,71,50,84,78,46,98,68,91,Human Resource Specialist
Robert Stewart,75,58,46,43,68,41,48,97,47,Financial Analyst
Andrew Martinez,66,79,93,72,90,65,83,96,54,Data Scientist
Darrell Jackson,63,84,45,77,69,96,55,91,61,Software Engineer
Christopher Singh,75,77,94,54,96,88,46,74,81,Data Scientist
Connie Ellis,100,60,57,49,55,100,43,74,77,Teacher
Daniel Clark,93,60,60,58,40,54,94,50,63,Marketing Executive
Larry Potter,62,84,51,42,80,75,78,49,65,Marketing Executive
Sean Mcfarland,79,59,96,96,72,60,78,67,78,Writer
Jonathan Macias,86,44,81,69,88,75,44,63,83,Entrepreneur
Kenneth Gonzalez,41,41,57,82,64,90,96,89,56,Manager
Samuel Pierce,73,59,40,99,72,61,53,51,85,Writer
Terry Meyer,76,88,85,80,45,81,85,67,99,Data Scientist
Curtis Welch,83,49,64,84,54,54,71,84,95,Human Resource Specialist
Jim Weeks,78,40,47,95,91,90,99,86,81,Writer
Mark Castillo,59,47,93,88,77,88,53,55,89,Writer
Melissa Owens,76,79,49,90,53,80,79,57,42,Writer
Marvin Frank,60,64,48,86,42,50,75,95,63,Writer
Mary Burnett,58,60,69,73,92,94,49,54,54,Entrepreneur
Meghan Ruiz,64,88,53,51,67,64,66,76,43,Teacher
Michael Stone,49,80,88,63,95,79,49,63,68,Data Scientist
Margaret Snow,50,90,71,65,76,41,58,63,96,Human Resource Specialist
Vickie Leonard,46,92,69,47,76,47,73,64,73,Financial Analyst
Henry Cooper,82,84,41,47,54,64,69,84,50,Teacher
Marissa Ward,72,87,87,89,61,55,57,65,62,Data Scientist
Brandon Mason,84,68,69,46,66,59,40,53,68,Marketing Executive
Zachary Jones,75,83,97,43,74,93,89,55,63,Data Scientist
Dana Cooper,47,59,58,43,81,94,61,43,52,Entrepreneur
Brandon Velez,66,47,40,45,58,69,69,82,61,Software Engineer
Denise Nguyen,59,66,78,94,90,83,54,81,60,Writer
Erin Smith,41,43,66,75,85,65,53,44,74,Entrepreneur
Tammy Harris,67,79,63,71,71,74,60,62,82,Software Engineer
Kristen Sanders,65,89,64,78,48,47,58,92,89,Human Resource Specialist
Stephanie Hill,87,44,69,99,95,88,48,98,89,Writer
Alicia Mullen,99,92,55,86,74,42,92,94,73,Writer
Jennifer Steele,65,65,43,54,46,87,99,72,83,Software Engineer
James Jones,61,100,65,91,65,76,93,52,67,Writer
Alicia Mcfarland,76,87,76,70,67,44,46,80,54,Marketing Executive
Jason Jenkins,85,97,65,61,41,85,85,47,60,Teacher
Roy Jones,90,75,95,56,76,62,91,84,93,Manager
Stephen Meyers,81,45,97,72,96,64,44,68,85,Entrepreneur
Zachary David,80,47,57,83,97,98,45,65,83,Entrepreneur
Luis Robinson,75,99,62,62,66,83,65,73,54,Teacher
Katelyn Walker,80,55,52,45,72,55,90,67,80,Teacher
Julia Clark,62,79,43,58,95,81,91,97,69,Manager
Sarah Parsons,89,89,52,87,55,93,76,73,83,Writer
Donna Kirby,74,65,51,55,91,57,95,63,44,Entrepreneur
Yvette Avery,53,98,67,52,73,52,53,65,69,Teacher
Isaac Pope,65,98,94,68,40,68,57,67,53,Data Scientist
Jennifer Lewis,78,66,77,78,40,99,87,52,51,Teacher
Garrett Powers,49,49,52,58,84,46,52,80,88,Entrepreneur
Melissa Crawford,59,80,89,67,55,98,48,50,49,Data Scientist
Jennifer Hopkins,40,79,86,84,50,79,97,61,62,Data Scientist
Debbie Johnson,91,40,98,85,43,78,86,88,96,Manager
Benjamin Gibson,69,95,92,48,84,48,44,98,68,Data Scientist
Christopher Hunt,66,83,47,84,90,49,45,59,63,Entrepreneur
Wesley Khan,90,89,64,58,64,46,64,57,41,Software Engineer
Gary Morales,72,48,100,89,92,56,77,87,91,Writer
Jessica Patton,73,93,47,51,73,46,43,94,49,Teacher
Miss Tammy Brewer,58,60,47,68,61,46,40,97,92,Human Resource Specialist
Kristi Fernandez,67,55,67,65,42,83,92,92,47,Manager
Mary Tran,73,91,43,83,65,73,85,95,75,Manager
Jennifer Donaldson,62,64,42,95,89,71,88,60,68,Writer
Jesus Jones,50,65,91,58,45,96,72,72,68,Teacher
Jason Logan,56,98,64,74,96,81,81,62,57,Entrepreneur
Bobby Clark,54,59,79,95,82,78,64,73,52,Writer
Jason Roberts,99,76,83,86,73,57,43,98,56,Data Scientist
Allison Hopkins,92,49,67,74,51,53,50,63,45,Financial Analyst
Kyle Green,54,92,73,62,46,76,40,71,74,Teacher
Alejandro Hunt,46,43,62,58,42,97,64,64,82,Teacher
Erin Lane,79,62,51,96,66,63,59,75,89,Writer
Thomas Conway,74,62,55,53,82,82,54,62,69,Entrepreneur
Jamie Miller,87,99,56,99,42,95,42,76,43,Writer
Diana Larson,74,75,92,80,95,70,45,74,48,Entrepreneur
Jill Bailey,92,68,97,82,96,74,74,80,81,Entrepreneur
Daniel Weaver,97,44,88,63,94,61,46,66,95,Entrepreneur
Andrea Solis,46,65,95,45,43,90,52,75,94,Human Resource Specialist
Sean Gordon,50,41,56,42,93,70,64,57,63,Entrepreneur
Robin Jacobs,48,86,49,47,91,98,46,63,44,Entrepreneur
Krista Maldonado,49,72,99,51,46,77,80,76,56,Financial Analyst
Kevin Singleton,44,44,75,71,64,99,95,56,84,Financial Analyst
Rachel Sullivan,90,85,71,48,79,59,63,82,40,Financial Analyst
James Greene,84,60,63,78,80,78,65,60,60,Marketing Executive
Troy Stark,65,61,65,56,100,69,66,100,72,Entrepreneur
Mariah Foster,60,47,72,44,69,93,100,93,45,Manager
Megan Spencer MD,59,49,91,52,91,47,67,79,52,Entrepreneur
Jeremy Bolton,95,70,55,51,72,51,55,97,97,Human Resource Specialist
Logan Arnold Jr.,78,49,65,91,73,95,99,49,100,Writer
Samantha Bowman,40,42,97,54,90,42,95,56,79,Entrepreneur
Brian Lee,71,88,84,98,95,44,51,90,84,Data Scientist
Nicole Harvey,45,96,74,87,74,92,87,44,52,Writer
Nicholas Sexton,89,44,58,67,98,77,78,75,77,Entrepreneur
Kevin Andrews,46,93,48,93,87,63,54,66,70,Writer
Javier Jensen,56,63,70,92,69,73,58,77,94,Writer
Bryan Jordan,82,82,45,86,69,64,98,91,56,Writer
Erin Payne,51,76,47,56,49,65,63,88,90,Human Resource Specialist
John Dodson,87,84,76,41,58,48,42,45,69,Marketing Executive
Stephanie Andrade,56,57,81,69,80,61,91,98,91,Manager
Joseph Mooney,72,66,90,88,60,82,61,85,75,Writer
Brenda Nelson,40,46,56,71,51,100,67,53,73,Software Engineer
Victor Hayes,95,57,85,47,56,69,85,56,99,Human Resource Specialist
Omar Grant,79,68,98,84,99,40,90,100,96,Manager
Joshua Ramirez,51,92,62,93,67,97,54,41,87,Writer
Ryan Mccullough,89,71,58,92,67,74,59,84,77,Writer
George Rosales,83,100,50,91,42,41,72,72,74,Writer
Aaron Lowe,87,98,68,100,58,64,52,99,49,Writer
Amanda Bennett,85,40,68,91,97,62,47,98,53,Writer
Keith Wood,69,98,59,70,98,86,76,75,93,Entrepreneur
Christopher Collins,100,59,74,42,92,73,71,98,63,Entrepreneur
Tracy Mccall,59,49,77,50,42,62,80,54,44,Teacher
Heather Mills,65,78,68,98,43,84,64,64,51,Writer
Joel Floyd MD,94,69,90,76,41,64,64,53,93,Human Resource Specialist
Victoria Garrett,54,71,63,85,84,68,55,40,40,Entrepreneur
Alexandria Hawkins,51,97,53,43,55,71,76,66,70,Software Engineer
Andrew Pennington,75,93,43,80,54,78,86,43,100,Human Resource Specialist
Bethany Burgess,86,64,90,82,72,86,44,92,64,Software Engineer
Jennifer Solomon,100,63,82,43,52,76,85,51,95,Human Resource Specialist
Kristi Rice,51,94,83,96,43,58,63,83,94,Data Scientist
Alison Mcdonald,86,92,60,61,92,71,75,92,56,Entrepreneur
Alison Roth,65,76,62,52,66,74,78,69,53,Marketing Executive
Mckenzie Fritz,50,62,46,60,42,85,78,71,62,Marketing Executive
Robert Franklin,74,97,87,52,49,48,51,46,54,Data Scientist
Brandon Scott,81,89,73,52,61,84,43,93,95,Human Resource Specialist
Dean Walls,81,40,50,96,98,56,56,67,57,Writer
Andrew Steele,97,79,56,90,43,66,52,48,88,Writer
Gary Brown,96,52,83,93,87,57,66,85,91,Writer
Michael Mcdonald DVM,92,90,46,61,48,61,58,74,60,Marketing Executive
Michael Lucero,59,62,52,91,80,70,87,88,78,Writer
John Wagner,51,49,47,92,88,59,99,58,51,Writer
Sara Peterson,80,58,70,42,84,82,97,95,40,Manager
Sarah Gardner,48,90,53,55,81,69,48,53,98,Entrepreneur
Miss Alexandria Pacheco DDS,79,96,70,83,62,88,45,49,100,Human Resource Specialist
Kathy Davis,77,46,61,62,49,94,81,54,79,Software Engineer
Lori Snyder,48,90,83,95,64,90,76,45,64,Data Scientist
Jaime Rodriguez,85,77,64,65,40,66,89,48,72,Financial Analyst
Rebekah Davila,67,65,55,77,75,96,91,85,88,Manager
Nicole Green,86,83,67,81,76,86,42,42,44,Financial Analyst
Brent Morgan,87,52,59,51,92,64,66,70,100,Entrepreneur
Richard Gay,83,99,55,44,84,73,41,87,90,Entrepreneur
Thomas Ward,46,78,54,64,42,81,43,54,58,Financial Analyst
Rhonda Brown,72,69,92,41,88,89,80,68,55,Entrepreneur
Marcus Garza,74,98,97,89,99,77,87,72,42,Data Scientist
Justin Soto,99,45,76,56,61,47,98,79,51,Manager
Michael Travis,99,62,75,60,74,65,70,90,81,Software Engineer
Curtis Robles,86,76,80,46,76,94,58,79,96,Human Resource Specialist
Mary Harris,65,90,53,80,95,92,69,56,88,Entrepreneur
Kayla Doyle,45,95,49,87,72,99,60,55,50,Writer
Elizabeth Lucas,53,76,98,67,48,98,63,89,78,Data Scientist
Brenda Hernandez,74,88,66,59,80,88,41,65,60,Teacher
Mrs. Alison Patel,84,82,70,85,64,57,65,66,82,Software Engineer
Aaron Smith,64,67,93,60,42,85,83,84,73,Manager
Megan Munoz,89,59,66,54,90,72,60,50,93,Entrepreneur
Alicia Evans,64,67,42,67,56,89,81,75,74,Software Engineer
Joel Bullock,56,69,83,86,68,55,50,60,93,Writer
Regina Martin,47,48,72,74,88,57,47,87,57,Entrepreneur
Casey Hernandez,50,43,85,98,48,91,94,53,84,Writer
Gary Adkins,83,60,45,90,93,97,77,50,64,Writer
Laurie Mayer,42,55,96,75,61,64,47,83,81,Teacher
Emily Clark DDS,98,43,52,45,61,88,52,53,49,Financial Analyst
Stephanie Mayer,93,43,77,93,84,74,84,99,91,Writer
Nancy Parsons,55,84,81,88,67,95,58,75,58,Data Scientist
Kristi Davis,64,50,77,49,49,41,71,71,55,Financial Analyst
Matthew Hicks,70,61,94,61,76,82,59,76,53,Software Engineer
Douglas Leach,51,45,67,90,69,64,40,66,91,Writer
Jessica Rivera,55,71,100,88,92,64,40,62,78,Writer
Jackie Brown,60,71,83,89,45,56,42,56,77,Writer
Vanessa Andersen,50,49,59,62,82,96,97,67,80,Entrepreneur
Jennifer Pineda,54,49,60,46,94,48,97,55,52,Entrepreneur
Michele Johnson,72,97,42,57,75,77,96,93,71,Manager
Olivia Morrow,94,66,90,51,55,52,50,81,62,Teacher
Sheila Franklin,63,66,77,88,73,72,80,41,51,Writer
Casey Vargas,70,53,92,68,67,58,84,50,77,Teacher
Tommy Adams,71,40,71,42,87,72,68,42,55,Entrepreneur
Ronald Andersen MD,64,80,53,96,78,99,87,45,99,Writer
Frances Williams,51,69,82,65,71,90,42,77,73,Teacher
Kimberly Hernandez,55,43,82,96,85,55,65,79,100,Writer
Todd Campbell,54,78,71,59,99,95,74,79,75,Entrepreneur
Kelli Robinson,60,60,81,91,94,40,72,72,87,Writer
Melissa Caldwell,85,59,66,48,92,58,48,89,42,Entrepreneur
Selena Thomas,61,81,91,73,85,75,44,86,65,Data Scientist
Holly Austin,90,79,51,93,40,57,75,87,70,Writer
Samantha Jones,68,59,86,69,48,53,49,46,59,Marketing Executive
Mike Bautista,69,82,52,84,48,76,43,41,40,Marketing Executive
Thomas Hayden,78,40,64,43,86,86,52,55,47,Entrepreneur
Douglas Haynes,52,93,97,46,40,94,75,84,41,Data Scientist
Colleen Dean,66,92,58,79,41,58,41,56,58,Software Engineer
Susan Ramos,52,68,94,57,76,63,48,73,62,Software Engineer
Jorge Peters,87,83,90,82,62,62,49,81,73,Data Scientist
Kyle Mcclain,99,98,65,60,97,89,76,76,79,Entrepreneur
Janice Glass,93,86,42,97,49,54,98,62,100,Writer
Melissa Young,89,53,66,93,64,49,60,100,100,Writer
Kathleen Suarez,59,90,86,55,79,95,66,91,86,Data Scientist
David Chan,52,72,78,95,64,60,53,95,45,Writer
Amanda Foley,62,83,59,75,82,40,40,77,77,Entrepreneur
Mitchell Burns,43,40,52,75,55,80,80,77,75,Software Engineer
Keith Brooks,49,94,59,43,40,43,100,99,43,Manager
Bradley Parker,68,87,76,81,73,55,99,92,92,Manager
Kristin Brown,83,82,75,77,98,91,99,41,100,Entrepreneur
Travis Gates,41,60,68,57,78,49,91,71,80,Teacher
Chris Myers,55,94,90,44,57,51,64,68,66,Data Scientist
Steve Alexander,82,41,71,63,85,45,88,98,89,Manager
Sydney Russell,86,65,90,79,72,43,70,99,66,Marketing Executive
Charles Rogers,60,89,56,46,83,95,46,45,94,Entrepreneur
Shawn Graham,51,88,93,67,45,89,96,68,56,Data Scientist
Jimmy Allen,59,60,80,100,45,43,54,48,46,Writer
Randall Norris,46,96,84,62,66,95,89,90,46,Data Scientist
Mrs. Jennifer Contreras MD,66,53,93,77,51,84,78,76,60,Software Engineer
Haley Hansen,50,65,45,66,44,73,78,99,83,Marketing Executive
John Cooper,85,60,59,55,45,60,72,78,75,Software Engineer
Mrs. Tina Martin DVM,71,69,60,89,98,98,75,63,77,Writer
Nicholas Lara,43,66,95,59,98,69,90,40,90,Entrepreneur
Vickie Perry,70,75,68,78,62,47,90,100,57,Manager
Kathleen Wilcox,92,46,69,65,88,75,45,44,79,Entrepreneur
Stephanie Shaw,45,66,68,65,80,61,40,96,91,Human Resource Specialist
Philip Cruz,74,44,79,42,98,62,99,47,98,Entrepreneur
Mrs. Jamie Cowan,53,93,63,83,94,94,93,92,58,Manager
Charles Franco,83,74,99,87,100,41,84,54,50,Writer
Thomas Jackson,54,51,65,42,99,84,63,90,61,Entrepreneur
Christopher Rodgers,66,46,71,50,43,59,87,42,50,Marketing Executive
Hannah Reed,92,86,75,98,74,55,79,45,54,Writer
Robert Clayton,94,60,85,63,52,48,84,41,82,Marketing Executive
Elizabeth Morris,69,97,83,84,72,66,49,44,68,Data Scientist
Jennifer Salinas,94,98,68,84,89,87,91,50,78,Entrepreneur
Cheryl Garcia,58,52,47,60,41,86,60,62,53,Financial Analyst
Elizabeth Wright,91,68,67,78,97,69,49,71,90,Entrepreneur
Tina Simpson,87,87,67,43,74,79,66,84,47,Software Engineer
Marcus Allen,93,97,91,50,59,79,51,80,99,Data Scientist
Craig Macdonald,97,40,51,45,74,87,67,64,97,Human Resource Specialist
Susan Morton,71,86,62,98,84,96,77,100,65,Writer
Matthew White,95,56,53,86,87,65,41,60,61,Writer
Michael Wright,66,72,98,49,55,90,50,40,40,Marketing Executive
Amber Hall,43,96,43,88,42,72,44,47,52,Writer
Samuel Mcdonald,76,71,75,81,99,56,69,89,100,Entrepreneur
Nichole Singleton,64,67,88,41,52,96,48,85,57,Teacher
Patricia Diaz,46,49,99,50,75,98,95,85,86,Manager
Zachary Zamora,62,46,48,74,45,65,90,46,48,Financial Analyst
Deanna Green,44,66,52,82,93,71,79,71,74,Entrepreneur
Susan Clayton,60,59,75,63,57,78,42,89,45,Teacher
Joseph Abbott,52,52,68,56,54,54,59,53,46,Teacher
Lawrence Wagner,98,79,46,87,93,100,74,49,50,Writer
Holly Townsend,92,51,41,82,55,86,57,91,100,Human Resource Specialist
Matthew Allen,74,45,66,60,94,57,40,93,43,Entrepreneur
Sarah Lee,51,69,50,60,45,70,92,91,83,Manager
Angel Castaneda,93,50,92,96,55,97,67,43,81,Writer
Madeline Wells,51,77,43,98,60,79,89,59,54,Writer
Holly Rodriguez,45,66,78,47,78,44,48,89,98,Human Resource Specialist
Christopher Gay,87,58,56,87,46,63,77,79,78,Writer
Emily Bartlett,100,80,54,73,87,80,51,97,59,Entrepreneur
Maria Estrada,60,83,100,90,75,71,60,74,100,Data Scientist
Carrie Robinson,79,64,86,68,70,75,64,73,98,Human Resource Specialist
Katelyn Anderson,95,62,49,96,60,64,52,90,47,Writer
David Silva,55,94,65,99,79,65,98,49,60,Writer
Thomas Kim,87,87,100,82,40,47,87,98,66,Data Scientist
Edward Rice,98,43,43,85,42,80,42,72,89,Human Resource Specialist
Heidi Wong,57,51,53,69,83,74,61,100,73,Entrepreneur
Kevin Porter,84,83,90,59,69,58,67,85,85,Data Scientist
Nancy Mullins,95,71,91,58,81,68,68,78,59,Entrepreneur
Samuel Wood,85,89,71,41,73,68,59,99,55,Marketing Executive
Ashley Murphy,83,45,67,66,62,48,63,83,87,Human Resource Specialist
Sandra Randolph,61,83,53,96,70,40,54,48,87,Writer
Tanya Ward,50,92,44,95,46,44,54,40,88,Writer
Brooke Meyer,58,52,90,98,68,50,91,85,87,Writer
Eric Rodriguez,65,96,88,44,50,60,57,44,69,Data Scientist
Alexander Davis,66,44,62,41,79,88,51,54,71,Financial Analyst
Andrew Barker,91,79,43,85,83,86,97,43,89,Entrepreneur
Jeffery Salinas,50,62,97,94,74,77,64,45,75,Writer
Bailey Farley,73,73,74,97,58,53,98,45,59,Writer
Edward Mckenzie,80,73,59,77,65,94,65,76,99,Human Resource Specialist
Penny Russell,77,92,91,57,88,54,79,40,64,Data Scientist
Janice Kane,78,87,62,88,100,54,92,78,93,Writer
Mindy Garcia,74,71,41,67,88,87,67,83,76,Entrepreneur
Adrian Barrera,52,43,91,70,90,40,93,93,79,Manager
Chad Bradley,78,84,60,98,55,95,89,91,53,Writer
Catherine Morgan,67,68,55,43,81,89,78,41,82,Entrepreneur
Leah Phillips,40,83,93,40,97,91,84,67,73,Data Scientist
Tiffany Williams,43,61,95,51,42,92,74,91,49,Teacher
Tracy Krause,89,91,87,98,87,99,48,73,82,Data Scientist
Matthew Waters,46,73,99,69,45,61,74,98,63,Financial Analyst
Cassidy Brown,45,82,69,98,44,52,58,57,56,Writer
Timothy Mcmahon,79,67,80,49,52,40,48,72,72,Marketing Executive
Jose Perez,100,82,71,84,94,50,76,62,43,Entrepreneur
Jeremy Smith,85,69,89,55,97,85,48,67,78,Entrepreneur
Steven Walker,42,60,65,76,59,52,47,55,98,Human Resource Specialist
Ryan Barr,49,51,75,74,41,94,64,62,72,Marketing Executive
Kristina Munoz,92,91,54,60,56,78,58,72,58,Financial Analyst
Oscar Larsen,55,100,78,42,79,45,89,94,45,Manager
Elizabeth Meyer,57,70,74,66,65,67,99,72,45,Teacher
April Carter,93,94,44,58,96,99,49,73,95,Entrepreneur
Vickie Jones,68,94,97,95,67,77,92,57,43,Data Scientist
Russell Davis,49,61,54,73,72,99,42,72,97,Human Resource Specialist
Brian Peters,49,62,87,87,47,74,76,96,69,Writer
Jordan Ramirez,53,61,47,62,46,80,100,40,76,Teacher
Richard Rodriguez,49,74,71,51,64,75,90,60,47,Software Engineer
Ryan Martin,60,87,85,53,40,86,49,73,83,Data Scientist
Jennifer Shannon,82,50,85,61,64,52,84,62,69,Financial Analyst
Charles Allison,81,78,55,97,56,85,78,68,79,Writer
Tommy Kelley,56,70,42,47,68,79,96,74,69,Financial Analyst
Richard Snow,63,46,98,68,92,50,86,60,60,Entrepreneur
Carlos Roberts,54,86,100,91,99,62,84,56,58,Data Scientist
Elizabeth Hernandez,65,92,57,75,79,55,82,82,47,Manager
Lisa Swanson PhD,67,49,76,100,74,76,53,54,53,Writer
Chad Leblanc Jr.,71,95,93,55,87,94,90,85,85,Data Scientist
Carmen Stevens,51,68,65,67,88,85,69,88,57,Entrepreneur
Amy Wilkins,55,43,77,91,76,78,47,89,56,Writer
Cassandra Clark,62,42,78,57,42,59,72,95,64,Marketing Executive
Lisa Marsh,64,95,72,62,43,74,88,57,83,Marketing Executive
Alicia Elliott DDS,83,94,100,60,55,52,55,88,80,Data Scientist
Taylor Herman,76,71,47,88,80,69,78,72,98,Writer
Christie Valentine,93,72,54,84,66,89,100,62,76,Financial Analyst
Mr. Patrick Foley,98,56,43,47,56,44,72,91,86,Human Resource Specialist
Jaclyn Roy,59,45,79,40,41,49,67,54,93,Human Resource Specialist
Alexander Ballard,52,62,75,61,76,44,79,59,85,Marketing Executive
Stephanie Jones,88,71,50,93,48,78,81,67,58,Writer
John Fletcher,52,61,62,70,67,82,98,82,55,Manager
Vanessa Jackson,89,77,67,44,77,72,57,86,70,Teacher
Samuel Watson,51,69,67,86,74,97,44,77,96,Writer
John Wood,74,57,63,49,90,55,77,90,40,Entrepreneur
Michael Romero,54,50,90,53,69,98,83,98,90,Manager
Daniel Trujillo,79,66,72,88,67,77,65,100,58,Writer
John Evans,42,66,53,77,64,67,84,47,69,Teacher
Nathaniel Campbell,62,74,74,87,94,74,97,84,58,Writer
Corey Rivera,90,54,57,88,62,98,43,80,74,Writer
Julia Roy,64,77,87,55,77,46,89,89,84,Data Scientist
Kelly Smith,54,96,45,50,57,76,72,79,58,Marketing Executive
John Moreno,95,94,40,49,92,91,41,52,72,Entrepreneur
Justin Mclaughlin,80,93,51,93,72,63,70,57,53,Writer
Mark Hernandez,82,40,82,81,98,59,69,59,47,Entrepreneur
Elizabeth Doyle,97,63,67,53,77,81,85,60,81,Financial Analyst
Theresa Richmond,97,64,86,95,100,97,90,58,44,Writer
Andrew Rice,68,40,44,63,41,90,79,62,48,Teacher
Mrs. Emily Yates,91,61,48,96,60,77,56,55,41,Writer
Aaron George,60,89,43,75,49,47,94,49,71,Financial Analyst
Amanda Floyd,48,95,73,40,90,72,100,79,90,Manager
Victoria Carroll,65,40,94,64,82,46,50,51,96,Entrepreneur
Alyssa Griffin,73,79,61,59,53,97,82,75,85,Teacher
Michelle Young,58,49,44,77,94,59,83,97,67,Manager
Kelli Yates,95,55,61,55,99,56,55,42,50,Entrepreneur
Vincent Daniels,51,85,91,50,51,58,97,87,93,Data Scientist
Susan Bowen,76,86,52,84,78,54,80,47,97,Human Resource Specialist
Stacy Higgins,93,64,86,82,77,100,81,67,98,Human Resource Specialist
Eric Lee,48,76,42,81,45,56,75,70,77,Financial Analyst
Anthony Flores,77,63,95,91,94,72,92,51,54,Writer
Megan Cannon,95,91,77,53,55,67,90,60,81,Financial Analyst
Matthew Clements,48,80,75,42,40,82,40,53,42,Financial Analyst
Gary Johnson,78,61,70,71,58,60,43,95,81,Financial Analyst
Bryan Crawford,74,66,82,93,59,88,56,95,99,Writer
Tiffany Gonzalez,71,88,67,91,46,91,62,46,96,Writer
Alexander Jenkins,62,90,88,66,58,55,44,50,72,Data Scientist
April Graham,65,86,57,54,69,82,89,57,79,Software Engineer
Elaine Wilson,96,91,77,100,95,99,84,77,54,Writer
Kurt Hall,84,87,50,56,89,92,61,100,50,Entrepreneur
Suzanne Palmer,97,59,54,63,43,82,53,71,62,Software Engineer
William Beard,58,100,43,59,54,72,79,62,76,Financial Analyst
Ian Combs,97,78,59,79,68,81,63,76,41,Financial Analyst
Lauren Avery,85,63,72,59,69,56,72,54,59,Marketing Executive
Mr. Jeffrey Watkins MD,100,41,44,57,96,48,87,69,49,Entrepreneur
Cynthia Campbell,73,44,47,56,60,95,43,98,94,Human Resource Specialist
Robert Patterson,55,70,40,63,86,92,52,41,83,Entrepreneur
Luke Peterson,51,50,87,100,54,74,65,60,91,Writer
Dennis Wagner,92,51,79,61,59,42,55,55,87,Human Resource Specialist
Bridget Baird,83,95,92,40,97,54,94,66,60,Data Scientist
Samantha Douglas,70,75,82,44,46,56,98,95,85,Manager
Larry Brock,58,73,79,87,54,92,45,96,72,Writer
Christy Martinez,53,95,57,55,72,61,52,100,60,Marketing Executive
Rachel Joyce,40,100,68,53,66,42,66,98,42,Marketing Executive
Dennis Cooper,52,87,85,83,48,78,89,40,91,Data Scientist
Mr. William Henson,98,72,62,63,90,68,94,90,50,Manager
Mary Byrd,99,62,44,62,64,47,78,70,73,Teacher
Joshua Walker,43,92,88,66,40,77,45,68,56,Data Scientist
Stephanie Graham,67,60,93,96,79,95,96,66,78,Writer
Julie Mcclain,48,48,81,71,69,40,95,65,63,Software Engineer
Vincent Mccall,93,52,82,94,80,73,73,44,55,Writer
Brandi Reynolds,53,40,66,64,94,49,70,89,93,Entrepreneur
Tanner Grant,83,96,42,62,78,98,68,62,63,Marketing Executive
Dr. Kristen Marquez PhD,43,46,78,66,50,79,93,57,48,Teacher
Michael Floyd,83,46,65,71,46,96,84,57,87,Human Resource Specialist
George Brooks,95,77,57,54,44,56,91,51,60,Marketing Executive
Michael Terrell,60,53,44,46,66,88,97,80,48,Manager
Philip Maldonado,63,78,90,95,62,70,72,40,41,Data Scientist
Eric Johnson,44,82,56,97,83,73,65,82,72,Writer
Jessica Powell,83,50,57,44,74,77,54,54,44,Software Engineer
Taylor Cook,44,41,57,59,87,73,96,61,81,Entrepreneur
Kelsey Davis,51,56,94,69,90,97,61,98,40,Entrepreneur
Catherine Nunez,52,51,90,61,48,85,100,79,89,Manager
Joseph Meyer,84,84,100,94,56,52,95,55,60,Data Scientist
Paula Wells,72,66,44,76,60,80,90,90,44,Manager
Joan Berry,50,49,96,43,74,72,47,72,75,Teacher
Melissa Taylor,60,47,87,98,56,92,59,93,90,Writer
Zachary Davis,60,49,91,75,59,56,88,48,95,Human Resource Specialist
Lori Jones,69,81,87,75,41,98,53,81,73,Data Scientist
Roberto Brooks,76,47,48,77,50,64,94,94,46,Manager
Jon Green,89,75,40,64,52,66,74,48,47,Software Engineer
Kathleen Walker,96,81,75,68,54,47,72,82,87,Human Resource Specialist
Chad Wilson,99,46,56,61,77,98,47,77,60,Teacher
Jonathan Skinner,56,51,64,56,62,63,72,80,65,Financial Analyst
Victoria Scott,54,90,50,54,81,77,71,60,54,Entrepreneur
Bryce Hayes,93,74,43,94,63,58,62,69,74,Writer
Kayla Rangel,82,87,43,79,45,48,77,66,55,Financial Analyst
Christian Hicks,44,100,85,59,78,76,60,71,78,Data Scientist
Jeremy Mcbride MD,79,53,62,78,85,48,60,75,64,Entrepreneur
Christopher Flowers,83,85,91,78,88,81,51,94,53,Data Scientist
Sherry Stark,48,66,75,82,46,99,74,71,81,Financial Analyst
Molly Roberson,76,42,88,59,45,87,74,87,90,Human Resource Specialist
Lisa Brown,47,74,86,88,43,71,78,63,81,Writer
Gabriela Warner,52,84,64,98,58,93,41,62,61,Writer
Elizabeth Robertson,47,99,52,90,81,91,56,64,83,Writer
Elijah Valencia,66,88,94,66,64,82,75,93,92,Data Scientist
Mary Barrera,98,52,51,66,55,78,62,69,56,Software Engineer
Teresa Cooper,87,57,85,84,46,91,76,96,51,Marketing Executive
James Cole,57,85,58,46,63,79,56,46,84,Marketing Executive
Michael Shepherd MD,54,81,65,73,83,71,63,76,56,Entrepreneur
Judy Harris,58,98,89,85,69,72,63,51,57,Data Scientist
Denise Mills,87,83,42,45,69,77,93,72,57,Software Engineer
Nicholas Anderson,43,45,47,54,74,48,62,50,88,Human Resource Specialist
Christopher Parks,65,65,51,64,72,88,74,82,76,Software Engineer
Jasmine Morris,54,54,55,92,70,76,48,69,88,Writer
Kayla Robertson,63,59,92,86,77,95,71,82,100,Writer
Jennifer Mcdowell,80,40,58,53,73,53,85,46,65,Marketing Executive
Carly Ramirez,94,61,91,87,67,73,65,64,55,Writer
Todd Cooper,47,71,49,66,72,95,82,59,64,Software Engineer
Jeremy Stephens,85,86,44,65,65,46,88,87,84,Manager
Regina Gibbs,71,86,90,82,48,69,56,60,63,Data Scientist
David Hopkins,88,52,81,87,67,86,56,83,40,Writer
Brenda Dominguez,74,98,80,59,50,74,55,83,98,Human Resource Specialist
Mrs. Kathryn Rivera DDS,98,91,94,60,56,79,63,69,80,Data Scientist
Roy Young,97,45,77,55,98,43,75,61,85,Entrepreneur
Ryan Smith,82,60,52,73,81,99,82,51,58,Entrepreneur
Ashley Barnett,88,100,71,43,58,55,75,75,58,Financial Analyst
Luke Wallace,61,98,47,93,49,49,42,79,98,Writer
Marilyn Patton,97,86,66,60,65,70,56,44,55,Financial Analyst
Natasha Proctor,74,76,78,63,44,42,89,45,91,Human Resource Specialist
Alexis Garcia,99,88,71,91,85,63,41,92,74,Writer
Justin Henson,68,45,81,83,52,52,60,61,89,Human Resource Specialist
Martin Dennis Jr.,99,58,90,45,61,91,43,57,89,Human Resource Specialist
Sarah Goodwin,43,50,98,63,95,86,54,86,47,Entrepreneur
Heather Davenport,89,79,74,72,55,42,49,80,78,Marketing Executive
Jody Garza,92,79,92,47,100,51,83,79,94,Data Scientist
Ronald Ford,88,58,60,62,75,94,62,57,55,Software Engineer
Devon Aguirre,44,78,47,54,47,51,61,66,92,Human Resource Specialist
Randy Griffin,63,57,89,91,96,44,80,47,70,Writer
Jacqueline Lane,87,47,45,94,82,57,77,53,57,Writer
Nicholas Rice,67,57,53,71,73,74,82,98,40,Manager
Victor Taylor,94,47,70,94,85,40,80,96,86,Writer
Kimberly Keller,92,84,55,87,94,58,75,55,90,Writer
Diana Richards,88,47,68,91,59,79,93,76,69,Writer
Kylie Miller,40,61,97,60,86,95,56,67,43,Entrepreneur
James Torres,100,41,85,96,61,52,48,59,66,Writer
Jason Hunter,70,81,88,90,47,72,99,81,52,Data Scientist
Mark Ward,70,55,47,58,60,85,81,73,43,Marketing Executive
Denise Garcia,86,45,91,43,92,83,60,56,78,Entrepreneur
Paul Walker,74,61,66,47,48,44,73,64,82,Software Engineer
John Ware,86,45,79,100,67,88,53,69,66,Writer
Gloria Moreno,92,48,64,100,74,87,50,84,62,Writer
Jeremy Horne,96,45,86,61,48,92,100,99,66,Manager
Wendy Taylor,95,73,90,44,92,79,86,51,99,Entrepreneur
Rhonda Mccall,91,84,62,73,62,50,59,75,63,Software Engineer
Daniel Blevins,88,77,70,63,70,97,92,77,58,Manager
Micheal Gordon,92,51,92,96,65,47,74,92,96,Writer
Jonathan Hanson,59,67,90,75,53,61,44,51,96,Human Resource Specialist
Jennifer Burke,72,54,88,51,62,91,92,44,64,Marketing Executive
Kimberly Perez,78,40,46,50,58,93,91,70,91,Human Resource Specialist
Courtney Blair DDS,89,43,76,90,80,54,59,42,86,Writer
Alicia Hunt,40,98,65,47,72,49,76,43,52,Teacher
Jason White,81,43,97,98,49,44,68,54,100,Writer
Jacob Chambers,54,61,44,67,85,75,84,89,52,Manager
Kristen Graham,81,90,84,42,56,41,66,97,87,Data Scientist
Stephen Allen,95,46,78,51,49,79,54,52,88,Human Resource Specialist
Joel Garcia,89,59,82,45,54,43,83,61,41,Software Engineer
Jennifer Torres,61,48,53,62,41,63,96,57,88,Human Resource Specialist
Jason Green,40,73,82,63,59,54,64,54,96,Human Resource Specialist
Jason Reilly,63,65,40,78,90,90,79,98,67,Entrepreneur
Katie Reyes,61,65,69,71,91,91,53,55,86,Entrepreneur
Taylor Trujillo DVM,68,82,80,71,62,66,95,86,60,Manager
Heidi Myers,52,83,53,75,83,41,91,89,44,Manager
Jeffrey Fields,94,94,65,98,68,94,59,48,85,Writer
Matthew Galvan,52,90,95,48,61,57,99,44,41,Data Scientist
Heather Hatfield,96,54,86,83,76,94,66,83,71,Financial Analyst
Katherine Bell,60,83,80,87,79,96,53,44,40,Writer
Tyrone Robertson,40,72,96,76,52,48,45,60,53,Teacher
Julie Carlson,95,58,72,83,55,72,94,65,92,Human Resource Specialist
Eric Castaneda,58,95,82,95,90,52,85,86,83,Data Scientist
Brandon Morrison,46,74,53,89,63,51,80,77,90,Writer
Brian Wright,71,99,64,95,45,98,40,90,94,Writer
Danielle Burke,76,93,44,96,63,78,63,40,87,Writer
Christine Olson,93,76,40,78,65,69,55,75,77,Marketing Executive
Sandy Barr,59,81,73,91,69,88,83,48,84,Writer
Christopher Greene,44,83,53,82,49,49,47,65,51,Software Engineer
Shaun Bailey,84,74,95,73,46,50,92,95,63,Manager
Mark Wright,73,68,58,86,49,49,97,96,98,Writer
Patrick Miller,65,60,76,57,64,64,90,70,85,Software Engineer
Samantha Powell,91,93,42,67,41,48,59,93,40,Teacher
Elizabeth Salazar,79,82,84,83,83,82,100,67,61,Data Scientist
Tanya Holloway,42,90,60,90,53,76,69,98,79,Writer
Brandon Schwartz,54,62,55,63,90,77,71,43,69,Entrepreneur
Michael Gibbs,90,85,97,86,52,88,75,66,93,Data Scientist
Cindy Robinson,54,98,85,56,51,49,88,41,75,Data Scientist
Jamie Yates,53,79,84,91,59,62,75,75,85,Data Scientist
Teresa Tucker,43,49,51,80,73,69,90,48,60,Marketing Executive
Jacob Jackson,63,66,93,75,57,82,66,41,97,Human Resource Specialist
Dawn Klein,85,91,86,66,55,70,68,41,72,Data Scientist
Rachel Saunders,68,48,99,60,94,95,67,75,59,Entrepreneur
Jordan Perez,40,49,84,50,45,63,77,80,47,Teacher
Traci Johnson,42,64,68,42,53,53,86,44,57,Teacher
David Little,82,55,50,59,92,43,75,63,84,Entrepreneur
Sandra Robbins,58,69,100,60,73,73,42,70,93,Human Resource Specialist
Terry Abbott,76,66,51,74,76,41,94,80,93,Manager
Heather Nguyen,50,53,58,53,88,57,96,82,56,Manager
Michael Rich,61,80,88,73,75,41,98,77,70,Data Scientist
Sabrina York DVM,42,82,85,41,76,45,56,91,91,Data Scientist
Rachel Hall,48,85,98,65,54,80,84,76,57,Data Scientist
Nicole Barton,67,45,77,48,40,44,58,79,67,Teacher
Steven Yang,50,97,87,66,58,86,47,50,96,Data Scientist
Brittany Larsen,61,70,49,72,44,46,56,62,69,Software Engineer
Lisa Peterson DDS,90,99,91,52,85,60,78,64,82,Data Scientist
Tiffany Taylor,76,66,75,43,59,63,47,67,53,Teacher
Stephanie Bryant,93,75,72,49,40,96,89,76,97,Manager
Charles Gray,74,59,58,43,54,50,87,80,89,Manager
Paul Gilbert,96,75,96,50,44,52,97,74,81,Financial Analyst
Cristian Richard,44,75,72,84,52,70,79,100,84,Marketing Executive
Ryan Sampson,97,48,56,63,52,58,98,83,87,Manager
Brandon Duncan,70,79,44,63,81,80,40,64,73,Entrepreneur
Julie Santos,96,47,94,85,82,50,61,98,43,Entrepreneur
Mark Oneal,79,70,97,43,95,97,79,40,64,Entrepreneur
Bradley Swanson,56,45,48,50,91,45,83,66,53,Entrepreneur
Tiffany Lozano,42,95,70,48,98,72,88,44,63,Entrepreneur
Stephanie Perez,52,63,50,52,69,43,40,66,70,Software Engineer
Cody Mcconnell,71,71,71,60,72,79,55,69,42,Teacher
Tyler Douglas,43,48,73,68,76,72,98,41,81,Teacher
Desiree Solis,43,93,80,55,95,68,85,67,63,Entrepreneur
James Schmidt DDS,67,72,44,58,74,57,99,79,93,Manager
Jason Harris,90,59,65,50,93,57,53,86,68,Entrepreneur
Jacqueline Burke,49,87,70,60,40,78,58,48,51,Software Engineer
Douglas Erickson,48,79,81,64,68,66,57,93,41,Data Scientist
Justin Lane,92,41,66,93,79,74,88,67,79,Writer
Brittany Andrews,60,70,74,67,51,97,68,67,89,Human Resource Specialist
Eric Wood,97,83,46,58,53,45,56,85,49,Marketing Executive
Michael Bradley,54,61,99,67,44,71,52,82,69,Financial Analyst
Joshua Sparks,44,53,89,70,92,94,55,81,49,Entrepreneur
Julia Matthews,71,63,82,62,88,85,59,62,75,Entrepreneur
Wayne Rhodes,72,45,65,55,74,74,48,43,64,Teacher
Brandi Wright,56,54,58,97,60,91,70,72,44,Writer
Betty Osborne,88,53,50,69,41,72,64,59,44,Teacher
Jaclyn Wilkerson,100,87,74,98,76,90,52,94,51,Writer
Mark Gilbert,92,56,59,85,70,85,45,70,63,Software Engineer
Ashley Navarro,59,75,93,67,49,97,44,70,54,Software Engineer
Christian Pearson,50,48,60,51,88,81,67,49,90,Entrepreneur
Daniel Klein,41,85,87,86,61,62,91,79,79,Data Scientist
Matthew French,77,85,56,89,71,79,80,94,92,Writer
Sabrina Nguyen,77,84,81,88,60,76,53,94,50,Data Scientist
Kevin Torres,63,94,77,66,94,49,79,66,45,Entrepreneur
Eric Graves,70,75,81,68,93,84,93,47,53,Entrepreneur
Gina Mayer,55,83,48,62,93,97,98,59,86,Entrepreneur
William Morris,84,91,46,78,41,63,100,96,67,Manager
Mark Martin,51,44,55,47,51,78,58,85,68,Marketing Executive
John Rice,98,81,80,78,48,57,61,67,100,Human Resource Specialist
Nicholas Gay,84,53,53,69,58,55,59,41,60,Financial Analyst
Marc Ellis,66,85,83,41,92,74,44,92,50,Data Scientist
Thomas Jones PhD,71,89,74,79,67,91,78,100,72,Financial Analyst
Michael Leonard,56,52,49,61,68,100,90,87,85,Manager
Daniel Rodriguez,89,62,53,49,53,42,68,49,61,Software Engineer
Kim Perry,51,80,92,66,84,84,85,67,74,Data Scientist
Jacob Webb,53,97,81,85,46,54,66,88,49,Data Scientist
Colin Delgado,99,98,58,98,82,75,53,68,82,Writer
Ernest Wilson,65,46,63,66,46,40,85,99,98,Manager
Donald Zamora,91,40,65,55,71,83,40,74,77,Teacher
Christy Graves,45,84,51,80,47,74,50,83,59,Financial Analyst
Hailey Martinez,81,76,74,70,99,58,58,69,81,Entrepreneur
Sue Webster,59,70,98,72,49,56,54,91,59,Financial Analyst
Ashley Peterson,98,99,48,97,89,93,52,78,77,Writer
Kimberly Freeman,46,78,56,60,100,65,53,54,41,Entrepreneur
Madison Montgomery,78,96,41,92,89,71,98,57,55,Writer
Tiffany Baker,49,96,85,71,52,80,49,40,43,Data Scientist
Ashley Freeman,81,59,58,64,45,82,71,46,92,Human Resource Specialist
Cameron Bean,43,51,40,68,100,80,85,89,74,Manager
Sean Woods,43,85,63,70,61,78,70,58,77,Teacher
Stacey Bell,44,42,100,62,99,50,47,67,55,Entrepreneur
Makayla Griffith,99,65,54,76,63,52,98,81,94,Manager
Mary Mathis PhD,100,89,82,87,78,73,78,84,75,Data Scientist
Jacqueline Byrd,56,61,73,77,82,53,64,100,65,Entrepreneur
Rebecca Ortega,80,82,79,77,57,40,90,60,91,Human Resource Specialist
Christopher Carrillo,62,90,94,99,91,58,53,79,49,Data Scientist
Bradley White,74,79,53,96,84,89,70,77,87,Writer
Danny Brooks,67,54,79,58,77,69,70,47,77,Teacher
Aaron Garcia,70,97,93,86,47,65,77,82,86,Data Scientist
Christine Scott,73,88,68,91,46,49,55,55,78,Writer
Ronald Garcia,92,75,58,61,74,79,45,70,82,Financial Analyst
Bailey Jones,77,76,52,75,71,60,49,99,46,Financial Analyst
Kara Anthony,58,57,60,95,99,67,71,60,87,Writer
William Freeman,84,71,94,56,58,63,54,41,64,Software Engineer
Melanie Wood,91,49,59,90,72,48,43,79,58,Writer
Christopher Ross,54,71,44,46,88,89,84,63,97,Entrepreneur
Dustin Hall,100,90,90,63,61,76,47,54,64,Data Scientist
Kirsten James,96,93,59,99,69,67,48,44,69,Writer
Teresa Jordan,82,98,80,63,56,69,88,48,98,Human Resource Specialist
Jenna Lucas,90,61,88,57,94,44,77,62,43,Entrepreneur
Richard Barker,90,87,88,63,76,61,52,45,62,Data Scientist
Robert Howard,48,77,78,44,93,91,79,46,64,Entrepreneur
James Daniels,88,44,60,61,80,95,70,72,85,Marketing Executive
Meghan Duncan,47,94,64,71,60,45,49,55,81,Financial Analyst
Robert Bowen,81,47,92,45,87,62,53,73,63,Entrepreneur
Jackie Ramirez,99,80,71,96,93,68,55,51,72,Writer
Patricia Ross,43,84,64,81,54,87,41,47,45,Financial Analyst
Lisa Yates,74,53,89,48,89,85,66,45,89,Entrepreneur
Kristen Thomas,96,41,92,40,40,79,88,97,51,Manager
Rachel Ochoa,64,83,90,66,86,47,63,81,56,Data Scientist
Barbara Travis,57,47,49,40,77,97,61,41,77,Financial Analyst
Jordan Smith,65,61,49,44,61,80,47,76,74,Software Engineer
Joseph Burgess,68,62,46,67,84,73,59,58,90,Entrepreneur
Kurt Watkins,74,55,87,55,97,83,48,95,55,Entrepreneur
Kelsey Hernandez,82,72,67,73,83,62,66,72,74,Entrepreneur
Heather Knight,61,62,41,88,100,56,45,88,48,Writer
William Kemp,95,82,52,71,45,98,92,85,95,Manager
Frederick West,62,93,64,100,79,70,100,70,64,Writer
Daryl Davis,57,61,86,51,100,46,42,73,75,Entrepreneur
Karen Johnson,76,94,47,45,78,82,83,78,97,Manager
Kelly Wong,50,53,70,57,95,49,83,76,43,Manager
Michael Lester MD,57,71,51,92,43,71,87,96,95,Writer
Melissa Obrien,96,96,92,100,78,81,47,83,86,Data Scientist
Jessica Bautista,91,70,67,74,42,50,63,46,65,Teacher
Jack Garcia,41,88,77,71,82,44,43,82,91,Entrepreneur
Craig Wilson,42,98,54,51,91,98,50,74,63,Entrepreneur
Alicia Pugh,57,66,99,59,87,73,54,85,42,Entrepreneur
Karen Cruz,90,94,47,58,51,100,48,45,97,Human Resource Specialist
Dr. Stephen Schmidt,61,86,97,49,57,56,77,64,68,Data Scientist
Emily Dixon,92,68,80,93,66,41,75,53,46,Writer
Thomas Boyle,72,76,53,75,77,88,58,67,79,Financial Analyst
Cheryl Rogers,64,62,73,59,60,84,53,89,54,Financial Analyst
Jeffery Rowe,75,40,70,63,70,52,60,51,99,Human Resource Specialist
Joseph Bridges,97,54,61,98,93,43,96,88,54,Writer
David Mcbride,76,63,76,72,46,83,53,55,80,Marketing Executive
Christopher Nelson,86,80,72,61,64,55,54,73,61,Marketing Executive
Thomas Graham,63,98,82,92,97,45,67,65,47,Data Scientist
Allen Friedman,47,77,41,78,82,82,65,61,56,Entrepreneur
Raymond Barnett,53,57,80,55,62,68,45,65,50,Financial Analyst
Steven Love,58,96,57,80,85,60,79,43,42,Entrepreneur
Amanda Gallagher,66,51,46,64,91,66,90,86,71,Manager
Cassidy Fowler,97,40,42,60,84,86,42,66,69,Entrepreneur
Douglas Jimenez,84,52,61,56,59,87,100,44,92,Human Resource Specialist
Mallory Mendoza,51,47,64,46,89,68,89,65,85,Entrepreneur
Jason Cooke,56,80,40,71,73,41,50,46,66,Software Engineer
Troy Smith,46,93,61,84,89,93,90,67,90,Entrepreneur
Lisa Sheppard,94,99,61,85,45,77,80,90,44,Marketing Executive
Kim Combs,96,67,44,90,80,90,92,73,92,Writer
James Little,58,73,72,76,57,42,90,68,53,Financial Analyst
Joseph Dodson,84,96,59,43,52,55,71,57,49,Marketing Executive
Julie Pearson,87,82,61,66,61,86,56,57,42,Marketing Executive
Justin Rodriguez,81,71,81,65,45,48,49,66,53,Software Engineer
Mallory Moore,97,88,49,46,98,97,94,55,69,Entrepreneur
Joanna Whitney,46,73,70,58,88,74,80,76,62,Entrepreneur
Christopher Wolf,51,92,48,44,54,63,47,70,96,Human Resource Specialist
Judy Sanchez,45,99,48,69,61,91,94,65,67,Financial Analyst
Gloria Goodwin,97,95,54,58,94,41,43,74,61,Entrepreneur
Christian West,48,78,41,95,44,62,90,52,59,Writer
Jonathan Webster,74,54,63,77,44,69,89,78,41,Manager
Jessica Anderson,60,73,53,95,92,97,90,68,83,Writer
Andrea Williams,90,78,78,89,91,51,83,46,57,Writer
Nicholas Gonzalez,88,46,81,93,74,65,68,43,59,Writer
Derek Fletcher,41,73,77,46,91,97,88,95,59,Manager
Ethan Williams,56,43,44,74,57,94,93,71,53,Marketing Executive
Carlos Scott,91,59,65,88,74,52,88,57,41,Writer
Sean Strong,66,49,74,63,49,66,46,40,92,Human Resource Specialist
Mrs. Lindsey Brooks,44,56,78,61,74,61,69,48,75,Marketing Executive
Michele Howard DDS,46,62,48,66,94,66,58,44,40,Entrepreneur
Craig Singleton,52,92,75,100,65,98,70,69,68,Writer
Mark Garcia DVM,49,59,55,70,58,50,97,59,50,Software Engineer
Thomas Jennings,48,80,77,80,86,65,92,62,95,Entrepreneur
Helen Reyes,79,65,94,60,82,94,94,76,70,Manager
Courtney Kim,76,63,48,98,66,56,57,83,72,Writer
Darryl Smith,70,50,85,74,51,91,71,65,71,Teacher
Jill Ellis,59,97,44,66,92,45,89,73,55,Entrepreneur
Kenneth Miller,70,58,64,56,90,42,96,90,43,Manager
Justin Wyatt,93,50,88,43,68,42,82,88,43,Manager
Stephanie Robinson,80,43,49,82,88,40,41,87,82,Entrepreneur
Anthony Thornton,66,78,61,89,75,70,42,63,82,Writer
Willie Le,47,60,65,45,48,80,91,51,87,Human Resource Specialist
Wendy Kelly,93,83,77,43,48,50,93,79,40,Manager
Brandi Harris,79,48,67,58,87,55,69,93,55,Entrepreneur
Kyle Robertson,95,42,65,54,89,94,85,82,89,Manager
Tony Long,90,91,97,58,53,72,95,58,91,Data Scientist
Tracy Hardy,53,75,58,70,96,62,91,88,93,Manager
Joshua Kim,80,43,50,61,59,88,52,92,88,Human Resource Specialist
Jacob Smith,90,76,92,96,62,96,80,45,69,Data Scientist
Mackenzie Morrow,47,63,93,73,65,76,42,66,45,Marketing Executive
Paul Mcclure,59,96,99,93,81,74,47,55,99,Data Scientist
Brian Mills,71,63,92,93,94,89,80,49,83,Writer
Devin Henry,67,65,48,54,47,79,82,96,51,Manager
Eric Hernandez,86,55,94,87,67,73,64,46,93,Writer
Christy Gonzales,70,69,72,97,74,73,44,54,52,Writer
Joshua Rojas,83,64,77,61,63,92,66,100,48,Teacher
Steven Williams,48,59,80,89,66,69,66,88,45,Writer
Kristen Ruiz,94,95,57,59,42,59,94,95,50,Manager
Lindsey Baker,72,85,94,86,93,57,44,51,88,Data Scientist
Randall Li,97,65,80,81,74,45,66,75,78,Software Engineer
Hayley Walker,91,61,84,77,87,60,68,61,58,Entrepreneur
Wendy Landry,58,59,73,61,73,70,44,87,84,Marketing Executive
Michael Chase,64,56,100,100,42,79,73,65,92,Writer
Marie Simon,91,45,93,60,100,46,61,42,77,Entrepreneur
Chris Villanueva,57,41,45,67,98,83,100,68,88,Entrepreneur
Tina Wilson,99,91,78,85,92,56,71,54,91,Entrepreneur
Lisa Fitzgerald,50,70,64,45,53,98,42,51,87,Human Resource Specialist
Victoria Hayden,57,90,94,86,79,88,78,75,48,Data Scientist
Victoria Horne,94,93,68,44,61,91,43,70,52,Financial Analyst
Douglas Coleman DDS,89,50,44,64,51,44,86,89,60,Manager
Derek Howard,97,85,41,94,73,85,84,89,62,Writer
Bethany Ware,94,90,66,88,69,74,88,85,55,Writer
Daniel Carrillo,59,43,90,76,83,83,74,41,68,Entrepreneur
Stacy Lyons,93,62,64,100,43,92,60,90,42,Writer
Clifford Martinez,53,57,72,43,50,69,77,75,97,Human Resource Specialist
Connie Wagner,54,83,92,41,52,49,64,55,78,Data Scientist
Michelle Stone,98,60,88,89,79,92,66,78,54,Writer
Christine Cordova,74,64,44,91,85,48,43,91,85,Writer
Jennifer Weaver,87,98,47,52,86,100,76,54,46,Entrepreneur
Heather Tran,89,53,58,52,81,46,45,85,50,Entrepreneur
Jason Stone,94,74,66,65,41,70,44,44,51,Software Engineer
Tiffany Sullivan,79,89,90,91,41,66,79,67,86,Data Scientist
Christopher Carpenter,54,93,92,72,61,94,43,48,56,Data Scientist
Allen Davis,43,74,57,69,69,44,77,100,79,Teacher
Matthew Fisher,44,90,64,74,81,96,45,64,67,Entrepreneur
Brian Kelly,82,47,98,92,75,75,59,97,83,Writer
Danny Deleon,66,75,73,53,92,58,95,52,60,Entrepreneur
Lori Anderson,52,75,77,66,57,89,74,96,56,Teacher
Gary Romero,83,55,74,100,87,84,49,61,49,Writer
Melinda Rios,98,63,86,67,50,78,66,63,81,Financial Analyst
Jasmine Hawkins,88,73,91,40,44,87,100,67,59,Financial Analyst
Kristopher Sanchez,98,53,42,80,50,88,74,52,41,Teacher
Vincent Fletcher,40,47,61,72,55,99,61,90,55,Marketing Executive
Shawn Simon,100,58,91,73,91,61,68,73,81,Entrepreneur
April Clarke MD,75,84,83,70,75,54,66,62,80,Data Scientist
Angela Jackson,81,55,65,75,82,80,64,59,59,Entrepreneur
Dominique Boyd,91,49,49,61,67,100,54,65,52,Teacher
Jeremy Shelton,81,52,62,100,66,58,46,54,80,Writer
Arthur Bright,95,69,98,94,42,82,84,76,43,Writer
Justin Madden,77,80,97,70,55,97,66,96,66,Data Scientist
Tonya Mercado,91,100,97,41,95,85,75,45,62,Data Scientist
Nancy Gonzalez,71,60,51,56,50,94,84,87,82,Manager
Jason Cabrera,48,100,75,40,74,76,46,76,52,Teacher
Aaron Rosario,90,45,60,59,60,75,99,50,95,Human Resource Specialist
Barbara Stewart,78,63,81,89,75,83,43,93,81,Writer
Amy Mayo,48,87,72,78,92,50,43,44,66,Entrepreneur
Chloe Ibarra,70,69,81,60,52,70,99,52,55,Software Engineer
Christopher Carlson,83,45,96,93,81,53,76,57,45,Writer
Kimberly Bradshaw,44,56,92,87,91,84,51,98,97,Writer
Tina Parker,78,89,66,73,96,92,75,47,71,Entrepreneur
Michael Sanders,74,83,70,70,65,55,96,74,81,Marketing Executive
Cynthia Peters,40,90,46,69,71,53,66,96,77,Financial Analyst
Susan Calhoun,95,96,48,82,77,78,89,78,51,Manager
Marcus Kirk,56,91,54,79,73,44,42,82,46,Software Engineer
Nicholas Holloway,47,46,71,41,46,77,85,44,45,Financial Analyst
Sean Clark,90,79,54,54,96,99,84,83,55,Manager
Shelly Anderson,75,75,59,43,71,66,99,75,93,Human Resource Specialist
Larry Hodges,72,41,77,99,99,44,78,75,66,Writer
Christina Orozco,87,98,62,93,84,43,42,95,72,Writer
Samuel Trujillo,90,83,58,68,69,41,80,69,92,Human Resource Specialist
Bruce Golden,85,90,79,88,64,51,40,47,55,Writer
David Baxter,100,96,73,72,63,88,73,53,75,Teacher
Vanessa Moore,64,89,92,59,51,70,61,97,79,Data Scientist
Andrew Buck,44,55,79,60,84,74,76,79,82,Entrepreneur
Tanner Gonzalez,95,88,55,98,85,66,83,66,40,Writer
Todd Smith,93,95,74,52,48,87,80,43,75,Marketing Executive
Craig Henry,51,72,68,40,51,40,59,95,48,Financial Analyst
Karen Schneider,82,43,77,58,52,85,75,70,62,Teacher
Amanda Parker,73,92,82,69,81,91,57,58,44,Data Scientist
Kathleen Chapman,50,78,62,47,87,40,96,45,100,Entrepreneur
Aaron Miller,60,64,40,96,64,71,42,76,63,Writer
Eric Roman,54,46,54,48,72,81,47,72,86,Human Resource Specialist
Ariel Peters,48,56,83,41,94,70,79,62,64,Entrepreneur
Tiffany Boyer,49,63,84,61,79,46,52,80,69,Software Engineer
Daniel Chen,80,72,96,84,86,82,49,90,55,Entrepreneur
Jeffery Bean,67,61,53,82,96,50,69,96,67,Entrepreneur
Justin Riley,80,87,52,65,73,87,56,78,67,Software Engineer
Ashley Richardson,48,82,71,80,67,68,62,78,64,Software Engineer
Kathleen Velez,82,51,44,68,87,42,71,72,67,Entrepreneur
Joshua Erickson,53,56,87,40,92,86,89,45,74,Entrepreneur
Wanda Ortiz,42,99,87,71,88,88,85,46,60,Data Scientist
Seth Bates,80,99,88,94,58,41,79,84,90,Data Scientist
Beverly Hernandez,44,45,68,85,45,82,57,98,76,Financial Analyst
Jennifer Simpson,73,95,96,44,71,60,100,57,42,Data Scientist
Rebecca Cordova,61,58,94,45,84,77,100,100,98,Manager
Angie Tapia,49,67,98,73,79,72,51,81,95,Human Resource Specialist
Sherry Holmes,43,99,86,47,65,61,55,73,82,Data Scientist
Christopher Garcia,58,99,43,48,58,99,55,62,91,Human Resource Specialist
April Hart,52,76,74,85,68,66,91,79,96,Manager
Derek Smith,52,52,78,41,97,94,73,89,75,Entrepreneur
David Morales,49,88,49,84,54,57,67,87,58,Marketing Executive
Dr. Micheal Sanchez Jr.,46,70,66,57,81,54,81,55,85,Entrepreneur
Jennifer Small,62,78,58,44,100,84,71,98,89,Entrepreneur
Roy Meyers,76,41,55,87,70,60,78,87,70,Writer
Amanda Poole,52,54,40,74,55,87,90,42,64,Teacher
Steve Mcknight,46,100,81,99,82,74,93,63,54,Data Scientist
Kenneth Duncan,79,58,89,74,100,84,67,55,94,Entrepreneur
Alexandra Calderon,52,77,72,46,70,40,75,98,92,Human Resource Specialist
Kimberly Arias,69,88,76,45,44,57,74,74,92,Human Resource Specialist
Donna Leon,88,74,93,52,52,40,78,52,86,Human Resource Specialist
Kara Hill,79,92,55,73,57,52,97,65,47,Software Engineer
Ashley Taylor,70,81,71,95,84,89,56,42,87,Writer
Justin Myers,75,57,53,90,90,72,86,79,93,Writer
Scott Romero,42,49,84,60,44,50,59,42,100,Human Resource Specialist
Melanie Wilkerson,96,92,78,97,47,56,90,77,45,Writer
Wesley Wright,43,82,66,61,90,74,56,74,99,Entrepreneur
Jamie Young,99,93,41,42,96,93,91,94,57,Manager
Dr. Carlos Gilbert,55,45,72,67,82,62,51,74,68,Entrepreneur
Angela Young,96,52,93,74,50,61,95,56,42,Marketing Executive
Frederick Estes,65,44,97,93,82,99,63,88,70,Writer
Taylor Cruz,100,69,45,57,87,94,46,67,56,Entrepreneur
Mrs. Stephanie Johnson,72,68,62,69,71,97,41,97,63,Financial Analyst
Lauren Benson,72,53,70,78,50,63,88,77,42,Manager
Thomas Montoya MD,88,62,96,80,78,89,85,68,84,Financial Analyst
Edwin Thompson,71,92,74,87,56,97,51,74,82,Writer
Alexandria Richardson,76,48,57,41,70,98,71,54,77,Software Engineer
Curtis Hahn,40,75,95,59,99,62,43,64,90,Entrepreneur
Dr. Shirley Johnson MD,78,45,95,60,97,43,42,79,83,Entrepreneur
Christopher Taylor,69,78,47,53,68,95,69,81,69,Marketing Executive
Samantha Rivera,69,95,85,57,48,80,54,76,86,Data Scientist
Joshua Giles,67,60,57,90,77,54,82,44,47,Writer
Crystal Nunez,76,80,95,100,87,88,44,91,46,Data Scientist
Jonathan Turner,81,51,41,98,89,50,41,51,76,Writer
Elizabeth Sparks,46,96,94,78,80,73,44,63,77,Data Scientist
Daniel Ruiz,66,76,72,76,95,87,66,94,93,Entrepreneur
Dennis Choi,75,67,86,78,87,43,70,74,74,Entrepreneur
John Hunter,86,59,68,59,69,95,59,56,49,Marketing Executive
Pamela Garcia,71,54,40,74,46,82,94,91,50,Manager
William Flores,42,74,47,85,43,49,59,89,62,Marketing Executive
Matthew Mcconnell,91,49,93,90,79,52,96,49,89,Writer
Amber Hicks,86,61,78,82,65,90,78,71,79,Financial Analyst
Kimberly Williams,98,77,75,47,41,68,82,40,75,Financial Analyst
Ms. Megan Lamb,55,93,73,68,45,72,76,57,90,Human Resource Specialist
Karen Vance,71,59,76,71,52,51,42,85,90,Human Resource Specialist
Scott Bauer,75,76,47,77,58,81,57,49,84,Software Engineer
David Benjamin,58,67,89,99,64,45,89,49,99,Writer
John Howard,93,84,91,47,85,46,69,100,51,Data Scientist
Sarah Rowe,77,73,81,67,52,60,100,47,54,Software Engineer
Pamela Patterson,63,65,43,63,92,47,70,89,49,Entrepreneur
Roger Crawford,98,95,70,85,75,86,71,95,98,Human Resource Specialist
Crystal Kelley,83,96,80,47,84,72,85,78,76,Manager
Virginia James,88,94,63,44,88,71,78,89,73,Entrepreneur
Jason Holland,88,49,72,82,73,57,82,93,49,Manager
Sheila Clark,80,76,46,70,42,47,95,71,63,Marketing Executive
Patricia Oneal,91,45,89,64,43,76,76,88,75,Financial Analyst
Jessica Williams,85,48,44,54,70,82,91,81,90,Manager
Ryan Burgess DDS,86,43,100,96,52,88,79,58,91,Writer
Frederick Ochoa,93,92,72,54,51,78,94,63,43,Software Engineer
Rachel Martin,85,59,92,69,84,83,41,45,71,Entrepreneur
Mike Williams,64,49,57,96,43,92,91,83,68,Writer
Samuel Hawkins,83,91,76,86,58,72,40,98,80,Writer
Riley Nelson,47,40,62,78,54,82,50,44,85,Marketing Executive
Krista Rojas,93,90,81,61,52,76,58,79,61,Data Scientist
Donald Lindsey,94,91,83,78,55,73,99,44,65,Data Scientist
Mary Vasquez,43,80,81,68,45,46,41,42,81,Data Scientist
Amanda Duarte,63,82,87,82,100,52,98,92,52,Data Scientist
Kristina Lopez,72,99,74,50,85,93,70,77,98,Entrepreneur
Bethany Jimenez,79,48,86,96,50,91,79,48,84,Writer
Kimberly Dixon,57,84,48,99,89,53,81,83,77,Writer
Jeffrey Hopkins,66,70,81,50,72,66,75,91,99,Human Resource Specialist
Valerie Robinson,40,81,88,82,89,89,65,47,71,Data Scientist
Jordan Zimmerman,65,43,41,73,76,60,79,82,47,Software Engineer
Amber Diaz,44,48,76,42,44,80,75,57,78,Financial Analyst
Erin Richardson,95,91,49,89,83,51,84,74,77,Writer
Tiffany Lewis,53,49,70,99,66,79,59,75,97,Writer
David Powers,59,89,55,47,79,61,57,95,48,Teacher
Heather Maldonado,100,40,77,57,43,73,42,74,85,Teacher
Brandon Smith,60,65,79,84,65,84,67,41,54,Teacher
Alyssa Rodriguez,94,98,94,47,70,76,54,67,54,Data Scientist
Joel Butler,74,53,96,56,58,58,93,80,81,Manager
Corey Murphy,70,91,71,91,66,68,57,90,95,Writer
Natasha Henderson,40,49,58,46,61,59,60,95,78,Teacher
Brian Cross,66,97,46,82,54,40,88,52,89,Human Resource Specialist
Jose Graham,82,79,91,69,47,78,68,56,56,Data Scientist
Kimberly Kent,72,41,42,94,44,58,81,84,60,Writer
Grant Young,84,48,56,45,49,45,70,91,48,Teacher
Pamela Pace,67,95,51,71,90,90,46,97,83,Entrepreneur
Andrew Gomez,66,56,78,52,96,43,69,91,50,Entrepreneur
John Ramos,72,55,84,68,60,43,59,70,78,Financial Analyst
Mercedes Shannon,79,70,43,56,86,73,75,83,67,Entrepreneur
Alicia Ryan,79,52,80,89,83,61,43,87,100,Writer
Tony Parker,50,72,89,99,67,44,50,44,86,Writer
Russell Mcdaniel,72,60,49,43,84,99,90,48,73,Entrepreneur
Mary Flores,72,52,52,72,85,68,66,79,55,Entrepreneur
April Ross,45,85,63,79,50,43,64,96,42,Marketing Executive
Alexander Lewis,67,78,94,69,93,74,73,48,44,Data Scientist
Nicole Jordan,45,92,92,44,55,64,100,66,48,Data Scientist
Brianna Montgomery,83,51,92,100,84,81,40,83,68,Writer
Allen Bennett,61,84,57,52,92,71,52,87,78,Entrepreneur
Matthew Carlson,65,97,89,55,49,84,94,43,93,Data Scientist
Andrew Perez,73,77,56,85,51,40,86,81,57,Manager
Gregory Nguyen,88,91,96,96,61,66,70,59,85,Data Scientist
Christopher Stevenson,46,74,81,71,61,81,68,86,59,Marketing Executive
Nathaniel Bell,70,82,58,54,67,74,78,92,99,Human Resource Specialist
John Acosta,61,60,92,97,50,46,53,67,47,Writer
Emily Steele,49,95,56,63,66,49,97,85,61,Manager
Shane Mcdonald,81,91,56,70,42,43,43,70,54,Teacher
Angela Bowers,41,87,56,41,69,65,49,60,50,Marketing Executive
Craig Hendrix,98,88,73,56,96,85,80,56,98,Entrepreneur
Charlene Olson,91,49,76,88,55,51,43,61,64,Writer
David Reyes,77,68,51,98,67,55,76,61,54,Writer
Michelle Rivera,68,64,60,48,71,40,46,58,74,Teacher
Laura Porter DDS,97,58,58,53,58,71,98,86,63,Manager
Arthur Ramirez,86,83,96,52,96,84,71,85,84,Data Scientist
Jennifer Newton,65,60,40,40,96,64,53,97,70,Entrepreneur
Christine Brady,73,90,86,91,58,92,59,41,81,Data Scientist
Michelle Herman,69,60,72,63,91,48,100,56,44,Entrepreneur
Tiffany Wade,68,51,90,82,44,46,58,85,62,Teacher
Sandra Daniel,49,41,59,71,54,97,45,48,72,Teacher
John Flores DVM,43,70,52,45,68,69,49,91,46,Software Engineer
Madeline Lynn,88,99,56,44,84,71,63,90,63,Entrepreneur
Jason Potter,90,81,94,81,49,93,76,68,62,Data Scientist
Frances Allen,82,90,89,98,65,62,92,75,96,Data Scientist
Jacob Campbell,82,92,68,94,59,46,69,73,96,Writer
Matthew Donaldson,81,91,40,70,82,97,99,59,68,Entrepreneur
Christopher Ellis,72,85,52,77,81,93,65,90,49,Entrepreneur
Dr. David Marquez,90,85,66,62,77,93,88,96,79,Manager
Jeremy Brown,78,50,40,65,71,63,100,85,61,Manager
Brooke Marshall,97,46,62,68,90,97,87,89,75,Manager
Jamie Rogers,55,83,78,78,90,60,65,95,87,Entrepreneur
Jimmy Williams,87,69,72,51,51,45,88,53,43,Financial Analyst
Christie Wallace,99,82,90,44,62,52,56,47,89,Data Scientist
Donna Landry,85,74,60,73,58,68,66,78,50,Teacher
Danielle Murray,43,84,60,43,77,74,49,65,51,Marketing Executive
Ethan Gutierrez,56,69,56,62,43,83,41,67,83,Financial Analyst
Adam Murphy,84,69,63,63,47,67,65,70,92,Human Resource Specialist
Gail Martin,98,83,66,70,85,51,70,84,49,Entrepreneur
Miranda Nelson,93,48,75,83,75,40,77,66,96,Human Resource Specialist
Amanda Williams,98,63,53,85,45,50,85,65,75,Marketing Executive
Holly Quinn,96,58,66,83,62,44,41,71,61,Software Engineer
Kathryn Brown,94,55,88,74,56,55,72,94,42,Teacher
Jonathan Wright,48,65,42,98,49,83,95,71,42,Writer
Nancy Lynn,100,58,69,98,77,99,100,84,93,Writer
Cathy Torres,59,80,48,94,84,80,45,43,43,Writer
Victor Santos,68,55,51,97,65,86,49,92,85,Writer
Kristy Brown,48,70,74,64,49,49,86,85,99,Manager
Rebecca Hernandez,68,44,40,49,60,59,84,42,55,Financial Analyst
Ashley Weiss,58,79,90,75,89,84,74,51,91,Data Scientist
Courtney Salazar,46,88,51,84,46,100,76,65,42,Marketing Executive
Caleb Anderson,58,94,76,47,50,70,76,79,89,Human Resource Specialist
Matthew Graves,98,84,97,44,41,89,53,51,77,Data Scientist
Thomas Joseph,76,88,62,74,86,99,85,51,87,Entrepreneur
Craig Mathis,82,48,86,45,63,75,63,99,40,Marketing Executive
Dominique White,54,45,76,73,64,89,82,53,84,Teacher
Jessica Cervantes,58,96,71,65,66,100,66,89,83,Financial Analyst
Michael Jackson DDS,80,59,59,45,48,98,81,89,67,Manager
Ronald Navarro,56,57,73,73,99,65,78,56,94,Entrepreneur
Amanda Melton,57,53,62,50,80,93,97,82,91,Manager
Lawrence Davis,92,92,50,43,100,76,59,57,76,Entrepreneur
Brian Poole,56,88,67,91,49,68,57,45,62,Writer
Ronald Haley,61,94,85,89,91,86,64,74,84,Data Scientist
Ryan Allen,58,49,82,51,44,77,87,94,74,Manager
Eric Raymond,70,97,45,71,86,98,65,83,66,Entrepreneur
Gregory Warren,87,70,53,94,44,46,51,88,51,Writer
Amanda Hooper,45,78,97,92,71,94,72,79,87,Data Scientist
Marie Wright,71,98,70,55,87,85,46,56,77,Entrepreneur
Alison Sanders,74,59,80,64,46,92,47,79,98,Human Resource Specialist
Jesse Wilson,98,61,42,99,87,53,40,52,64,Writer
Manuel Carlson,76,83,100,97,77,100,64,56,57,Data Scientist
Brianna Miranda,84,93,86,100,48,74,81,93,69,Data Scientist
Richard Morris,42,48,96,66,64,87,40,76,44,Software Engineer
Ryan King,56,84,73,76,50,88,49,59,74,Software Engineer
Brandon Stephenson,77,64,46,98,67,75,60,76,79,Writer
Anthony Martinez,64,74,42,46,63,66,42,48,79,Teacher
Sydney Cole,46,40,40,71,71,71,53,98,56,Marketing Executive
Jesse Turner,66,99,42,100,57,89,71,48,80,Writer
Allen Villegas,86,87,48,90,99,57,70,65,41,Writer
Stephanie Leblanc,70,90,100,74,47,53,88,63,78,Data Scientist
Suzanne Ho,78,76,43,61,49,74,76,75,82,Software Engineer
Leslie Mason,67,94,49,53,53,52,75,57,48,Financial Analyst
Gary Ray,72,79,86,60,46,50,76,79,100,Data Scientist
Glenda Lane,87,97,63,99,99,76,81,76,95,Writer
Kimberly Clark,73,44,46,43,80,79,83,72,79,Software Engineer
Brian Gordon,89,92,42,47,57,82,49,58,71,Software Engineer
Howard Wolf,68,93,40,95,87,73,57,41,70,Writer
Ronald Simpson,97,61,87,56,43,47,58,44,87,Human Resource Specialist
Roberto Brown,86,57,73,57,76,58,96,44,73,Marketing Executive
Gene Sanchez,58,73,60,95,82,59,86,71,58,Writer
Matthew Miller,73,82,53,93,89,86,91,59,49,Writer
Theresa Murphy,47,86,75,56,90,96,55,69,81,Entrepreneur
Bradley Black,51,46,54,53,65,83,94,71,47,Software Engineer
Kyle Russell,71,100,69,66,66,76,85,64,90,Human Resource Specialist
Vanessa Wallace,60,53,63,65,85,64,48,97,59,Entrepreneur
Theresa Watson,73,69,50,52,90,50,98,87,66,Manager
Dean Webb,79,42,70,42,90,84,52,87,54,Entrepreneur
Jennifer Cruz,92,59,84,56,96,46,76,56,55,Entrepreneur
Vincent Diaz,74,61,72,91,60,74,81,43,48,Writer
Sarah Armstrong,76,43,81,71,58,81,66,88,97,Human Resource Specialist
Melanie Nunez,43,88,81,74,41,91,49,88,61,Data Scientist
Angela Thompson,57,82,88,78,42,83,81,47,52,Data Scientist
Misty Lester,52,82,41,43,72,79,53,51,82,Marketing Executive
Kelly Martin,69,83,56,41,78,76,87,71,57,Financial Analyst
Glenn Anderson,66,74,77,81,86,48,96,97,40,Manager
Tanya Hampton,82,85,89,67,49,45,85,84,74,Data Scientist
Jesus Juarez,69,64,86,61,82,88,97,87,47,Manager
Deborah Vaughn,74,58,47,55,64,71,85,86,54,Manager
Melissa Perez,49,58,48,94,56,70,87,91,57,Writer
Wendy Rogers,76,53,95,92,51,85,66,43,97,Writer
Maria Harvey,69,50,44,61,74,61,82,49,47,Financial Analyst
Misty Robertson,55,100,94,84,56,64,84,80,56,Data Scientist
Erica Raymond,62,64,79,83,43,66,59,71,45,Marketing Executive
Nathan Thomas,89,100,54,54,100,66,92,44,95,Entrepreneur
Thomas Perez,76,70,92,59,97,76,85,66,57,Entrepreneur
Sandra Johnson MD,41,62,64,92,83,87,56,60,63,Writer
Walter Ford,42,50,66,73,62,81,87,98,69,Manager
Rebecca Mcfarland,64,54,90,57,92,45,86,66,58,Entrepreneur
Patricia Yang,56,50,86,92,63,76,53,64,71,Writer
Julia Harvey,92,98,58,64,96,87,41,45,96,Entrepreneur
David Austin,40,84,51,74,57,80,100,72,65,Teacher
Renee Torres,55,40,51,60,60,59,97,86,57,Manager
Megan Barry,52,41,52,97,60,48,89,50,100,Writer
Marisa Estrada,40,74,71,58,84,42,57,72,97,Entrepreneur
Diane Leon,56,94,59,54,67,65,63,44,64,Financial Analyst
James Thompson,92,84,53,64,78,41,88,77,52,Manager
Dr. Tracey King,86,70,67,41,70,53,96,95,91,Manager
Amy Baker,50,96,52,72,99,71,92,80,56,Manager
Jacob Collins,66,76,86,89,49,90,40,73,60,Data Scientist
Michelle Mays,69,99,49,76,59,57,54,100,95,Human Resource Specialist
Chelsea Compton,59,42,96,64,92,76,64,61,72,Entrepreneur
Alexis Mcneil,75,62,83,85,82,95,47,57,53,Entrepreneur
Whitney Jones,90,52,64,46,83,84,61,69,80,Entrepreneur
Jeffery Patel,64,90,85,98,75,63,42,84,85,Data Scientist
Kelsey Lyons,91,83,63,85,99,61,51,65,86,Entrepreneur
Donald Le,49,100,90,51,98,65,77,70,49,Data Scientist
Scott Thompson,59,80,93,42,97,97,46,80,51,Data Scientist
Jacqueline Cooper,81,93,41,67,74,51,93,54,43,Financial Analyst
Katie Li,74,47,84,42,89,63,47,75,43,Entrepreneur
James Collier,58,50,45,72,69,92,86,45,79,Teacher
Michael Cunningham,57,40,59,58,58,78,98,55,70,Financial Analyst
Traci Palmer,74,96,98,64,60,76,54,63,68,Data Scientist
Melanie Ross,66,92,67,87,94,58,49,42,76,Writer
Kathy Kennedy,44,55,51,60,75,97,48,70,56,Teacher
Christine Lambert,57,82,73,86,46,57,89,81,55,Writer
Angela Rice,48,70,91,61,91,98,61,76,89,Entrepreneur
Wendy Silva,94,67,42,87,99,41,67,57,86,Writer
Hannah Wells,94,47,44,94,63,100,77,62,40,Writer
Anne Stephens,99,90,41,44,91,98,55,62,40,Entrepreneur
Andrew Miller,65,91,74,58,65,41,55,43,88,Human Resource Specialist
Wayne Rose,98,60,91,72,53,100,48,48,96,Human Resource Specialist
Amanda Boyer,47,61,59,44,57,81,50,47,61,Financial Analyst
Andrea Mcfarland,89,48,52,42,85,82,46,67,51,Entrepreneur
Mr. John Henry,73,59,82,57,41,42,52,97,67,Marketing Executive
Juan Combs,63,90,61,73,65,95,86,95,74,Manager
Suzanne Jackson,88,73,40,74,81,94,41,58,43,Entrepreneur
Isabella Miller,67,78,96,76,93,52,53,68,100,Data Scientist
Lauren Lewis,99,87,46,49,79,58,79,97,90,Human Resource Specialist
Candace Bautista,90,70,60,43,67,82,67,48,47,Teacher
Daniel Harper DVM,78,84,92,50,89,52,83,86,47,Data Scientist
Jorge Burns,89,70,68,62,99,92,91,84,66,Manager
Francisco Smith,75,72,60,59,69,72,100,68,96,Human Resource Specialist
Daniel Cannon,58,98,44,79,76,60,99,78,41,Manager
Gregory Clark,74,62,54,71,65,41,60,69,54,Financial Analyst
Steven Martinez,98,65,55,72,56,69,80,98,89,Human Resource Specialist
Joshua Jones,94,90,51,65,79,86,97,100,78,Manager
Michael Camacho,43,73,96,68,96,54,64,45,76,Entrepreneur
Juan Larsen,94,71,69,65,60,84,56,100,54,Teacher
Erin Erickson,43,54,96,92,61,80,44,77,96,Writer
Robert Hale,86,82,62,98,60,64,69,75,72,Writer
Michael Hughes,99,73,88,77,100,60,90,92,80,Manager
Jesse Roberts,74,67,54,41,55,85,50,96,58,Teacher
Cynthia Hernandez,55,60,62,65,78,76,41,52,62,Financial Analyst
Cheryl Medina,53,50,69,85,54,66,74,68,85,Financial Analyst
Carla Alvarez,69,42,63,80,83,64,76,55,66,Entrepreneur
Brian White,47,61,54,94,83,48,92,66,41,Writer
Jennifer Cisneros,66,65,42,94,90,83,56,80,44,Writer
Hector Bautista,65,68,94,68,55,62,65,72,53,Software Engineer
Lucas Murphy,64,47,61,92,47,78,43,59,93,Writer
Rhonda Davis,54,84,63,62,75,62,73,91,76,Teacher
Julie Farley,100,88,60,63,42,58,70,43,87,Human Resource Specialist
Steven Anderson,57,86,95,71,71,85,59,61,56,Data Scientist
Molly Butler,100,65,59,99,94,90,49,73,85,Writer
Michael Chan,44,60,44,58,66,62,54,77,58,Marketing Executive
Steven Mcintosh,55,67,45,95,59,95,60,91,56,Writer
Brandon Cohen,93,96,81,91,94,84,81,71,81,Data Scientist
Erin Walsh,76,46,87,56,47,56,99,78,41,Manager
Sara Young MD,78,40,94,69,67,82,94,92,73,Manager
Kimberly Aguirre,64,66,70,83,71,90,65,50,81,Software Engineer
Cynthia Stewart,66,96,78,91,61,65,96,47,64,Writer
Carrie Pennington,56,51,94,90,100,77,50,67,41,Writer
Joseph Brown,76,85,66,80,40,49,74,91,88,Human Resource Specialist
Darren Clements MD,55,65,75,93,62,86,55,97,53,Writer
Linda Bates,52,89,63,70,47,91,50,93,74,Marketing Executive
Aaron Willis,88,96,62,86,52,80,60,52,55,Writer
Walter Phillips,47,47,76,42,89,75,72,65,93,Entrepreneur
Eddie Brock,44,72,87,49,61,44,76,67,72,Marketing Executive
Dwayne Flores,70,73,55,64,52,74,59,95,62,Teacher
Brian Adams,61,82,91,92,79,66,61,51,42,Data Scientist
Amy Stafford,68,91,66,64,68,46,55,82,49,Teacher
James Matthews,78,58,64,78,67,60,92,41,56,Software Engineer
Juan Mitchell,100,67,48,87,91,91,86,65,83,Writer
Jessica Rush,69,84,97,79,61,100,89,68,57,Data Scientist
Tammy Blankenship,88,78,60,76,80,84,45,44,56,Software Engineer
Mrs. Angela Lucas,90,46,46,71,67,63,78,53,50,Marketing Executive
Brian Nelson,65,69,55,60,47,49,75,59,93,Human Resource Specialist
Andrew Young,68,69,99,55,63,68,47,69,99,Human Resource Specialist
Monica Shaw,73,65,70,94,53,53,50,63,53,Writer
Adam Myers,98,85,92,99,92,65,99,76,51,Data Scientist
Cory West,93,77,78,89,95,56,85,54,41,Writer
Brandy Molina,67,74,50,66,94,48,48,79,79,Entrepreneur
Theresa Thomas,50,44,60,98,99,41,61,73,81,Writer
Karen Thomas,96,68,88,67,79,64,45,94,55,Teacher
David Mcguire,63,45,69,71,57,45,68,63,53,Teacher
Denise Smith,49,44,85,50,50,48,65,62,70,Marketing Executive
Todd Yang,76,56,40,55,74,65,72,56,96,Human Resource Specialist
Stephanie Levy,55,52,88,100,88,94,49,61,67,Writer
Valerie Alvarez,88,100,69,82,69,76,89,43,54,Financial Analyst
Robert Garrison,97,100,58,90,55,71,65,69,92,Writer
Andrea Clark,88,42,51,92,99,59,50,85,95,Writer
Kathleen Douglas,83,89,59,48,71,67,50,96,68,Financial Analyst
Matthew Singleton,45,64,44,63,72,63,77,71,79,Marketing Executive
Kristin Ferguson,97,91,82,65,52,51,64,56,85,Data Scientist
Michelle Serrano,68,76,52,90,64,74,68,60,96,Writer
Jacob White,98,69,80,43,97,59,85,98,66,Manager
Dr. Jeffrey Martinez,90,70,85,98,64,98,88,93,40,Writer
Dr. Samantha Young,67,100,59,89,72,60,69,41,51,Writer
Jennifer Roy,76,61,41,42,47,66,66,65,96,Human Resource Specialist
Sarah Carroll,61,94,75,72,70,97,42,93,74,Software Engineer
Sean Wade,76,40,74,83,84,65,66,99,100,Entrepreneur
Justin Lutz,40,41,81,50,68,95,99,91,95,Manager
George Wall,70,42,73,65,52,65,92,67,64,Marketing Executive
Christina Bright,96,73,42,65,88,58,78,65,48,Entrepreneur
Angela Jefferson,51,52,91,41,41,45,56,82,41,Software Engineer
Stephanie Garrison,85,73,73,56,47,86,88,42,73,Teacher
Darlene Edwards,71,55,77,43,72,96,84,55,66,Teacher
Lori Hughes,98,96,72,45,67,63,62,53,60,Financial Analyst
Katherine Gill,56,95,79,61,86,56,89,69,55,Entrepreneur
Christina Ramirez,94,66,84,83,42,58,72,50,75,Marketing Executive
Kathleen Saunders,72,94,66,64,71,99,96,79,47,Manager
Kristin Smith,78,76,82,57,93,71,63,89,69,Data Scientist
David Bailey,43,97,46,86,56,81,79,52,56,Writer
Teresa Freeman,83,96,46,54,85,44,99,65,42,Entrepreneur
Tracey Taylor,61,46,40,64,42,89,70,99,75,Software Engineer
Stephen Nicholson,69,75,99,85,49,98,99,65,45,Software Engineer
Debra White,61,72,66,48,66,100,74,45,78,Teacher
Shannon Miller,81,45,79,82,54,93,88,90,89,Manager
Dr. Samantha Wang,52,66,51,82,46,88,99,68,94,Human Resource Specialist
Kenneth Morton,75,44,47,45,76,47,58,86,89,Human Resource Specialist
Dawn Tran,60,64,69,100,67,56,58,54,55,Writer
Robert Peterson,75,84,100,44,82,99,90,43,98,Data Scientist
Cynthia Sanchez,77,50,97,50,71,97,87,61,92,Human Resource Specialist
Lori Stone,55,81,62,92,64,54,50,78,83,Writer
Luis Willis,91,61,55,84,67,43,40,88,64,Marketing Executive
Stacy Hernandez,65,100,67,74,95,51,94,100,79,Manager
Shannon Evans,53,42,83,53,96,44,95,52,41,Entrepreneur
Mathew Martin,54,70,73,51,82,85,42,66,92,Entrepreneur
Karen Douglas,55,83,42,67,54,58,53,46,42,Software Engineer
Ross Miller,90,69,47,100,85,84,77,43,45,Writer
Rachel Hernandez,97,41,80,92,76,68,84,62,87,Writer
Samuel Ramsey,50,46,40,99,47,58,94,73,64,Writer
Lisa Bryan,65,83,74,46,40,76,54,46,72,Teacher
Kelly Bowman,62,77,85,63,98,93,98,42,40,Data Scientist
Teresa Ferrell,72,67,40,96,95,53,57,42,65,Writer
Rhonda Perez,65,70,97,83,78,93,87,53,86,Human Resource Specialist
Mrs. Kristine Brown MD,77,71,58,59,93,70,64,94,56,Entrepreneur
Joseph Harrison,98,96,99,91,86,68,87,92,77,Data Scientist
Casey Kim,93,90,91,65,97,98,64,98,80,Data Scientist
Mr. James Jones,44,63,90,41,80,54,100,54,62,Marketing Executive
Hannah Macias,61,76,74,41,97,95,49,89,42,Entrepreneur
Angie Esparza,57,49,41,49,84,64,55,45,61,Entrepreneur
Kyle Hutchinson,82,69,76,94,55,93,85,40,44,Writer
Briana Shea,51,87,57,100,50,94,51,67,95,Writer
Jennifer Martin,99,72,69,44,91,81,97,78,67,Manager
Matthew Rosales,80,70,48,43,72,44,82,94,49,Manager
Tammy Hanna,97,40,100,67,88,79,62,99,78,Entrepreneur
Jonathan Coleman,71,68,60,45,48,43,75,97,74,Marketing Executive
Hector Mcgrath,42,98,53,86,44,55,76,80,53,Writer
Michael Reynolds,40,66,49,92,57,95,68,64,93,Writer
John Clark DDS,46,78,76,69,42,74,68,45,87,Human Resource Specialist
Douglas Carroll,45,50,43,56,91,89,43,82,80,Entrepreneur
Brett Adams,87,44,96,50,51,40,59,82,95,Human Resource Specialist
Veronica Pham,92,52,49,69,63,92,46,73,92,Human Resource Specialist
Sherri Carter MD,81,45,40,50,98,74,68,53,90,Entrepreneur
Nathaniel Wallace,57,87,42,48,66,53,92,50,100,Human Resource Specialist
Joe Estrada,63,48,47,46,91,42,56,65,54,Entrepreneur
Anthony Cross,99,100,91,53,98,76,94,51,91,Data Scientist
Stephanie Ellis,92,47,90,69,61,98,77,65,81,Financial Analyst
Margaret Johnson,60,71,42,64,41,83,90,54,63,Teacher
Timothy Tran,87,81,60,75,60,65,68,85,91,Human Resource Specialist
Rachael Murphy DVM,58,48,77,95,85,57,59,75,71,Writer
Kelly Henderson,90,67,72,84,66,91,43,64,73,Software Engineer
Lisa Pena,48,90,44,95,97,80,85,66,65,Writer
Erika Kennedy,41,40,75,50,49,83,77,76,68,Teacher
Erica Davis,92,95,78,76,86,47,94,99,89,Manager
Thomas Walker,81,47,66,51,99,57,54,65,84,Entrepreneur
Renee Taylor,80,79,47,99,40,78,65,65,89,Writer
Alan Sanders,80,48,68,74,54,48,47,42,53,Financial Analyst
Carol Knapp,69,40,84,98,75,90,75,67,53,Writer
Michael Green,72,91,49,70,65,81,58,98,43,Teacher
Jasmine Meyers,91,61,85,59,82,59,97,47,45,Entrepreneur
Kerri Ford MD,95,56,55,45,87,40,54,95,83,Entrepreneur
Daniel Hahn,81,80,87,46,74,97,73,50,88,Data Scientist
Audrey Carpenter,100,75,41,49,99,96,49,43,90,Entrepreneur
Mary Campos,66,65,59,82,59,67,91,69,46,Software Engineer
Jesse Benitez,95,60,59,84,55,76,65,74,61,Financial Analyst
Christopher Robles,66,72,83,43,100,99,50,98,86,Entrepreneur
Jordan Todd,61,100,93,67,75,91,99,85,94,Data Scientist
Courtney Miller DDS,71,79,97,94,67,50,48,56,47,Data Scientist
Brandon Patrick,87,69,75,73,55,90,82,64,74,Marketing Executive
Alexander Lopez,76,77,97,87,53,91,82,88,98,Data Scientist
Brian Cantrell,47,82,91,65,76,96,52,82,89,Data Scientist
Lori Morales,54,81,61,90,85,82,88,63,89,Writer
Kevin Hensley,92,90,75,45,98,77,94,95,62,Manager
Joan Valenzuela,51,82,74,45,50,53,83,71,82,Teacher
David Jones,96,62,69,100,59,41,49,40,61,Writer
Brenda Rivera,45,86,41,50,40,48,80,47,81,Marketing Executive
Justin Olson,87,50,77,40,44,97,60,65,72,Financial Analyst
Kelly Santana,69,59,69,75,50,86,81,57,53,Software Engineer
Rebecca Howard,91,97,41,86,66,67,88,42,47,Writer
Timothy Torres,94,48,82,65,71,91,48,90,87,Human Resource Specialist
Amber Barry,67,72,41,45,76,89,70,87,47,Financial Analyst
Connie Martinez,47,43,87,87,91,56,54,96,90,Writer
Jennifer Herring,41,95,57,45,76,66,85,41,95,Human Resource Specialist
Susan Jones,85,71,64,68,89,98,64,52,74,Entrepreneur
Thomas Torres,86,47,92,68,65,40,59,89,95,Human Resource Specialist
Ashley Anderson,71,66,54,81,49,72,95,46,65,Financial Analyst
Brendan Fowler,63,81,87,75,72,95,69,75,49,Data Scientist
David Mayo,69,65,57,91,57,42,96,54,41,Writer
Paula King,44,89,67,100,64,48,62,99,41,Writer
Elizabeth Cline,59,79,48,59,74,72,91,44,100,Human Resource Specialist
Glenda Wood,97,44,90,58,48,67,58,49,73,Teacher
Victor Ellis,45,86,42,40,44,97,95,61,42,Teacher
Toni Ryan,55,74,82,57,49,82,75,93,94,Human Resource Specialist
Lauren Carlson,75,95,66,85,91,65,40,64,78,Entrepreneur
Shannon Monroe,63,89,93,76,70,58,83,65,95,Data Scientist
Amy Ellis,55,83,42,41,71,72,97,78,99,Manager
Jared Baldwin,100,91,95,100,70,40,55,67,89,Data Scientist
Daniel Warren,79,47,47,51,52,85,67,45,78,Marketing Executive
Heather Alexander,70,80,96,68,95,99,87,53,84,Data Scientist
Lisa Evans,75,71,47,96,61,76,43,82,50,Writer
Jenny Black,46,75,99,74,74,43,80,94,60,Marketing Executive
Michael Hunter,80,77,63,55,97,93,97,47,62,Entrepreneur
Mikayla Garcia,50,74,41,80,82,45,98,49,43,Entrepreneur
Sean Vaughn,88,51,75,60,79,80,45,85,69,Software Engineer
Jake Mcmillan,57,97,59,79,66,43,79,42,50,Marketing Executive
Jeremy Barber,93,51,50,82,67,66,73,82,99,Human Resource Specialist
Justin Stewart,77,94,41,68,49,41,74,65,89,Human Resource Specialist
Megan Gibson,80,76,75,66,66,87,40,45,68,Financial Analyst
Anna Barnes,88,95,40,89,73,100,65,77,89,Writer
Natasha Scott,56,55,48,41,64,92,95,46,90,Human Resource Specialist
Angela Hill,69,65,80,47,49,82,56,46,100,Human Resource Specialist
Krystal Myers,77,89,76,96,46,62,54,40,97,Writer
Mark Gibson,82,96,46,57,51,70,92,81,51,Manager
Michael Rogers,79,68,83,92,67,93,53,75,41,Writer
Jacob Spencer,76,64,59,48,96,68,100,99,94,Manager
Richard Long,79,96,68,66,72,79,50,89,51,Software Engineer
Robert Martin,47,71,50,55,83,82,89,52,60,Entrepreneur
Michael Mckee,88,84,53,63,85,55,63,42,94,Entrepreneur
Natalie Larsen,90,66,71,94,54,90,54,92,100,Writer
Maria Gray,78,95,85,52,47,85,71,72,49,Data Scientist
Monica Forbes,92,71,57,44,76,54,71,68,67,Teacher
Crystal Brown,60,93,60,96,87,54,59,79,53,Writer
Colleen Cunningham,66,62,47,99,53,50,70,46,93,Writer
Kylie Daniels,80,52,99,44,75,49,77,84,53,Financial Analyst
Dr. Juan Montoya MD,100,75,96,79,89,50,76,61,53,Entrepreneur
Gerald King,86,91,41,73,82,75,60,87,59,Entrepreneur
Scott Floyd,49,50,78,67,41,53,48,85,73,Marketing Executive
Anthony Robinson,50,54,73,88,76,73,72,100,72,Writer
William Allen,45,45,75,47,98,90,89,61,89,Entrepreneur
Rachel Perkins,76,85,87,51,62,78,77,80,60,Data Scientist
Brooke Keith,83,62,56,47,52,66,42,94,65,Software Engineer
Yolanda Bradley,49,64,49,67,71,100,81,94,43,Manager
Kelsey Harris,62,56,90,86,66,50,50,54,89,Writer
Michael Stevens,89,64,99,91,99,95,76,97,90,Writer
Brandon Jones,49,60,48,56,74,64,51,74,44,Marketing Executive
Douglas Martinez,93,60,89,97,60,90,53,72,51,Writer
Fernando Shaw,64,49,64,85,69,88,100,40,74,Software Engineer
Christina Williams,96,94,92,99,46,44,64,92,78,Data Scientist
Michael Schaefer,60,57,79,44,74,98,85,42,65,Marketing Executive
Jeremy Wilkins,52,93,97,81,77,55,42,88,72,Data Scientist
Victor Butler,75,73,41,57,84,76,82,97,92,Manager
Marissa Dillon,67,74,44,64,48,71,95,60,80,Marketing Executive
Ruben Nichols,75,100,78,88,54,50,52,49,40,Writer
Laura Farrell,85,40,53,55,76,59,56,70,61,Teacher
Christopher King,72,60,80,56,90,70,54,75,76,Entrepreneur
Theresa Bartlett,83,47,99,73,100,45,61,46,53,Entrepreneur
Jennifer Finley,76,77,96,77,90,55,93,89,100,Data Scientist
April Reed,90,89,92,58,81,53,100,57,80,Data Scientist
James Hatfield,92,82,87,91,88,47,67,62,50,Data Scientist
Michael Ford,57,43,78,69,68,86,46,56,85,Financial Analyst
Jessica Calderon,98,40,65,69,88,89,63,89,45,Entrepreneur
Shawn Chan,41,65,99,42,83,80,56,92,64,Entrepreneur
Aaron Webb,98,44,95,45,94,100,83,89,90,Manager
Roger Peterson,77,66,77,63,51,56,83,75,93,Human Resource Specialist
Benjamin Potter,93,100,91,68,85,80,83,61,48,Data Scientist
Rebecca Ray,83,93,92,72,43,84,44,62,73,Data Scientist
Jenna Heath,65,93,99,66,89,64,51,56,46,Data Scientist
Molly Ellis,40,67,83,98,88,53,47,79,57,Writer
Joshua Williams,88,91,61,84,63,99,89,60,43,Financial Analyst
Jessica Wright,80,71,46,45,93,49,69,55,40,Entrepreneur
Shannon Wall MD,94,52,72,43,95,79,40,67,56,Entrepreneur
John Mata,100,58,95,61,100,88,80,75,94,Entrepreneur
Thomas Robinson,95,78,41,42,92,63,88,91,55,Manager
Donna Parker,57,93,52,65,66,95,88,98,70,Manager
Amber Mason,57,56,97,87,47,58,90,71,81,Writer
Kendra Valencia,52,72,76,73,61,61,71,91,99,Human Resource Specialist
Brent Dillon,90,46,98,90,46,70,96,91,64,Writer
Meredith Hart,92,55,99,42,58,72,89,54,57,Software Engineer
Barbara Pierce,51,50,78,94,78,81,68,70,72,Writer
Eric Hanson,42,93,79,84,45,95,71,93,43,Financial Analyst
Sarah Jordan,60,57,85,78,53,87,89,53,44,Marketing Executive
Joseph Mcdaniel,97,61,58,98,53,74,99,40,61,Writer
Deanna Sparks,100,83,83,55,47,61,45,50,82,Data Scientist
Heather Macdonald,87,41,63,95,83,90,97,60,52,Writer
Jack Perry,98,44,43,100,88,66,90,48,99,Writer
Chelsea Davis,54,90,60,51,70,58,53,47,83,Financial Analyst
Noah Bowman,65,70,63,65,74,71,98,91,91,Manager
Stephen Mccall,52,77,48,54,40,56,91,46,41,Financial Analyst
Andrew Johnson,55,93,49,66,83,77,76,98,66,Entrepreneur
Gary Oliver,74,71,92,71,53,66,65,87,88,Human Resource Specialist
Jamie Sharp,62,60,46,59,57,55,89,79,84,Manager
Devin Daniel,53,40,96,68,40,73,63,63,99,Human Resource Specialist
Mr. Jeffrey Johnson DVM,45,49,76,82,97,46,77,47,51,Entrepreneur
Taylor Howard,100,54,94,100,86,50,58,66,47,Writer
Hayley Martin,69,81,92,47,43,97,91,77,66,Data Scientist
Melissa Davis,83,44,65,58,78,54,73,93,66,Financial Analyst
Christina Warner,88,95,80,87,57,80,91,92,78,Writer
Jeffrey Baker,50,52,78,71,68,100,76,50,100,Human Resource Specialist
Amy Morales,86,94,48,87,44,93,54,62,49,Writer
Taylor Johnson,77,64,60,48,68,99,59,50,71,Teacher
Tyler Wright,92,62,97,64,78,42,78,41,79,Marketing Executive
Alexandria Rosales,63,77,55,48,95,55,97,69,86,Entrepreneur
Joshua Lee,86,75,52,41,55,94,48,41,60,Financial Analyst
Allen Cross,62,53,67,68,87,57,43,50,89,Entrepreneur
Andre Sheppard,88,69,93,92,97,60,62,64,96,Writer
Deborah Anderson,63,79,76,72,55,95,81,57,65,Marketing Executive
Adrian Davis MD,40,46,91,42,41,78,78,65,86,Human Resource Specialist
Jeanne Snyder,76,40,54,92,87,76,63,50,68,Writer
David Atkins,82,59,81,40,78,66,61,78,81,Software Engineer
Thomas Schwartz,75,82,74,65,68,73,61,56,62,Marketing Executive
Erin Henderson,76,85,95,84,66,87,91,58,77,Data Scientist
Deborah Cherry,59,81,70,73,66,51,55,43,100,Human Resource Specialist
Michelle Perry,72,75,62,90,52,57,54,75,94,Writer
Matthew Mack,88,68,76,82,88,40,59,65,68,Entrepreneur
Travis Mitchell,74,47,60,77,59,93,96,77,78,Manager
Robert Schneider,73,51,72,46,45,88,84,56,45,Teacher
Lisa Moore,54,61,78,76,77,58,56,94,98,Human Resource Specialist
Jordan Griffin,84,96,71,99,88,43,50,89,52,Writer
Kari Anderson,86,81,43,48,73,82,60,52,43,Marketing Executive
David Chandler,77,43,65,98,100,69,75,100,99,Writer
Mrs. Katie Harmon,78,47,89,49,63,49,54,52,49,Financial Analyst
Susan Hood,40,83,49,47,74,61,45,90,82,Marketing Executive
Tyrone Chapman,59,89,41,75,79,76,63,96,44,Teacher
Dr. Brianna Johnson,63,63,53,72,98,49,54,62,86,Entrepreneur
Theresa Mcdonald,98,84,60,63,92,79,51,58,72,Entrepreneur
Justin Shelton,99,64,100,45,40,73,88,83,98,Manager
Jeremy Moore,68,41,40,84,56,81,96,96,78,Manager
Stephanie Hunter,89,64,58,98,52,40,94,97,94,Writer
Ian Stevens DDS,53,48,85,40,82,94,73,59,67,Entrepreneur
Janet Sullivan,68,71,98,98,55,92,84,70,86,Writer
Karen Cohen,81,66,70,94,55,43,62,82,100,Writer
Caleb Christensen,80,57,92,77,63,86,85,85,93,Manager
Erik Benson,94,55,51,59,57,66,78,51,66,Marketing Executive
Nicole Franco,93,99,71,52,75,47,70,41,87,Human Resource Specialist
Yesenia Zhang,69,57,98,95,70,72,64,75,100,Writer
Connor Roberts,65,71,87,88,61,73,76,49,52,Writer
Lori Mendoza,42,97,79,71,63,85,60,77,95,Human Resource Specialist
Tracy Carney,59,100,91,99,50,87,48,82,90,Data Scientist
Andrew Kelly,75,84,59,40,92,54,89,80,67,Manager
Ryan Mcknight,92,59,78,51,82,49,49,73,93,Entrepreneur
Matthew Thompson,68,97,83,78,95,43,80,90,42,Data Scientist
Cameron Bailey,91,59,65,49,85,66,52,53,69,Entrepreneur
Mathew Miller,41,62,40,88,84,77,51,70,57,Writer
Erin Walker,63,75,82,68,56,50,57,56,92,Human Resource Specialist
Cheryl Pineda,51,73,49,75,51,84,86,45,60,Software Engineer
Gregory Massey,89,44,40,47,94,73,60,58,49,Entrepreneur
Christine Erickson,74,41,82,100,100,100,96,74,95,Writer
Caleb Allen,75,41,96,89,88,83,70,52,92,Writer
Michael Booker,73,77,93,69,98,76,76,58,69,Data Scientist
Jonathan Morris,44,82,74,47,76,40,66,60,88,Human Resource Specialist
Anthony Moore,90,69,54,100,70,43,79,75,60,Writer
Mark Walker,75,54,95,45,80,97,92,82,58,Manager
Stephen Tapia,75,57,52,61,74,55,64,91,100,Human Resource Specialist
Andrew Poole,74,48,90,61,96,59,66,51,81,Entrepreneur
Mr. Jason Williams,72,79,78,94,66,52,93,47,87,Writer
Sheila Hicks,89,100,75,100,81,64,46,72,76,Writer
Katherine Santiago,58,98,90,98,52,81,94,47,51,Data Scientist
Richard Weber,49,86,83,63,61,68,86,66,87,Data Scientist
Alexa Chavez,74,71,66,47,51,87,58,92,71,Marketing Executive
Joann Russell,55,57,73,75,41,51,55,83,60,Teacher
Melissa Poole,52,71,90,67,57,75,55,55,53,Financial Analyst
Ronald Obrien,56,80,90,77,40,86,63,41,70,Data Scientist
Matthew Douglas,76,40,64,47,94,50,53,94,54,Entrepreneur
Alice Cruz,90,41,75,59,51,51,45,62,87,Human Resource Specialist
Danielle Clark,64,74,63,74,52,77,41,51,85,Teacher
Breanna Carey,71,47,88,54,53,70,43,80,49,Marketing Executive
Keith Jenkins,86,98,73,77,79,85,96,41,95,Human Resource Specialist
Travis Martin,89,59,52,46,100,93,73,76,75,Entrepreneur
Jill Wolfe,99,42,99,49,46,83,44,76,61,Teacher
Monica Simpson,45,66,71,94,81,99,90,57,50,Writer
Kristine Reed,70,71,100,89,96,82,84,67,93,Writer
Laurie Taylor,63,85,87,85,82,56,98,75,47,Data Scientist
Katherine Holden,58,53,93,65,41,59,87,57,79,Software Engineer
Danielle Davis,61,74,73,74,73,61,62,89,87,Human Resource Specialist
David Marquez,66,72,68,75,46,94,96,64,72,Software Engineer
Amber Shannon,53,55,81,87,66,97,51,94,72,Writer
Kelly Hunter,77,98,46,98,98,73,44,65,62,Writer
Justin Hodge,79,79,87,90,60,70,86,58,97,Data Scientist
Michael Ibarra,80,58,44,54,80,70,44,73,75,Teacher
Casey Rios,81,88,64,95,93,88,41,99,84,Writer
Grace Delgado,75,41,50,93,82,100,42,48,90,Writer
Susan Lee,90,92,60,88,72,62,93,53,57,Writer
Nicole Simmons,73,52,59,90,41,92,53,98,73,Writer
Kimberly Vance,88,91,92,51,56,83,63,46,77,Data Scientist
Dana Drake,93,58,97,84,49,81,51,59,77,Marketing Executive
James Allen,84,60,88,62,68,54,65,74,100,Human Resource Specialist
Mario Ball,92,70,93,71,79,98,66,84,40,Software Engineer
Jonathan English,40,66,70,86,98,66,84,41,99,Writer
Tommy Moody,72,60,49,96,48,43,71,52,59,Writer
Bryan Calhoun,67,79,57,74,80,50,99,81,82,Manager
Victoria West,81,41,80,84,52,74,80,78,100,Human Resource Specialist
Samuel Hickman,80,88,45,97,46,74,52,96,68,Writer
Alex Wilkerson,83,100,49,91,47,57,54,91,71,Writer
Nicole Rice,77,80,60,78,91,59,66,63,93,Entrepreneur
Mark Rice,59,75,84,56,48,83,42,99,74,Teacher
Summer Jones,87,94,43,97,46,54,66,59,86,Writer
Monica Peters,70,47,79,70,48,88,55,95,66,Marketing Executive
Elizabeth Franklin,60,92,98,62,72,41,66,40,87,Data Scientist
Philip Holloway,83,51,89,63,77,78,45,97,63,Financial Analyst
Ray Ortiz,61,96,40,72,79,74,43,72,77,Teacher
Christopher Hudson,73,73,51,49,90,83,89,86,84,Manager
Dennis Hughes Jr.,99,54,95,47,83,71,43,68,100,Entrepreneur
Hayley Donaldson,86,99,91,86,79,80,97,100,100,Data Scientist
Elizabeth Garner,73,92,84,79,99,71,73,45,94,Data Scientist
Sarah Thompson,95,74,68,40,77,90,95,59,46,Software Engineer
John Powell,82,78,41,78,99,44,50,94,75,Entrepreneur
Timothy Meyer,97,98,54,92,42,94,100,43,58,Writer
Sarah Schroeder,44,54,99,46,83,61,97,56,79,Entrepreneur
Michelle Flynn MD,71,89,93,53,65,50,62,62,45,Data Scientist
David Gillespie,49,65,88,85,85,93,44,92,42,Entrepreneur
Anthony Baker,85,47,79,100,44,60,50,52,97,Writer
Michael Moran,91,93,99,88,49,99,85,48,67,Data Scientist
Roberto Johnson,94,54,88,89,89,82,53,87,96,Writer
Kathryn Wright,56,48,50,77,75,66,45,58,81,Software Engineer
Nancy Mills,95,62,67,60,90,79,77,49,78,Entrepreneur
Daisy Hernandez,42,43,80,47,94,90,65,78,97,Entrepreneur
Patricia Young,70,93,42,47,96,88,98,92,100,Manager
Andrew Flores,96,85,47,80,77,66,41,86,94,Human Resource Specialist
Laura Carlson,74,56,83,73,99,85,95,63,84,Entrepreneur
Miranda Burch,77,94,93,72,54,79,86,48,74,Data Scientist
Lisa Wolf,71,83,65,65,51,86,98,76,65,Manager
Evelyn Mitchell,96,54,53,92,73,73,83,76,46,Writer
Janet Mckee,76,94,56,66,48,91,48,53,63,Software Engineer
Thomas Mayo,99,40,65,58,93,68,83,82,74,Manager
Johnny Taylor,40,70,55,98,99,42,45,92,95,Writer
Robert Benton,40,79,67,89,60,59,96,60,59,Writer
Rebecca Donaldson,49,49,94,72,63,74,43,90,61,Teacher
Darius Erickson,97,47,69,55,67,80,71,87,61,Teacher
Jill Garcia,46,76,83,55,100,94,70,60,55,Data Scientist
Craig Richards,50,53,79,75,96,60,57,43,73,Entrepreneur
Thomas Faulkner,96,79,88,77,89,88,43,47,53,Data Scientist
William Knox,62,60,46,74,48,74,43,85,50,Marketing Executive
Wesley Robinson,74,80,100,93,43,85,89,95,51,Data Scientist
Brian Beard,99,78,76,70,75,43,41,51,95,Human Resource Specialist
George Hill,48,85,72,79,74,75,44,53,45,Financial Analyst
Catherine Harris,99,82,44,45,41,78,75,51,48,Teacher
Jeremy Moss,44,95,73,60,44,47,67,45,85,Teacher
Mark Montgomery,68,100,65,49,86,52,81,60,78,Entrepreneur
Donna Garza,59,96,47,99,80,76,41,66,78,Writer
Jackie Sanders,100,64,69,65,80,70,74,52,78,Marketing Executive
Stephen Rojas DDS,51,41,78,58,47,60,94,55,99,Human Resource Specialist
Ashley Gregory,90,83,94,91,71,51,86,48,73,Data Scientist
Jillian Meza,90,42,72,64,99,57,42,84,49,Entrepreneur
Amanda Bishop,77,69,83,97,43,96,51,47,100,Writer
Dawn Figueroa,69,78,89,62,75,40,79,70,54,Data Scientist
Thomas Shepard,45,96,46,89,94,84,49,90,85,Writer
Nathaniel Sanchez,85,96,54,92,76,70,46,97,50,Writer
Bryan Potts,41,74,85,93,41,41,66,54,89,Writer
Sean Hanson,79,96,96,71,68,99,61,81,68,Data Scientist
Catherine Johnson,76,63,77,49,78,63,48,92,84,Financial Analyst
Theresa Williams,91,56,99,98,63,54,78,77,95,Writer
Jennifer Sosa,94,68,92,74,84,78,92,76,72,Manager
Austin Romero,50,52,77,48,45,93,49,56,64,Teacher
Stephen Chavez,94,71,59,97,53,58,59,69,87,Writer
Robert Taylor,86,77,73,51,71,56,51,87,89,Human Resource Specialist
Daniel Meyers,67,94,77,75,87,87,99,95,56,Manager
Julie Powell,54,52,86,66,98,78,61,61,89,Entrepreneur
Megan Murphy,98,56,67,72,91,79,91,100,66,Manager
Peter Young,92,45,52,59,80,61,90,80,60,Manager
John Gilbert,81,77,46,90,61,100,59,56,56,Writer
Teresa Ashley,86,51,70,98,85,88,93,54,97,Writer
Gregory Cruz,65,40,55,63,59,75,65,67,89,Human Resource Specialist
Mark Cannon,74,57,52,91,94,59,97,57,92,Writer
Nathan Fields,68,49,54,69,43,74,43,83,84,Software Engineer
Darryl Taylor,56,96,40,97,53,98,53,42,44,Writer
Travis Jones,89,46,50,76,73,63,96,67,63,Software Engineer
William Phillips,93,76,78,88,76,46,96,95,94,Writer
Eric Walters,88,72,64,71,56,41,98,43,55,Marketing Executive
John Cruz,86,80,52,52,75,45,84,95,98,Manager
Seth Vasquez,66,83,81,63,53,45,40,69,77,Data Scientist
Tamara Garcia,51,92,72,63,85,64,97,92,49,Manager
Jorge Lynn,66,41,94,78,41,92,46,62,72,Marketing Executive
Cynthia Young,95,66,40,95,66,71,62,73,41,Writer
Jerry Harrison,49,95,81,51,68,87,45,48,91,Data Scientist
Scott Fisher,91,67,63,59,40,78,75,71,70,Marketing Executive
Kathleen Montoya,66,85,40,72,85,98,66,59,97,Entrepreneur
Jason Burnett,59,53,60,89,96,47,65,98,73,Writer
Victor Brady,56,83,45,67,92,40,78,44,63,Entrepreneur
Stephanie Parker,72,96,52,64,66,64,57,86,100,Human Resource Specialist
Richard Morales,100,58,40,56,74,81,66,82,81,Marketing Executive
Julie White,67,92,56,59,43,74,82,89,61,Manager
Jennifer Marks,73,91,77,99,52,78,73,66,80,Writer
Toni Ferguson,62,73,87,75,85,51,68,60,82,Entrepreneur
Cynthia Faulkner,58,87,58,68,42,58,54,86,70,Teacher
Alexander Lee,89,47,79,98,65,85,56,79,51,Writer
Andrew Edwards,79,68,78,64,42,69,82,88,87,Manager
Vanessa Hill,87,95,77,42,62,70,72,89,76,Teacher
Martin Bishop,69,53,79,99,63,62,42,91,66,Writer
Kathryn Sutton,87,64,66,66,91,96,65,94,93,Entrepreneur
Brandy Moore,85,85,78,96,59,97,80,82,77,Writer
Anthony Jackson,62,75,65,91,40,55,80,60,88,Writer
Daniel Booth,49,83,79,63,76,41,59,48,63,Financial Analyst
Laura Cox,72,95,89,88,43,93,74,83,86,Data Scientist
Larry Greer,58,44,66,97,42,77,55,84,70,Writer
James Nguyen,86,41,44,93,60,83,61,49,46,Writer
Pamela Cervantes,75,44,92,82,99,82,64,91,78,Entrepreneur
Amy Hartman MD,50,51,93,76,87,60,96,79,92,Manager
Yvonne Mcmillan,56,60,46,45,54,92,53,92,52,Software Engineer
Alex Williams,81,79,97,45,67,62,62,98,77,Data Scientist
Andrea Murray,91,81,77,76,86,58,80,90,59,Entrepreneur
Eugene Lyons,49,57,100,70,97,89,60,41,96,Entrepreneur
Kenneth Taylor,80,97,64,70,95,74,57,75,68,Entrepreneur
Phillip Mcpherson,44,76,54,51,57,68,86,76,53,Manager
Amanda Rodriguez,90,58,73,76,76,59,59,59,90,Human Resource Specialist
Mark Wang,78,72,87,45,53,51,85,58,68,Teacher
Paula Mccoy,79,50,69,55,83,47,77,58,60,Entrepreneur
Sarah Lyons,95,63,48,95,60,95,89,47,48,Writer
Jaclyn Lee,64,67,62,42,68,56,94,55,51,Marketing Executive
Randall Vasquez,80,41,62,86,53,76,66,93,80,Writer
Lauren Miller,88,68,98,56,75,73,82,52,93,Human Resource Specialist
Amanda Gilbert,81,92,52,90,100,98,55,93,80,Writer
Alexandra Herrera,42,74,60,82,64,91,85,93,52,Manager
Tracey Wolf,47,47,95,68,46,96,45,88,44,Marketing Executive
Ashley Rose,60,98,79,70,71,99,89,57,69,Marketing Executive
Bob Francis,88,93,98,66,75,99,60,84,46,Data Scientist
Lori Ochoa,78,40,96,96,48,59,84,42,85,Writer
Laurie Nichols,57,55,89,100,63,70,60,92,61,Writer
Chad Edwards,88,96,58,63,74,53,97,97,66,Manager
George Sanchez,46,85,99,63,60,84,49,82,80,Data Scientist
John Scott,43,91,95,74,55,58,68,42,64,Data Scientist
Natalie Banks,66,64,72,68,73,40,50,99,88,Human Resource Specialist
Lauren Baker,57,89,45,69,46,99,69,47,45,Financial Analyst
Anthony Miller,91,75,44,54,77,92,96,47,93,Human Resource Specialist
Steve Castro,55,100,59,95,87,40,46,97,57,Writer
Laura Snyder,64,54,40,88,53,72,88,73,47,Writer
Melanie Ramirez,60,74,80,58,44,46,71,84,77,Teacher
Samantha Little,56,41,48,44,95,100,83,100,87,Manager
Heather Barrera,82,88,50,42,59,95,49,60,62,Teacher
Karla Booth,74,61,48,63,94,66,50,67,62,Entrepreneur
Alexander Butler,52,52,89,59,44,41,98,58,87,Human Resource Specialist
Judith Diaz,40,100,69,49,100,58,95,90,71,Manager
Patrick Watkins,79,57,90,65,70,65,92,88,83,Manager
Kristen Reynolds,95,97,85,47,47,40,99,58,51,Data Scientist
Brian Hill,87,99,83,61,71,57,45,86,69,Data Scientist
David Gutierrez,60,40,57,58,68,69,50,75,92,Human Resource Specialist
Justin Roberts,68,89,55,55,68,75,62,72,50,Financial Analyst
Luke Ortiz,92,100,50,100,81,63,55,85,47,Writer
Michael Dennis,48,62,95,70,81,73,76,89,46,Entrepreneur
Regina Stephenson,58,72,50,77,68,45,92,72,85,Financial Analyst
Angela Smith,76,95,62,56,44,63,50,70,83,Financial Analyst
Joseph Johnson,41,64,49,45,72,54,95,69,64,Marketing Executive
Haley Stanley,83,74,100,57,94,51,90,48,79,Entrepreneur
Mary Vargas,76,48,59,74,80,79,58,49,58,Financial Analyst
Samuel Robinson,51,72,83,100,71,43,76,89,54,Writer
Christopher Odonnell,97,96,79,41,54,50,81,74,49,Teacher
Kelsey Phillips,54,40,50,84,91,72,95,49,97,Entrepreneur
Edgar Martin,92,59,69,86,47,83,45,79,99,Writer
Laura Holt,59,51,87,68,46,68,71,93,56,Marketing Executive
Michele Hoffman,93,97,98,97,83,99,71,73,86,Data Scientist
Sean Coleman,46,59,59,77,50,62,98,99,43,Manager
Elizabeth Stone,64,70,69,73,73,97,80,84,89,Human Resource Specialist
Alyssa Morrow,76,90,74,89,59,50,91,72,60,Writer
Bryan Smith,40,95,74,97,81,87,73,77,46,Writer
Destiny Anderson,69,100,72,43,97,86,53,77,62,Entrepreneur
Zoe Barnes,40,42,87,78,57,94,70,70,80,Software Engineer
Allison Rodgers,70,86,77,55,59,88,43,65,60,Financial Analyst
Brianna Estrada,40,45,72,45,78,69,44,74,94,Human Resource Specialist
Mr. Nicholas Edwards,62,42,43,63,44,53,55,72,64,Teacher
Darius Lowe,94,63,84,100,69,82,63,71,93,Writer
Kim Meyers,78,69,48,93,82,44,83,96,68,Writer
Cassidy Rivas,79,96,43,66,93,97,41,77,66,Entrepreneur
Jessica Jackson,90,66,54,90,100,70,92,96,69,Writer
Mark Dillon,65,99,65,54,65,80,98,44,40,Software Engineer
Mary Rogers,74,43,59,99,89,51,96,48,63,Writer
Philip Hardin,51,62,71,66,86,63,83,76,62,Manager
James Webster,57,92,86,46,93,97,71,66,48,Data Scientist
Angel Stewart,46,97,70,96,89,46,84,58,77,Writer
Diana Jacobs,65,63,55,100,66,86,74,61,66,Writer
Marcus Ward,90,71,51,93,70,82,91,53,80,Writer
Holly White,73,54,47,44,83,80,90,63,60,Entrepreneur
Austin Henderson,74,93,73,66,45,74,77,71,72,Software Engineer
Victoria Dalton,77,72,95,65,46,80,88,53,90,Human Resource Specialist
Scott Gardner,90,66,100,81,83,92,82,97,55,Manager
Dr. Diana Rich,53,79,68,96,75,97,55,80,79,Writer
Alyssa Medina,45,98,79,40,64,92,81,48,46,Software Engineer
Ashley Rodriguez,99,57,62,83,49,57,45,73,54,Software Engineer
Michael Francis,98,91,83,66,81,46,85,49,95,Data Scientist
Jessica Chapman,82,43,85,54,49,97,47,60,57,Financial Analyst
Kyle Hill,50,73,84,48,80,78,77,45,84,Financial Analyst
Douglas Guzman,67,87,65,86,86,47,66,60,62,Writer
Colleen Simpson,91,92,69,98,82,55,95,46,95,Writer
Bonnie Adams,50,45,51,87,77,94,93,88,73,Writer
Jennifer Collins,45,40,80,52,96,48,82,59,45,Entrepreneur
Cindy Yoder,59,46,90,67,46,56,78,42,83,Software Engineer
Veronica Cooke,47,47,97,84,90,47,56,57,68,Entrepreneur
Jessica Kent,61,62,99,91,78,73,56,94,53,Writer
Rebecca Fox,82,45,89,43,91,87,83,99,64,Manager
Zachary Ford,76,86,72,91,50,58,74,85,42,Writer
Amber Reynolds,73,98,97,83,74,51,97,96,78,Data Scientist
Monique Lee MD,68,81,76,87,76,92,86,48,100,Writer
Tyler Bird,86,55,79,77,69,69,96,97,64,Manager
Julie Young,58,80,100,85,45,97,48,82,93,Data Scientist
Bradley Stewart,61,62,85,70,79,41,66,94,50,Marketing Executive
James Schmidt,55,62,75,77,41,44,90,46,79,Marketing Executive
Julie Johnston,75,43,57,83,69,98,88,65,73,Software Engineer
Kevin Williams,43,79,45,86,92,79,62,70,72,Writer
Brandy Davis,76,41,70,99,88,74,53,89,71,Writer
Mrs. Joanne Jarvis,70,65,59,90,45,49,48,83,44,Writer
Donna Dominguez,91,92,56,42,100,76,88,63,52,Entrepreneur
Derrick Velez,76,87,61,76,77,79,90,77,99,Manager
Jane Vargas,71,98,98,60,46,45,90,55,70,Data Scientist
Lori Watkins,88,51,47,90,46,94,84,79,71,Writer
Christine Drake,87,51,74,67,66,57,84,42,89,Human Resource Specialist
Alejandra Montgomery,83,100,64,60,58,40,41,73,100,Human Resource Specialist
Valerie Juarez,97,40,76,40,56,86,75,68,58,Marketing Executive
James Reyes Jr.,56,44,65,63,62,96,84,50,49,Financial Analyst
Carol Schroeder,92,60,41,42,44,51,82,61,63,Financial Analyst
Richard Mitchell,88,87,63,51,81,81,84,88,53,Manager
Timothy Harris,100,46,48,65,100,68,42,81,51,Entrepreneur
Nancy Butler,71,43,48,87,49,66,79,58,59,Writer
Daniel Williams,47,74,78,82,45,92,57,68,44,Software Engineer
Heidi Frost,50,77,100,92,76,89,75,56,81,Data Scientist
Sarah Henry,45,59,51,81,95,97,80,96,94,Entrepreneur
Robert Roberts,73,60,74,51,66,90,78,41,54,Software Engineer
Mathew Hess,93,80,59,97,98,71,70,49,44,Writer
Isaac Winters,40,62,53,47,63,59,98,87,74,Manager
Heather Montgomery,67,51,73,94,84,75,47,97,99,Writer
Aaron Carter,56,89,90,86,76,95,43,98,63,Data Scientist
Ronald Mueller,63,58,98,80,52,52,64,61,97,Human Resource Specialist
Noah Gutierrez,65,80,43,45,76,61,83,55,55,Teacher
Crystal Stephenson,88,70,79,92,49,87,94,66,47,Writer
Mr. Kevin Johnson,79,77,89,59,46,59,93,65,93,Data Scientist
Anita Atkinson,56,62,81,62,53,86,63,89,99,Human Resource Specialist
Katie Long,51,73,61,61,100,83,63,94,76,Entrepreneur
Daniel Franco,85,43,72,83,78,42,63,68,59,Marketing Executive
Sheri Thompson,78,90,64,89,59,72,100,95,85,Writer
Angela Chavez,53,58,74,73,46,66,85,57,60,Financial Analyst
Desiree Hill,62,41,74,44,43,46,70,95,62,Financial Analyst
Karen York,52,100,99,74,83,82,92,71,59,Data Scientist
Jason Harrington,50,80,60,43,50,65,75,43,94,Human Resource Specialist
Mr. Ray Walker,49,90,80,85,97,47,61,85,85,Entrepreneur
Joshua Hansen,40,47,84,45,51,94,96,86,44,Manager
Robert Baker,82,93,58,96,46,41,90,95,67,Writer
Lawrence Hill,65,81,77,53,72,62,66,63,72,Software Engineer
Walter Bonilla,65,76,44,79,98,59,68,89,52,Entrepreneur
Dylan Manning,65,41,94,81,54,65,47,72,72,Financial Analyst
Geoffrey Smith,92,82,52,83,53,53,60,77,97,Human Resource Specialist
David Shannon,63,81,69,59,44,91,88,99,76,Manager
Lawrence Leonard,80,65,62,82,54,50,43,75,80,Teacher
Nicole Acevedo,40,78,92,73,95,76,56,45,60,Data Scientist
Joshua Hardy,60,79,59,84,68,53,97,67,81,Teacher
Keith Brown,42,56,50,85,81,88,74,77,73,Entrepreneur
Terri Hampton,61,71,73,50,78,96,76,49,84,Teacher
Michelle Williams,78,85,77,81,74,56,79,47,83,Software Engineer
Mr. Thomas Fisher,99,96,89,95,77,93,88,46,74,Data Scientist
Brandi Clark,65,79,74,85,56,54,89,40,91,Human Resource Specialist
Sally Taylor,73,64,79,65,47,90,81,91,60,Manager
Mario Black,86,52,92,83,70,90,95,67,54,Teacher
Erik Flores,95,90,54,75,96,42,50,60,74,Entrepreneur
Michael Gilbert,59,100,44,87,58,80,40,53,89,Writer
Crystal Hill,84,53,45,45,98,69,40,85,76,Entrepreneur
Angela Patel,86,88,83,47,43,89,60,58,82,Data Scientist
Keith Jones,63,91,86,47,67,54,57,51,46,Data Scientist
Alexandra Davidson,95,99,73,92,40,82,91,66,78,Writer
Martin Little,81,48,61,57,98,88,95,82,84,Manager
Debra Warner,76,75,42,79,67,95,50,42,96,Human Resource Specialist
Cindy Greer MD,75,80,67,74,57,72,56,90,82,Teacher
Dorothy Avila,86,80,93,79,58,44,93,51,75,Data Scientist
Nicholas Rivers,87,76,85,47,67,76,66,45,94,Data Scientist
Amanda Quinn,51,69,41,92,45,87,89,46,92,Writer
Alexis Farmer,68,73,88,61,66,62,62,41,88,Human Resource Specialist
Harry Peterson,78,81,57,45,75,61,71,55,50,Marketing Executive
Sara Kelley,73,82,71,80,64,96,60,85,96,Human Resource Specialist
Lucas Newman,76,42,96,58,51,65,70,93,56,Teacher
Felicia Mitchell,79,63,53,86,43,93,78,48,91,Writer
Kimberly Barnes,44,89,71,63,42,61,87,51,99,Human Resource Specialist
Karen Day,58,51,45,69,59,51,83,59,96,Human Resource Specialist
Nicolas Wall,52,96,70,43,65,68,41,78,98,Human Resource Specialist
Dana Suarez,52,48,54,92,88,69,83,92,93,Writer
Shane Smith,100,62,69,42,100,96,64,64,63,Entrepreneur
Sharon Lucas,89,74,45,80,69,53,79,83,90,Human Resource Specialist
Rebecca Butler,61,46,81,58,84,92,48,82,63,Entrepreneur
Samantha Bradley,53,58,42,92,70,64,43,44,68,Writer
Darius Blackburn,63,59,44,66,64,41,68,51,57,Teacher
Kimberly Hill,48,61,62,41,52,74,75,52,66,Financial Analyst
Amber Graham,68,74,89,54,69,77,85,61,52,Teacher
Lindsey Moody,88,55,71,75,98,44,91,98,68,Manager
Travis Stevenson,67,59,81,64,41,62,79,66,89,Human Resource Specialist
Nancy Robinson,41,81,96,42,92,90,62,100,79,Data Scientist
Tyler Murphy,71,85,83,92,89,44,52,42,87,Data Scientist
Brittany Peters,47,77,97,92,52,43,45,46,82,Data Scientist
Sierra Miles,96,89,90,64,56,71,42,44,71,Data Scientist
Kyle Vang,62,83,55,67,79,63,79,95,79,Financial Analyst
Brittany Gonzalez,76,41,47,53,98,98,81,47,52,Entrepreneur
Valerie Smith,74,81,88,96,99,74,86,98,48,Data Scientist
Stephen Thompson,100,70,41,85,87,90,62,41,57,Entrepreneur
Amanda Nichols,65,68,43,66,100,72,84,62,88,Entrepreneur
Donald Huynh,87,76,53,79,100,53,81,73,70,Entrepreneur
Ashley Fisher,59,86,60,73,66,44,73,88,40,Software Engineer
Kathryn Kane,43,68,82,81,55,50,60,84,63,Software Engineer
Lisa Allen,81,96,89,99,78,42,41,83,42,Data Scientist
Hayley Hester,98,56,73,72,49,45,66,91,91,Human Resource Specialist
Jessica Dorsey,92,87,66,61,77,46,85,92,40,Manager
Mary Jimenez,73,63,82,87,50,43,40,40,72,Writer
Mitchell Garrett,98,59,42,77,94,49,84,82,46,Manager
Michael Guzman,83,71,79,63,51,74,67,57,53,Financial Analyst
Brandon Powell,41,52,43,62,66,40,49,82,78,Marketing Executive
Adam Matthews,61,72,69,80,65,87,46,100,72,Marketing Executive
Paige Cooper,64,63,97,100,53,96,76,54,40,Writer
Chad White,76,65,72,59,45,43,58,87,77,Marketing Executive
Lori Montes,66,47,88,74,88,75,90,46,100,Entrepreneur
Megan Spence,78,96,42,43,68,44,85,41,100,Human Resource Specialist
Deborah Casey,59,89,56,89,75,56,63,68,68,Writer
Christopher Lewis,79,72,64,43,81,43,69,62,72,Entrepreneur
Sarah Gonzalez,95,91,44,50,79,63,99,82,70,Manager
Logan Thompson,89,42,72,62,79,72,70,47,47,Teacher
Cory Tate,97,82,96,90,44,71,78,40,75,Data Scientist
Rhonda Pugh,48,61,64,67,47,42,62,72,54,Software Engineer
Laura Wallace,45,62,89,75,89,79,83,83,64,Manager
Elizabeth Douglas,52,46,83,87,63,80,84,70,90,Writer
Christopher Watson,99,92,95,72,47,90,77,51,48,Data Scientist
William Moses,46,62,86,93,67,98,62,87,45,Writer
Joanne Ortega,97,62,50,75,53,65,95,83,42,Manager
Gregory Burton,60,81,87,69,75,85,74,87,47,Data Scientist
Barbara Ramos,69,98,59,48,89,83,86,83,95,Manager
Justin Carpenter,51,53,50,50,56,61,90,47,58,Teacher
Joseph Arnold,97,56,100,48,100,96,88,88,85,Manager
Marie Garrison,94,100,100,52,45,44,100,55,90,Data Scientist
Cynthia Hunt,82,65,70,47,90,44,69,77,66,Entrepreneur
Anthony Mclaughlin,97,48,56,94,58,52,74,84,80,Writer
Melissa Morales,53,50,63,71,64,73,55,61,54,Software Engineer
Anna Cunningham,59,83,47,74,93,49,70,95,73,Entrepreneur
Charles Mitchell DDS,84,66,44,78,63,41,92,60,81,Financial Analyst
Leslie Todd,45,96,71,64,99,46,89,49,61,Entrepreneur
Danny Jones,62,49,91,90,82,40,59,99,45,Writer
Madison Bowen,100,46,91,94,64,68,60,69,82,Writer
Heather Sullivan,68,78,82,72,61,55,99,47,95,Data Scientist
Luis Bray,96,74,100,65,41,60,96,81,55,Manager
Dorothy Butler,69,78,71,88,48,42,79,83,56,Writer
Chelsea Howe,84,73,71,100,82,59,52,62,84,Writer
Christie Mendoza MD,66,53,98,91,92,57,96,79,88,Writer
Kyle Hart,71,50,44,72,44,56,65,62,61,Software Engineer
Kathryn Johnson,43,79,70,80,59,97,71,64,87,Human Resource Specialist
Emily Reed,49,83,76,57,99,64,86,56,88,Entrepreneur
Dennis Vincent,73,92,57,64,64,98,91,60,71,Teacher
Kimberly Wagner,71,87,74,50,56,51,97,95,99,Manager
Kristen Wood,48,64,88,74,85,80,70,92,49,Entrepreneur
Cindy Davis,71,75,55,79,99,78,61,87,86,Entrepreneur
Christopher Stephens,40,92,46,68,81,73,58,50,65,Entrepreneur
Isabella Coleman,81,53,73,91,46,40,74,47,56,Writer
Loretta Rush,57,64,77,85,88,64,94,63,52,Entrepreneur
Monica Perez DDS,76,59,78,74,44,68,69,88,62,Financial Analyst
Colleen Bright,42,45,81,88,90,54,85,47,84,Writer
Jason Booker,70,80,79,90,72,55,48,60,51,Writer
Wesley Marquez,62,94,49,71,58,59,44,72,43,Financial Analyst
Mitchell Jenkins,87,42,100,50,70,49,77,73,87,Human Resource Specialist
Megan Wells,73,43,79,53,96,85,96,41,63,Entrepreneur
Emily Bennett,86,98,86,50,68,79,49,96,83,Data Scientist
Justin Lucas,59,45,76,41,40,55,73,67,84,Financial Analyst
Timothy Ward,66,46,68,88,47,59,79,40,72,Writer
Kaitlin Gonzales,77,86,85,90,80,94,83,42,100,Data Scientist
Amy Sims,76,62,74,56,86,44,71,95,82,Entrepreneur
Albert Callahan,59,77,49,41,94,61,81,67,62,Entrepreneur
Jessica Serrano,96,66,76,51,63,51,91,95,71,Manager
Christine Farrell,67,85,81,59,62,85,82,85,47,Data Scientist
Randy Farrell,93,47,62,79,63,71,62,79,60,Teacher
Zachary Phillips,52,54,42,69,90,52,93,94,73,Manager
Brian Murphy,67,84,68,93,95,43,98,75,58,Writer
Wendy Gates,68,76,95,84,83,63,68,88,51,Data Scientist
Anthony Villegas,44,78,50,48,96,88,80,82,78,Entrepreneur
Melissa Gonzalez,83,61,90,51,42,68,43,43,74,Teacher
Christine Campbell,84,87,89,46,85,99,66,100,75,Data Scientist
Jason Mayer,42,93,65,43,56,54,60,72,97,Human Resource Specialist
Maria Nelson,54,63,61,70,84,91,60,40,92,Entrepreneur
Annette Gallegos,95,66,61,44,85,76,80,44,66,Entrepreneur
Ricky Moore,56,62,100,46,51,63,65,65,76,Marketing Executive
Christopher Aguirre,90,44,44,58,58,81,85,68,100,Human Resource Specialist
Amanda Gilmore,73,42,77,66,69,58,51,88,47,Teacher
Danny Anderson,84,86,64,78,100,81,53,69,54,Entrepreneur
Patricia Hobbs,65,64,97,68,54,76,89,99,54,Manager
David Mcknight,75,99,78,88,88,80,88,70,100,Writer
Shawn Miller,54,97,60,79,41,45,78,82,96,Human Resource Specialist
Haley Soto,77,96,98,51,80,76,48,79,63,Data Scientist
Susan Collins,65,56,83,90,96,52,68,41,69,Writer
Amber Nguyen,84,66,49,52,94,97,90,48,46,Entrepreneur
Dr. Chelsea Brown,58,47,95,82,43,93,89,81,95,Manager
Mark Dominguez,45,40,55,58,95,94,65,87,66,Entrepreneur
Lisa Morris,66,79,83,56,45,45,55,99,92,Data Scientist
Adam Morales,52,67,83,46,82,100,76,76,79,Entrepreneur
Dr. Sandra Jensen,85,71,59,42,69,67,78,90,82,Marketing Executive
Michael Schwartz,76,73,42,61,84,90,95,91,70,Manager
Kenneth Griffin,84,74,80,74,95,84,91,43,60,Entrepreneur
Ann Gutierrez,98,42,73,91,52,82,53,73,84,Writer
Carl Scott,57,94,69,55,44,79,94,43,43,Marketing Executive
Yolanda Rosario,63,64,46,47,86,54,51,69,89,Entrepreneur
Christian Moreno,62,82,46,51,53,57,93,62,62,Teacher
Annette Wright,99,84,78,42,71,42,97,74,72,Software Engineer
Laura Morris,96,82,88,40,100,56,82,99,55,Data Scientist
Meghan Russell,71,98,70,79,44,53,50,86,56,Marketing Executive
Karen Oliver,44,93,42,81,63,83,64,61,100,Human Resource Specialist
Bridget Reyes,80,90,74,50,98,65,74,45,73,Entrepreneur
Timothy Rich,60,54,100,52,41,71,43,72,58,Financial Analyst
Joseph Wilson,77,68,43,43,46,93,55,58,72,Financial Analyst
Richard Jones,74,74,75,83,96,61,66,92,54,Entrepreneur
William Ball,90,44,57,95,66,74,100,98,52,Writer
Russell Rodgers,59,90,61,69,56,53,92,99,95,Manager
Cheryl Freeman,79,64,66,49,61,68,79,54,55,Marketing Executive
Adrian Gonzalez,42,81,57,50,64,99,59,72,84,Software Engineer
Gina Parks,44,85,81,77,69,89,92,50,100,Data Scientist
Rebecca Ford,50,70,51,40,73,40,67,77,78,Teacher
Melissa Rogers,97,81,85,72,78,92,91,73,81,Data Scientist
Justin Daniels,82,55,69,97,84,83,95,85,42,Writer
Peter Pennington,83,41,73,49,87,53,55,95,69,Entrepreneur
Joseph Blair,40,83,47,73,98,88,99,98,54,Manager
Sarah Adams,91,66,99,97,98,94,91,75,95,Writer
Michael Walker,55,40,64,89,62,63,40,59,44,Writer
James Lloyd,58,68,74,68,83,65,59,45,72,Entrepreneur
Mallory Gordon,88,99,84,89,55,53,46,53,90,Data Scientist
Allison Gordon,63,42,56,78,71,48,100,67,97,Human Resource Specialist
Karen Allen,67,90,60,40,90,77,67,76,67,Entrepreneur
Robin Soto,95,61,45,49,43,69,77,60,54,Marketing Executive
Mr. Tyler Bell,88,82,96,84,42,51,85,91,58,Data Scientist
Daniel Hill,41,79,61,91,83,59,40,83,70,Writer
Michael Morris,56,82,47,68,46,56,84,68,47,Software Engineer
Sarah Richards,65,69,83,52,93,74,63,44,77,Entrepreneur
Hayden Davidson,83,94,76,83,79,41,81,46,61,Software Engineer
Krista Jacobson,98,97,75,88,42,89,41,61,58,Writer
Michael Ortega,60,94,41,85,67,57,95,82,96,Manager
Francisco Kirk,94,88,52,40,57,87,86,92,41,Manager
Brittney Mitchell,64,56,44,94,85,77,47,43,64,Writer
Bryan Brewer,80,50,58,71,44,67,57,43,54,Marketing Executive
Crystal Young PhD,94,61,60,99,65,91,82,58,44,Writer
Alyssa Bond,89,83,93,72,93,42,91,73,60,Data Scientist
Pamela Jennings,44,60,78,48,56,82,61,59,73,Teacher
Eric Smith,65,66,52,57,61,89,53,94,44,Marketing Executive
Donna Blair,96,86,55,84,63,91,92,60,71,Financial Analyst
Elizabeth Singh,77,52,89,56,60,50,93,76,94,Manager
David Kennedy,99,80,59,76,91,79,42,46,77,Entrepreneur
Anthony Campbell,67,84,54,41,42,79,66,95,74,Financial Analyst
Kevin Reyes,94,95,48,97,97,91,52,76,57,Writer
Jasmine Stewart,59,99,65,61,85,60,46,45,86,Entrepreneur
Karen Adams,79,69,97,79,84,80,95,58,64,Entrepreneur
Laura Williams,84,86,84,81,57,82,87,95,91,Data Scientist
Brenda Zuniga,69,75,76,70,85,54,95,87,66,Manager
Scott Anderson,64,56,45,50,73,87,68,94,68,Teacher
Laura Rivas,92,80,58,55,50,94,66,72,73,Teacher
Brent Walls,99,84,66,42,77,92,53,50,61,Marketing Executive
Ariel Chapman,98,89,73,45,75,61,56,60,87,Human Resource Specialist
Thomas Mcclure,48,61,86,99,53,89,90,99,91,Writer
Brian Webster,40,50,69,77,48,56,42,80,91,Human Resource Specialist
Hannah Munoz,91,100,49,88,55,91,42,60,100,Writer
David Ayala,44,79,97,81,69,62,84,53,75,Data Scientist
Katherine Hernandez,95,96,62,87,79,57,92,58,57,Writer
Dawn Davis,73,41,57,48,58,93,73,67,51,Financial Analyst
Katie Johnson,81,94,61,89,65,47,100,75,49,Writer
Tyrone Jennings,92,81,85,98,56,92,55,46,57,Data Scientist
Terry Harrington,64,98,98,76,92,87,73,57,94,Data Scientist
Katherine Garcia,84,82,56,59,74,70,49,90,100,Human Resource Specialist
William Charles,69,43,81,56,62,58,85,80,93,Manager
Kimberly Ruiz,48,64,52,49,72,50,99,77,45,Manager
Kevin Knox,74,70,56,43,46,47,78,61,70,Financial Analyst
Christian Adams,53,88,55,60,70,63,88,46,73,Teacher
Michael Contreras,61,40,75,80,85,62,68,72,83,Entrepreneur
Jonathan Jennings DVM,70,96,51,89,77,50,97,55,92,Writer
Anna Thomas,63,96,100,100,69,52,42,56,48,Data Scientist
Ryan Wood,54,43,91,87,74,56,50,68,75,Writer
William Miller,81,85,51,91,85,90,60,66,54,Writer
Paul Brown,82,41,94,94,44,44,48,54,96,Writer
Matthew Clark,55,62,53,43,66,57,58,88,80,Teacher
Ann Martinez,51,66,62,84,49,41,81,64,73,Marketing Executive
Nicholas Jacobs,59,42,62,44,89,95,52,92,49,Entrepreneur
William Valdez,66,69,59,74,46,64,86,75,98,Human Resource Specialist
Eric Parker,66,75,85,49,52,74,44,69,80,Financial Analyst
Adam Mclaughlin MD,43,43,50,100,48,44,74,60,65,Writer
Dan Stewart,60,56,61,56,50,88,62,54,43,Teacher
Kelli Werner,92,93,40,67,73,100,68,52,80,Teacher
Caroline Edwards,72,93,56,49,47,68,92,61,79,Financial Analyst
Michelle Peterson,83,44,98,81,49,50,99,100,47,Manager
Jessica Wilkerson,50,68,94,90,97,48,80,52,59,Writer
Barbara Thomas,95,41,97,78,90,49,79,96,96,Entrepreneur
Robert Harrison,90,75,85,54,48,97,97,79,47,Manager
Amanda Kelley,50,50,64,99,97,64,44,52,98,Writer
Robert Collier,73,79,57,100,54,43,73,46,64,Writer
Kathleen Bowen,53,90,84,94,87,92,76,73,65,Data Scientist
Alexa Jenkins,84,53,82,89,100,52,84,49,97,Writer
Connie Mills,52,94,84,45,48,47,51,58,76,Data Scientist
Stephanie Berry,92,95,63,65,78,60,56,72,55,Marketing Executive
Jeffrey Kennedy,66,45,80,93,82,71,70,67,64,Writer
Rebecca Schaefer,76,90,58,68,100,67,99,43,77,Entrepreneur
John White,46,63,96,60,56,45,87,42,70,Marketing Executive
Ariel Weiss,80,69,69,98,46,99,51,68,84,Writer
David Alvarado,45,88,64,94,62,81,42,41,79,Writer
Ronald Preston,45,78,67,68,90,83,89,42,80,Entrepreneur
Joel Gross,41,84,52,68,47,60,73,98,92,Human Resource Specialist
Juan Conley,66,91,61,90,59,88,89,85,95,Writer
Caitlin Allen,75,72,89,48,85,64,90,91,60,Manager
Jennifer Sweeney,46,98,98,41,84,80,49,84,48,Data Scientist
Claudia Lewis,91,81,57,70,83,62,62,89,48,Entrepreneur
Sandra Ortega,95,72,57,55,83,91,99,92,68,Manager
David Castillo,70,58,86,84,40,57,41,96,59,Teacher
Mrs. Amber Townsend,51,77,42,85,94,60,82,79,97,Manager
Angela Burton,83,93,59,83,64,72,65,94,88,Human Resource Specialist
Derek Hale,70,75,55,88,97,87,47,93,61,Writer
Erin Alvarado,55,75,57,99,86,96,58,86,90,Writer
Angela Alexander,52,51,74,65,59,56,100,93,44,Manager
Amy Willis,49,63,92,86,68,46,56,96,43,Writer
Lindsey Ford,58,62,76,71,58,47,88,99,93,Manager
Sara Alvarado,88,68,77,41,81,71,99,72,71,Entrepreneur
Travis Stark,70,48,69,70,94,80,53,98,90,Entrepreneur
Diana Carter,42,53,62,60,90,98,99,70,86,Entrepreneur
Mary Chavez,71,68,97,49,67,77,43,64,83,Software Engineer
Charles Clarke,85,63,76,71,76,53,76,80,93,Human Resource Specialist
Natasha Smith,40,40,77,61,79,58,60,69,99,Human Resource Specialist
Timothy Garcia,64,45,40,53,79,79,96,81,89,Manager
Joshua Lam,57,48,67,81,82,70,86,98,85,Manager
Kristin Lee,48,70,80,83,90,95,44,73,83,Entrepreneur
Kenneth Hall,61,63,78,63,77,52,83,44,99,Human Resource Specialist
Julie Butler,73,81,80,88,86,62,99,56,40,Writer
Brooke Norman,55,48,74,63,84,73,65,65,48,Entrepreneur
Joshua Freeman,57,44,48,64,70,97,99,74,84,Teacher
Melissa Melendez,53,85,98,50,48,56,68,43,56,Data Scientist
Christopher Bautista,99,96,55,70,93,43,59,72,48,Entrepreneur
Nicole Stark,66,58,65,48,49,84,97,53,68,Marketing Executive
Dawn Thompson,64,53,88,59,84,74,73,49,66,Entrepreneur
Judith Walls,67,81,73,72,71,85,49,80,67,Software Engineer
Jessica James,85,63,65,51,62,98,75,61,56,Teacher
Carlos Brown,60,56,83,47,66,42,96,69,88,Human Resource Specialist
Ricardo Butler,85,55,89,44,64,79,74,98,68,Marketing Executive
Krista Thompson,57,75,80,89,61,78,92,90,44,Writer
Natalie Garcia,91,42,71,49,85,91,86,59,89,Entrepreneur
John Patel,48,75,90,49,97,71,70,54,92,Entrepreneur
Maureen Powell,88,88,45,83,91,61,79,89,56,Entrepreneur
David Gibson,41,64,96,91,61,52,87,52,56,Writer
Bradley Odom,62,51,55,83,44,56,63,83,50,Teacher
Sheri Newman,56,91,47,52,78,42,76,77,65,Software Engineer
Donald Hess,70,63,96,40,92,75,56,97,45,Entrepreneur
Veronica Dyer,100,56,85,94,76,78,93,91,46,Writer
Jeremy Lopez,44,57,87,72,62,41,48,82,57,Marketing Executive
Terry Kennedy,73,57,70,55,41,52,80,41,93,Human Resource Specialist
Morgan Ellis,61,66,66,58,74,71,48,74,47,Financial Analyst
Linda Harris,53,45,87,57,70,44,51,65,53,Financial Analyst
Victoria Bradley MD,51,80,95,59,62,89,55,58,94,Data Scientist
Sandra Tate,86,80,56,61,97,63,91,69,41,Entrepreneur
Tina Mckinney,74,53,77,41,55,67,89,90,63,Manager
Dr. Tammy Evans,53,52,61,81,44,54,94,62,52,Marketing Executive
Donald Moran,94,82,49,94,87,48,58,56,75,Writer
Marie Vasquez,54,52,73,66,93,59,75,41,62,Entrepreneur
Stacey Reed,57,100,85,98,76,41,91,76,84,Data Scientist
David Gallegos,53,62,62,60,58,85,51,69,71,Software Engineer
Michelle Stevens,41,81,65,77,45,88,80,84,78,Software Engineer
Noah Mills,77,61,98,59,97,49,82,72,85,Entrepreneur
Deborah Sanchez,81,56,72,67,61,72,45,58,79,Software Engineer
Anita Curry,78,74,68,40,100,58,45,50,68,Entrepreneur
Thomas Hobbs,90,41,68,99,96,80,65,70,53,Writer
Donald Byrd,99,55,43,49,40,63,85,63,90,Human Resource Specialist
Mark Frank,80,78,89,90,60,48,62,97,60,Data Scientist
Andrea Santiago,92,70,40,88,61,77,54,95,55,Writer
Jody Rodriguez,46,51,60,44,48,100,58,86,54,Teacher
Bill Schmitt,77,90,84,68,48,48,93,99,99,Data Scientist
Joshua Bauer,59,71,63,95,50,94,68,92,73,Writer
Jamie Hall,61,78,54,100,40,60,62,85,97,Writer
Joseph Powell,52,62,59,44,54,68,96,85,93,Manager
Erica Houston,84,57,60,84,90,64,41,67,61,Entrepreneur
Garrett Roberts,64,87,91,69,89,57,51,96,55,Data Scientist
Michael Klein,62,56,41,64,98,86,94,96,86,Manager
Grace Rosario,82,80,49,46,44,72,95,91,88,Manager
Barbara Crawford,78,40,87,75,65,73,48,61,40,Software Engineer
Manuel Yates,88,64,41,42,70,68,67,52,41,Software Engineer
Kristin Jones,40,61,89,98,47,87,72,78,74,Writer
Jonathan Reynolds,83,71,44,100,59,67,40,40,100,Writer
Jennifer Jones,57,46,55,57,96,61,75,68,88,Entrepreneur
Nicholas Edwards,98,59,50,72,79,45,51,85,69,Marketing Executive
Kathleen Blevins,78,83,57,42,84,41,57,42,87,Entrepreneur
Nancy Schroeder,91,73,82,99,53,55,91,66,82,Writer
Dawn Reyes,55,70,81,52,50,69,88,65,93,Human Resource Specialist
Levi Charles DVM,96,46,70,49,71,96,94,96,91,Manager
Luke Jenkins,73,78,68,62,46,83,76,99,70,Financial Analyst
Felicia Collins,57,96,100,63,56,99,72,75,95,Data Scientist
Brian Booker,89,50,79,55,85,53,48,96,49,Entrepreneur
Denise White,100,89,70,59,64,83,56,62,40,Financial Analyst
David Chavez,75,63,86,52,73,84,97,48,84,Financial Analyst
Stephanie Mejia,90,94,95,87,99,47,76,44,70,Data Scientist
Amanda Blackburn,85,52,99,62,97,53,81,46,46,Entrepreneur
Robin Mills,84,87,40,47,68,75,76,60,60,Marketing Executive
Stacy Morrow,71,88,95,55,85,56,58,65,47,Data Scientist
Joy Turner,83,50,89,91,89,74,52,80,81,Writer
Cory Castro,82,70,69,65,97,82,77,80,81,Entrepreneur
Elizabeth Rodriguez,94,64,49,81,98,69,77,68,42,Entrepreneur
Mark Hill,92,91,84,82,96,96,99,63,85,Data Scientist
Jeremy Ward,84,81,92,100,61,75,68,89,46,Data Scientist
Mark Smith,48,92,81,98,87,89,47,82,47,Data Scientist
Mckenzie Navarro,60,88,84,80,40,50,83,63,95,Data Scientist
Tracey Chen,54,89,80,69,77,53,64,81,43,Software Engineer
Derek Finley,65,74,54,83,94,65,44,59,76,Entrepreneur
Laura Thompson,85,97,100,68,79,60,60,75,97,Data Scientist
Erin Crane,54,63,98,64,45,92,69,97,53,Teacher
Molly Daniels,46,41,63,86,73,68,77,75,95,Writer
Jesse Horn,56,87,66,90,48,48,57,56,91,Writer
Brooke Jones,73,50,54,48,98,81,93,72,95,Entrepreneur
Casey Mora,72,70,57,80,41,82,66,88,95,Human Resource Specialist
Alexandra Simpson,62,73,95,50,87,44,80,79,73,Entrepreneur
Ashley Daniels,75,52,55,81,59,58,98,63,57,Software Engineer
Joshua Garrett,60,69,80,53,63,58,43,61,48,Software Engineer
Mike Morris,53,97,49,40,65,41,83,48,41,Marketing Executive
Kevin Larson,89,42,76,53,63,86,98,92,82,Manager
Hannah Benitez,79,66,79,54,55,57,72,96,91,Human Resource Specialist
Jeremy Hernandez,87,55,86,98,43,96,40,82,41,Writer
Tami Ramos,64,90,92,51,53,83,79,42,97,Data Scientist
Susan Clark,75,90,54,80,88,73,76,95,86,Entrepreneur
Christopher Stanley,45,53,68,93,40,85,84,54,94,Writer
Lynn Green,94,73,49,91,72,61,61,51,89,Writer
Stephanie Mcconnell,58,93,55,82,71,56,75,78,80,Teacher
Debbie Fischer,84,65,84,86,99,66,71,84,79,Writer
Nicholas Lewis,74,79,76,84,81,53,49,76,63,Entrepreneur
Nancy Lane,55,49,77,59,87,99,47,58,67,Entrepreneur
David Morris,72,95,61,40,49,51,58,60,60,Marketing Executive
Victor Arnold,41,95,99,42,45,75,79,66,67,Data Scientist
Sara Gonzalez,91,93,95,84,43,77,68,89,84,Data Scientist
Tammy Kelly,60,59,100,90,78,73,76,49,86,Writer
Nichole Hughes,86,96,61,88,53,63,54,52,47,Writer
Scott Kramer,47,44,97,88,63,50,45,46,94,Writer
Ashley Church,50,41,95,75,91,56,61,99,65,Entrepreneur
Judith Hansen,50,71,40,54,79,66,54,68,50,Marketing Executive
Tanner Christensen,62,51,90,78,49,95,49,55,60,Software Engineer
Valerie Russell,40,54,96,59,93,41,90,55,51,Entrepreneur
Theresa Bell,96,58,43,62,59,78,64,54,52,Marketing Executive
Jesus Boyle,77,74,47,48,50,91,67,51,83,Teacher
Marcus Ramirez,98,80,60,76,54,78,43,94,90,Human Resource Specialist
Pamela Hardin,89,86,82,53,97,64,56,82,46,Data Scientist
Zachary Lawrence,89,59,67,91,65,50,90,72,46,Writer
Kimberly Thompson,93,93,61,69,49,89,100,53,64,Financial Analyst
Dale Larsen,79,84,61,80,62,59,49,50,86,Human Resource Specialist
Mr. Tony Benjamin,96,48,69,85,86,63,73,91,88,Entrepreneur
Katrina Ortiz,99,64,66,69,47,85,85,68,87,Human Resource Specialist
Christina Carter,82,49,71,60,47,70,45,79,92,Human Resource Specialist
Carrie Crawford,58,53,45,79,44,70,80,85,44,Financial Analyst
Katie Hernandez,95,51,41,54,66,78,44,56,67,Software Engineer
Cassandra Nelson,92,57,40,58,94,100,69,90,72,Entrepreneur
Susan Nguyen,43,68,71,78,100,62,45,92,43,Entrepreneur
Candace Diaz,57,53,53,98,52,62,55,61,88,Writer
Joseph Santiago,49,44,45,81,41,98,88,61,70,Teacher
Adrienne Robinson,73,46,51,84,61,62,54,77,57,Financial Analyst
Michael Ochoa,71,69,48,54,57,70,51,68,53,Marketing Executive
Ronald Abbott,92,53,46,52,55,84,96,63,73,Teacher
Troy Mcdowell,53,41,89,76,62,99,88,98,55,Manager
Alexis Owen,50,70,58,93,64,64,67,75,91,Writer
Claudia Arias,86,50,96,93,94,87,46,42,99,Writer
Jeanne Howell,83,41,91,93,46,54,85,56,92,Writer
Charles Gonzalez,51,68,70,82,77,45,91,88,94,Manager
Gary Williams,78,52,41,66,85,72,62,62,72,Entrepreneur
Jeremy Collins,76,86,94,61,69,58,70,62,47,Data Scientist
Anthony Griffith,86,44,87,82,55,87,90,88,70,Manager
Christina Watson,86,47,41,80,90,97,76,73,91,Entrepreneur
Nicole Mcgee,62,61,81,48,71,90,49,54,100,Human Resource Specialist
Brian Ray,58,81,52,52,56,59,67,51,51,Financial Analyst
Jonathan Green,93,84,83,74,46,73,90,94,50,Data Scientist
Carolyn Freeman,94,46,64,88,96,70,60,75,76,Writer
Micheal Hayes,85,61,59,85,66,54,78,64,55,Software Engineer
Christopher Herman,41,90,90,59,61,40,76,42,69,Data Scientist
Joanna Powell,88,52,86,96,64,63,46,70,77,Writer
John Moon,89,62,97,51,98,64,79,86,98,Entrepreneur
Daniel Garza,68,93,100,84,87,84,47,83,82,Data Scientist
Ryan Phillips,79,96,65,49,74,99,82,77,86,Manager
Douglas Weber,84,77,74,76,79,81,54,50,98,Human Resource Specialist
Rebecca Alexander,79,71,50,51,43,62,56,84,78,Marketing Executive
Brian Rogers,89,44,46,60,90,85,83,97,87,Manager
Taylor Vaughan,56,89,94,54,59,51,87,52,48,Data Scientist
Meagan Jones,45,88,43,75,73,44,75,86,81,Software Engineer
Monique Howard,58,65,80,64,45,65,50,98,62,Teacher
Brianna Howard,85,80,71,61,56,95,45,59,48,Financial Analyst
Lisa Huffman,44,81,68,99,72,62,72,88,56,Writer
Bernard Henry,100,75,68,47,79,79,42,61,75,Software Engineer
Jeffrey Miller,40,71,80,49,81,81,53,79,89,Entrepreneur
Sandra Young,87,72,71,59,75,96,76,74,53,Teacher
Mark Serrano,72,98,68,91,90,63,91,70,83,Writer
Nathan Walker,43,85,73,72,52,78,54,76,80,Marketing Executive
Danielle Henderson,96,88,82,80,76,58,80,82,72,Data Scientist
Michael Blair,95,62,66,67,60,89,51,49,92,Human Resource Specialist
Lauren Mcdonald,59,57,41,100,67,87,43,40,53,Writer
Diane Miller,77,60,50,50,46,99,41,65,68,Software Engineer
Jose Taylor,97,60,82,98,64,89,58,76,62,Writer
Rachel Gentry,79,93,75,56,42,64,81,49,61,Financial Analyst
Warren Pena,46,41,83,70,63,57,86,96,57,Manager
John Pruitt,40,46,48,68,43,56,88,75,42,Financial Analyst
David Mccoy,48,70,66,65,69,84,99,79,40,Manager
Aaron Patterson,72,63,67,41,83,74,47,89,44,Entrepreneur
Samantha Moore,43,59,62,100,60,55,89,93,53,Writer
Ashley Joseph,46,89,81,57,79,48,84,48,72,Data Scientist
Pamela Rose,57,43,48,69,84,80,83,97,52,Manager
Krystal Gibbs,68,61,47,94,79,71,60,42,95,Writer
Mr. Daniel Clark,71,68,52,43,59,90,76,65,43,Teacher
Jeffrey Baldwin,96,60,66,74,67,66,71,90,61,Marketing Executive
Gregory Mclaughlin,57,50,57,42,88,71,82,71,52,Entrepreneur
Tammy Kim,71,90,65,66,84,41,73,97,76,Entrepreneur
Joshua Marquez,72,69,62,64,75,64,62,47,80,Software Engineer
Justin Jones,90,41,68,46,46,61,54,84,81,Software Engineer
Sharon Vance,45,92,53,90,69,47,85,81,90,Writer
Danielle Gordon,48,63,67,82,60,63,88,61,48,Marketing Executive
Kyle Jones,67,61,51,42,65,91,76,61,93,Human Resource Specialist
Henry Booth,41,54,96,54,40,89,54,73,56,Marketing Executive
Andrew Macdonald,81,46,49,51,44,57,70,41,90,Human Resource Specialist
Steven Ponce,81,89,86,80,84,53,92,90,49,Data Scientist
Daniel Powers,60,85,82,98,69,52,63,68,53,Data Scientist
Kara Chase,98,95,56,65,52,67,85,54,67,Software Engineer
Leah Clayton,52,84,87,91,42,62,94,68,66,Data Scientist
Kirk Cooley,65,98,96,52,63,52,94,54,66,Data Scientist
Mrs. Amber Bennett,83,89,56,56,82,53,77,70,84,Entrepreneur
Michael Sellers,96,56,65,53,49,54,76,67,73,Marketing Executive
Jeffrey Pena,77,87,94,53,71,60,49,78,46,Data Scientist
Amanda Rivera,97,61,85,73,71,93,59,85,49,Teacher
Rachel White,49,83,63,82,52,71,44,93,42,Financial Analyst
Sierra Lewis,56,64,79,81,65,81,47,82,90,Human Resource Specialist
Yvonne Johnson,78,97,47,66,86,97,49,59,92,Entrepreneur
Lisa Kelly,91,64,75,94,59,41,60,66,95,Writer
Trevor Thompson,68,77,73,81,78,96,100,88,57,Manager
Julia Bautista,96,76,55,72,62,50,65,58,100,Human Resource Specialist
Melissa Khan,89,77,77,57,48,67,90,43,57,Software Engineer
Jessica Henderson,80,94,89,66,82,51,40,47,56,Data Scientist
Heather Knox,59,51,85,58,62,96,83,91,84,Manager
Justin Carter,59,92,43,43,46,45,68,53,70,Teacher
Robin Ayers,68,55,98,48,59,77,85,57,74,Marketing Executive
Becky Good,96,91,73,82,90,57,77,53,62,Entrepreneur
Thomas Le,81,98,43,71,43,62,83,98,48,Manager
Nichole Garcia,70,99,77,63,93,45,58,83,49,Entrepreneur
Felicia Bush,44,50,74,50,83,44,56,71,94,Entrepreneur
Earl Wells,77,99,70,77,99,90,40,56,85,Entrepreneur
James Bryant,75,80,78,93,88,77,40,86,91,Writer
Gabriel Sanders,83,68,87,62,81,58,85,56,42,Entrepreneur
Erica Turner,84,84,48,98,60,50,70,66,40,Writer
Tammy Brady,51,60,94,87,54,65,84,78,79,Writer
Lisa Frazier,94,86,57,63,63,43,61,80,40,Software Engineer
Jason Clark,58,52,53,53,96,45,77,50,44,Entrepreneur
Monica Vega,86,82,52,54,47,46,100,100,81,Manager
Kristi Matthews,79,41,91,77,84,76,61,93,70,Entrepreneur
Breanna Martinez,81,74,65,73,67,96,81,59,93,Human Resource Specialist
Stephanie Marquez,91,71,50,46,54,56,50,62,47,Financial Analyst
Felicia Norton,70,76,79,67,61,49,67,57,56,Marketing Executive
Steven Alvarez,54,46,68,82,84,50,71,87,98,Entrepreneur
Brian Hobbs,42,69,76,48,42,75,42,90,53,Financial Analyst
Richard Robles,63,71,53,53,54,86,87,49,63,Teacher
Vincent Howe,53,74,48,96,73,82,97,52,53,Writer
Peter Allen,76,78,43,99,49,63,81,72,71,Writer
Christopher Fitzpatrick,80,91,84,84,49,91,90,73,86,Data Scientist
Jacob Vaughn,54,51,75,82,84,60,67,93,49,Entrepreneur
Andrew Parsons,43,78,73,53,46,76,61,82,73,Software Engineer
Gary Chang,92,74,87,83,51,57,75,79,42,Teacher
Frank Morgan,59,98,59,60,100,79,90,75,43,Entrepreneur
Christina Logan,44,86,50,92,95,63,95,60,98,Writer
Justin Farmer,48,85,40,97,57,49,52,94,55,Writer
Evan Trujillo,55,93,98,63,95,74,60,43,97,Data Scientist
Andrea Brown,91,75,72,77,85,83,82,65,61,Entrepreneur
Mr. Curtis Young Jr.,61,79,91,48,98,41,90,63,57,Data Scientist
Christina Olson,69,49,62,90,52,64,99,49,98,Writer
Diana Gomez,44,81,65,63,93,78,47,42,64,Entrepreneur
Robert Stone,86,49,73,62,68,56,70,51,82,Financial Analyst
Steven Barron,78,68,96,78,75,47,57,50,67,Teacher
Scott Baldwin,55,47,50,45,53,71,95,76,88,Manager
Barbara Ali,97,96,44,54,59,82,48,89,93,Human Resource Specialist
Susan Spencer,52,42,82,49,80,43,90,50,55,Teacher
Veronica Kelly,75,90,51,71,81,75,68,79,41,Entrepreneur
Ryan Hernandez,100,72,41,49,57,64,60,41,79,Software Engineer
Diana Thomas,46,66,84,41,52,68,52,58,44,Software Engineer
Marilyn Lloyd,100,78,87,82,47,92,70,45,47,Data Scientist
Jennifer Lopez,89,48,51,79,74,97,73,52,78,Financial Analyst
Alexander Rodriguez,88,97,91,42,57,55,49,56,50,Data Scientist
Heather Aguilar,41,74,70,49,73,87,91,78,59,Manager
Charles Wright,44,84,100,57,59,98,69,100,51,Data Scientist
Nathan Parker,62,83,70,92,97,88,42,98,87,Writer
Michael Kelly,84,53,44,58,56,83,49,78,59,Software Engineer
Eric Coleman,89,49,48,82,94,48,66,76,73,Entrepreneur
Patrick Dixon,62,52,75,54,57,82,63,81,71,Teacher
Sergio Novak,47,79,72,64,51,68,43,64,59,Financial Analyst
Courtney Lynch,67,89,53,92,51,83,98,55,40,Writer
Karen Berry,83,69,49,46,42,91,53,88,68,Software Engineer
Nicholas Moss,41,44,73,80,85,69,86,61,84,Entrepreneur
Jessica Wheeler,86,78,51,87,72,85,51,76,63,Writer
Philip Howell,65,79,48,52,92,58,74,86,97,Entrepreneur
Katherine Torres,90,40,54,57,64,86,64,98,99,Human Resource Specialist
Pamela Terry,61,75,83,96,85,93,69,100,76,Writer
Alyssa Edwards,61,81,72,62,58,64,86,99,68,Manager
Jeremy Thomas,90,55,52,92,47,84,100,56,68,Writer
Joseph Richardson,81,93,71,45,44,50,49,91,49,Teacher
Brianna Romero,92,64,74,44,59,47,45,98,50,Marketing Executive
Miss Teresa Clark,97,84,61,84,40,85,100,48,72,Marketing Executive
Jacqueline Chan,68,45,82,91,88,55,85,49,40,Writer
Mrs. Lacey Whitaker MD,73,62,91,90,54,95,90,67,57,Writer
Carrie Graham,47,55,44,94,89,94,79,72,66,Writer
Abigail Deleon,52,87,79,71,61,86,47,75,56,Financial Analyst
Jacqueline Briggs,100,55,43,48,88,58,72,45,58,Entrepreneur
Amber Gonzalez,87,88,70,48,50,83,87,84,85,Manager
Tammy Brown,42,79,59,88,95,67,96,88,51,Writer
Casey Hogan,49,97,99,49,90,99,95,94,67,Data Scientist
John Monroe,47,60,68,58,67,79,54,70,68,Software Engineer
Robert Ramos,81,71,86,43,52,80,83,57,95,Human Resource Specialist
Daniel Henson,50,91,61,79,90,40,46,81,80,Entrepreneur
Johnny Smith,85,97,75,73,90,61,72,95,55,Entrepreneur
Gregory Fisher,66,48,81,95,75,43,71,100,43,Writer
Kenneth Santiago,64,63,48,89,97,41,96,51,85,Writer
Elizabeth Campbell,69,89,40,72,93,71,64,52,60,Entrepreneur
Vincent Jackson,96,49,42,46,98,79,67,69,77,Entrepreneur
Maria Cobb,65,62,44,73,42,52,46,67,68,Teacher
Jesse Mcclure,50,83,78,53,52,88,43,43,90,Human Resource Specialist
Kimberly Carlson,91,46,62,81,98,92,91,51,67,Entrepreneur
Wendy Lee MD,91,87,56,44,98,40,47,59,49,Entrepreneur
Heather Rush,55,45,44,64,43,48,58,40,58,Financial Analyst
Victoria Davis,52,54,54,52,53,63,99,54,50,Teacher
Jennifer Webb,45,54,40,43,95,78,67,42,40,Entrepreneur
Andrew Owens,65,44,88,76,71,85,92,77,62,Manager
Daniel Oneill,73,43,92,69,74,73,94,79,52,Manager
Marissa Merritt,79,94,89,78,97,58,98,82,88,Data Scientist
Patricia Lewis,68,79,71,59,44,84,80,75,97,Human Resource Specialist
Laura Mcbride,67,95,56,92,63,56,89,73,83,Writer
Jonathan Washington,72,65,96,58,91,40,48,73,63,Entrepreneur
Monica Crawford,98,91,99,80,82,56,56,70,67,Data Scientist
Vanessa Johnson,41,95,100,52,41,95,74,93,74,Data Scientist
Tara Moore,49,88,91,77,43,61,92,61,66,Data Scientist
Anita Nielsen,46,44,61,56,66,79,97,46,93,Human Resource Specialist
Jared Gonzalez,96,94,74,44,58,89,58,82,65,Teacher
Natalie Lloyd,87,91,78,66,58,46,70,94,74,Marketing Executive
Mrs. Ashley Porter,53,82,87,49,68,90,41,42,95,Data Scientist
Pamela Dalton,41,79,60,62,42,94,63,62,88,Human Resource Specialist
Julie Brown,53,46,92,67,54,78,43,41,64,Software Engineer
Julie Welch,99,87,58,45,75,50,93,86,66,Manager
Carrie Holden,67,73,56,83,54,85,68,58,78,Software Engineer
Garrett Rodriguez,97,61,94,71,98,100,71,41,88,Entrepreneur
Rachel Kelly,54,57,75,88,92,57,75,43,73,Writer
Lori Lee,65,50,98,91,80,47,49,85,86,Writer
John Buchanan,63,57,88,40,93,45,74,71,47,Entrepreneur
Krystal Montgomery,82,76,60,41,53,86,52,53,43,Marketing Executive
Tony Fox,71,91,53,80,52,96,76,98,84,Software Engineer
Vanessa Strong,90,63,80,100,74,88,86,53,87,Writer
Melissa Booth MD,98,48,91,66,64,56,72,73,71,Financial Analyst
Kyle Peterson,42,41,62,71,99,51,47,94,76,Entrepreneur
Jacob Hancock,79,85,66,85,99,63,78,90,75,Entrepreneur
Patricia York,64,43,55,42,79,46,96,49,84,Marketing Executive
Jeffrey Walsh,43,54,48,87,48,63,98,81,82,Writer
Valerie Tapia,96,72,78,99,51,60,44,89,81,Writer
Angela Gonzalez,73,93,72,57,47,94,94,68,47,Marketing Executive
Sarah Porter,71,83,90,74,68,78,65,83,59,Data Scientist
Connor Mitchell,45,58,68,94,59,89,94,41,65,Writer
Larry Garcia,71,40,69,76,56,87,68,95,42,Financial Analyst
Jeffrey Martinez,59,45,84,48,84,96,69,100,98,Entrepreneur
Ryan Rodriguez,47,45,87,84,55,93,60,98,91,Human Resource Specialist
Jessica Gutierrez,59,73,75,94,91,68,75,56,87,Writer
Katherine Gilbert,86,93,92,52,71,73,41,41,67,Data Scientist
Alexis Lucas,78,83,98,99,68,89,45,79,47,Data Scientist
William Liu,41,45,55,68,98,85,92,57,64,Entrepreneur
Debra Alvarez,94,73,48,87,71,65,71,88,84,Writer
Tanya Foster,61,41,87,57,97,82,94,50,88,Entrepreneur
Adam Bowen,89,44,49,70,53,83,55,55,45,Marketing Executive
Kevin Gaines,56,40,77,86,54,83,67,44,77,Writer
James Miller,77,50,43,93,81,99,60,43,89,Writer
Michael Drake,98,86,94,69,61,61,67,40,57,Data Scientist
Jennifer Brennan,81,98,98,83,79,54,68,95,100,Data Scientist
David Gray,52,55,88,67,82,49,78,56,76,Entrepreneur
Theresa Martinez,83,46,92,42,92,73,98,93,100,Manager
Penny Franco,60,80,82,90,63,49,58,71,64,Data Scientist
Christopher Glover,81,67,72,100,41,46,57,54,73,Writer
Joseph Hunter,86,47,44,48,41,68,85,66,84,Financial Analyst
Brian Brown,54,98,75,94,77,83,89,99,67,Writer
Jordan Jordan,54,78,75,46,73,43,73,78,51,Software Engineer
David Carroll,60,84,74,97,60,73,94,41,76,Writer
Diane Rodriguez PhD,41,98,73,46,68,77,76,88,64,Financial Analyst
Andrew Ayala,64,86,49,96,72,54,77,56,92,Writer
Stacy Lawson,96,56,58,58,77,63,56,86,46,Software Engineer
Larry Rodriguez,66,83,97,87,66,90,82,100,85,Data Scientist
Stephanie Thompson,85,72,100,40,100,59,56,90,46,Entrepreneur
Joann Russo DVM,47,90,41,80,46,55,90,45,45,Financial Analyst
Melanie Green,63,81,51,64,67,43,74,47,42,Financial Analyst
Christopher Burgess,48,70,43,72,47,71,86,40,42,Financial Analyst
Donald Flores,44,93,71,49,51,40,77,69,48,Software Engineer
Tammie Nielsen,85,81,96,61,62,72,63,98,44,Data Scientist
Justin Bennett,54,95,99,94,68,47,76,83,100,Data Scientist
Linda Curtis,67,53,85,80,41,65,63,77,90,Human Resource Specialist
Carlos Moreno,88,87,73,44,91,77,72,84,82,Entrepreneur
Sarah Rose,94,58,43,67,51,50,68,91,41,Software Engineer
William Howard,40,91,66,84,61,90,69,82,45,Software Engineer
Jason May,82,45,66,82,73,41,74,82,93,Human Resource Specialist
Randy Martinez,89,77,41,96,73,61,76,47,50,Writer
Tiffany Miller,60,100,53,56,87,58,41,94,64,Entrepreneur
Bonnie Trujillo,41,94,96,83,92,61,46,98,42,Data Scientist
Heather Greene,75,82,56,49,74,63,86,42,48,Financial Analyst
Deborah Heath,89,46,92,53,57,85,82,80,55,Manager
Emily Sanford,51,55,96,77,49,88,85,43,59,Marketing Executive
Alexander Jordan,79,59,72,54,90,68,100,45,52,Entrepreneur
Madeline Taylor,65,96,100,72,97,68,94,91,86,Data Scientist
David Grimes,40,66,92,59,61,56,41,59,65,Marketing Executive
Miguel Martinez,68,71,46,40,94,51,93,78,40,Manager
Melanie Bolton,44,93,53,98,76,89,50,75,47,Writer
Dale Guzman,46,74,81,53,95,82,57,48,57,Entrepreneur
Terry Cowan,80,55,42,59,83,53,50,70,87,Entrepreneur
Rodney Barnes,41,61,51,54,93,94,74,97,68,Entrepreneur
Susan Simmons,43,80,58,71,75,48,93,40,57,Marketing Executive
Thomas Wiley,73,65,91,92,56,71,46,80,75,Writer
Heidi Sharp,41,96,54,78,77,41,42,78,55,Software Engineer
Aimee Hayes,40,53,60,82,51,78,57,44,69,Financial Analyst
Shannon Jones,42,59,91,64,89,49,88,89,86,Manager
Thomas Harmon,69,73,93,76,72,72,70,49,52,Software Engineer
Eric Wong,41,65,78,46,72,54,42,78,69,Software Engineer
Angelica King,63,52,75,92,56,67,83,100,75,Writer
Kimberly Davidson,41,48,61,99,80,64,41,85,78,Writer
Misty Carr,66,85,83,46,56,73,50,98,100,Data Scientist
Edward Anderson,81,65,83,92,60,100,74,72,49,Writer
Christopher Baker,55,45,60,72,88,48,42,98,91,Entrepreneur
Austin Vega,95,98,73,47,54,97,50,90,71,Teacher
Richard Mosley,67,96,95,75,49,49,70,64,67,Data Scientist
Janice Murphy DDS,47,73,69,79,63,75,59,56,79,Teacher
Sue Hardy,76,89,54,86,42,40,98,69,85,Writer
Juan Foster,46,93,82,95,80,86,62,62,66,Data Scientist
Emily Andrade,43,48,53,49,78,70,52,98,68,Financial Analyst
Ashlee Rowe,40,94,71,49,100,97,69,53,49,Entrepreneur
Martin Martin,62,82,43,88,96,50,92,81,59,Writer
Charles Sexton,47,72,85,75,50,63,66,78,85,Financial Analyst
Robert Valenzuela,73,82,53,49,45,99,55,75,84,Marketing Executive
Joe Jones,99,60,79,64,40,86,46,83,81,Teacher
Ashley Kim,85,61,86,92,83,68,99,59,50,Writer
William Baxter,47,40,79,69,96,96,52,45,59,Entrepreneur
Cameron Contreras,92,78,81,40,46,78,52,80,84,Data Scientist
Raymond Huang,68,59,45,42,90,59,91,48,76,Entrepreneur
Troy Jackson,78,58,89,84,56,89,54,58,97,Human Resource Specialist
Jamie Ruiz,45,56,43,84,67,91,82,86,75,Manager
Karen Doyle,47,67,66,68,48,86,100,50,61,Marketing Executive
Kenneth Ford,100,40,85,41,91,43,58,40,96,Entrepreneur
Monica Ramos,67,73,50,71,68,86,86,91,78,Manager
Lori Boone,48,80,80,53,65,95,64,65,93,Human Resource Specialist
Tracy Olson,40,50,76,97,46,90,42,78,68,Writer
Rebecca Velasquez,90,65,57,44,65,96,63,88,82,Teacher
John Clark,45,95,51,54,47,90,74,90,58,Marketing Executive
Alexis Nicholson,40,84,58,62,74,94,63,89,87,Human Resource Specialist
Ashley Armstrong,97,77,49,75,78,45,72,71,50,Financial Analyst
Shaun Smith MD,55,58,96,89,96,69,59,99,47,Writer
Sonya Robinson,54,86,78,53,72,77,67,48,58,Financial Analyst
Eric Nicholson,62,66,73,44,55,61,100,74,59,Financial Analyst
Suzanne Brady,42,93,84,100,98,100,63,99,53,Data Scientist
Christian Atkinson,45,50,40,65,61,70,63,97,72,Software Engineer
Lisa Lopez,66,56,52,60,52,44,41,73,52,Financial Analyst
James Curtis,84,40,87,87,43,94,59,53,98,Writer
Kenneth Roth,48,74,72,75,64,69,88,98,66,Manager
Valerie Rodriguez,73,71,79,80,60,83,87,53,96,Human Resource Specialist
Tara Kramer,52,85,90,43,91,41,86,47,59,Data Scientist
Joshua Hill,97,49,46,100,55,71,84,56,90,Writer
Tonya Smith,51,64,57,55,81,54,40,71,45,Entrepreneur
Jenny Bennett DVM,72,79,48,91,98,57,96,52,47,Writer
Ian Grimes,52,93,72,73,44,88,87,43,48,Financial Analyst
Kathleen Howard,98,53,52,66,45,96,56,95,81,Software Engineer
Craig Myers,96,67,42,84,83,96,41,75,41,Entrepreneur
Deborah Austin,69,50,46,70,68,47,46,67,55,Marketing Executive
Troy Griffin DVM,67,58,45,69,84,41,79,59,63,Entrepreneur
Mario Schmitt,95,97,70,44,79,91,45,60,89,Human Resource Specialist
Mark Key,79,63,89,78,74,84,94,41,61,Software Engineer
David Meadows,68,61,97,63,51,57,70,69,62,Software Engineer
Lisa Rodriguez,86,96,77,44,80,80,80,96,97,Human Resource Specialist
Roberto Ware,68,40,60,61,41,60,93,82,77,Manager
Dr. Misty Stewart,55,51,95,48,85,63,67,55,77,Entrepreneur
Patrick Shields,82,87,75,48,85,52,99,77,81,Manager
Duane Sanford,56,93,65,49,43,100,69,44,69,Software Engineer
Jennifer Gray,74,97,72,58,99,65,64,60,77,Entrepreneur
Amy Hester,83,63,95,77,85,76,100,43,85,Entrepreneur
Tony Barnes,72,60,47,70,51,58,66,45,63,Teacher
Leslie Kelley,72,70,45,55,43,53,54,55,70,Software Engineer
Eric Casey,82,74,61,81,44,92,85,49,44,Financial Analyst
Crystal Watson,56,83,72,87,98,69,42,53,90,Writer
Colleen Rodriguez,45,55,53,53,50,66,90,76,41,Manager
Sarah Carpenter,82,53,40,93,73,51,80,65,70,Writer
Anthony Tate,58,79,71,87,83,91,49,53,60,Writer
William Nolan,57,54,81,100,54,49,85,59,69,Writer
Tim Owen,97,79,65,47,52,77,59,68,90,Human Resource Specialist
Kimberly Buckley,56,82,72,71,47,93,77,92,89,Human Resource Specialist
Jeremy Thompson,78,80,62,93,83,45,44,75,40,Writer
Jonathon Giles,61,63,64,66,71,75,42,97,48,Teacher
Susan Gibson,41,54,57,47,92,95,41,50,87,Entrepreneur
John Vincent,57,95,56,89,57,40,71,77,69,Writer
Lauren Molina,80,66,80,84,95,85,57,44,41,Entrepreneur
Jeremy Martinez,45,65,51,80,56,49,97,95,98,Manager
Eric Townsend III,80,51,93,72,69,53,81,52,97,Human Resource Specialist
Todd Russell,42,45,67,55,68,97,47,80,83,Financial Analyst
Kimberly Martin,68,55,100,83,54,54,75,63,98,Human Resource Specialist
Betty Hernandez,78,53,86,68,92,85,75,66,77,Entrepreneur
Beth Page,89,100,72,70,50,75,72,71,60,Software Engineer
Gregory Duran,98,64,61,85,52,90,91,83,82,Manager
Miguel Dennis,68,83,67,49,55,83,54,57,65,Software Engineer
Kimberly Marshall,49,92,48,94,72,60,64,77,82,Writer
Paige Soto,79,64,64,83,41,86,89,61,77,Financial Analyst
Shirley Cook,45,98,68,90,82,48,93,41,51,Writer
Richard Boyd,68,49,50,63,78,41,55,73,91,Human Resource Specialist
Adam Rogers,74,87,89,65,93,84,72,69,98,Data Scientist
Danielle Figueroa,41,80,89,46,87,77,78,68,42,Data Scientist
Ashley Parker,93,86,70,95,49,40,83,41,77,Writer
Christina Burton,50,96,41,77,65,48,74,58,67,Financial Analyst
James Boone,46,65,45,82,70,100,53,40,45,Marketing Executive
Robert Briggs,46,54,95,68,80,54,90,80,64,Manager
April Cook,71,75,65,91,73,69,80,94,85,Writer
Denise Larson,59,96,94,92,61,62,57,49,43,Data Scientist
Sean Guzman,67,64,98,71,75,51,65,72,61,Teacher
Shannon Brandt,99,59,84,43,64,54,89,59,79,Financial Analyst
Michael Espinoza,66,54,99,85,55,40,87,58,80,Financial Analyst
Amanda Cain,48,80,63,65,65,68,43,90,90,Human Resource Specialist
Tyler Garrett DVM,64,100,59,76,61,41,51,53,70,Financial Analyst
Jonathan Perry,83,67,83,56,86,92,54,65,77,Entrepreneur
Shelby Roach,89,50,71,87,46,91,100,70,55,Writer
Michael Watkins,60,76,86,44,71,69,60,94,45,Data Scientist
Linda Schultz,51,85,45,98,91,49,97,87,49,Writer
Richard Miles,73,97,56,93,51,49,76,75,44,Writer
Kaitlyn Cunningham,87,53,92,100,84,91,79,66,72,Writer
Barbara Murphy,65,72,100,51,45,100,63,95,71,Financial Analyst
Thomas Ryan,79,70,96,71,76,57,54,53,94,Human Resource Specialist
Brian Ball,43,96,40,97,94,62,51,69,53,Writer
Terri Wiley,91,60,62,41,84,43,92,50,81,Entrepreneur
Kelly Hartman,53,78,62,71,43,59,70,53,100,Human Resource Specialist
Jason Taylor,62,93,91,43,71,65,59,98,76,Data Scientist
Mr. Lawrence Blair,81,72,50,53,41,85,46,81,80,Software Engineer
Tammy Moore,44,100,42,71,91,87,53,71,65,Entrepreneur
Chelsea Alexander,43,46,65,70,64,88,73,92,73,Teacher
Lindsay Mcguire,96,83,90,71,54,47,71,54,79,Data Scientist
Aaron Larsen,65,68,48,73,92,89,86,66,71,Entrepreneur
Dr. Tracy Gray MD,56,44,48,65,98,51,40,43,84,Entrepreneur
Ashlee Krueger,45,61,64,89,59,94,63,88,91,Writer
Charles Booth,88,68,83,74,42,59,70,64,86,Human Resource Specialist
Bryan Cooper,71,65,47,73,80,89,53,75,51,Financial Analyst
Eric Case,58,79,98,77,70,59,55,68,71,Data Scientist
Joel Hunter,56,46,61,41,55,83,85,61,96,Human Resource Specialist
Alexandra Hall,93,93,77,76,50,43,67,79,41,Teacher
Ruth Bradley,85,70,77,69,54,71,66,87,53,Software Engineer
Troy Fox,90,70,53,96,57,78,89,61,73,Writer
Kelly Jones,67,43,85,92,41,84,67,97,50,Writer
Thomas Shelton,97,42,82,83,80,56,56,71,69,Financial Analyst
Jared Jenkins,99,94,99,88,86,40,65,53,96,Data Scientist
Lauren Vaughn,94,89,48,42,97,60,85,91,71,Manager
Theresa Lopez,62,67,97,59,52,41,65,88,46,Financial Analyst
Samuel Garza,66,50,52,45,97,55,55,43,85,Entrepreneur
Misty Mitchell,93,64,99,51,56,90,72,88,92,Human Resource Specialist
Jackie Jenkins,71,56,77,67,59,58,90,63,42,Marketing Executive
Amy Stein,69,45,70,47,43,52,49,66,83,Financial Analyst
William Woods,100,99,55,68,72,43,67,60,94,Human Resource Specialist
Gregory Case,63,42,86,97,44,48,73,69,89,Writer
Jon Oconnor,71,99,89,70,73,76,77,40,99,Data Scientist
Felicia Koch,41,89,44,89,65,59,45,69,79,Writer
Joshua Fleming MD,55,96,99,48,66,56,44,100,53,Data Scientist
Chris Padilla,82,59,81,52,91,86,57,97,83,Entrepreneur
Laura Austin,63,80,62,70,72,63,80,43,78,Marketing Executive
Megan Davidson,53,97,94,90,82,84,59,66,55,Data Scientist
Erin Beasley,79,68,57,73,85,73,72,87,98,Entrepreneur
Veronica Zuniga,95,77,60,94,88,91,45,71,41,Writer
Erika Foster,44,77,89,44,44,57,94,77,76,Data Scientist
Connie Cook,63,44,90,73,57,93,83,82,83,Manager
Andrea Hawkins,89,70,90,45,47,61,83,78,75,Manager
Michelle Hayes,49,50,93,74,71,90,99,93,51,Manager
Cindy Moss,95,58,64,44,82,63,63,53,75,Entrepreneur
Caitlyn Blevins,40,51,90,55,73,73,100,93,45,Manager
John Vasquez,82,89,84,44,42,58,63,74,44,Data Scientist
Becky Marquez,68,50,75,95,40,48,40,78,72,Writer
Samantha Pena,76,46,58,88,61,87,97,42,66,Writer
Gerald Gutierrez,71,44,98,83,67,40,84,94,41,Manager
Brad Moore,42,60,65,93,53,69,81,78,41,Writer
Dustin Gallegos,96,64,65,57,51,85,83,60,71,Marketing Executive
Alexis Ruiz,40,82,92,62,45,80,52,70,72,Data Scientist
Antonio Tapia,66,95,86,40,66,69,100,52,100,Data Scientist
Gabrielle Hensley,94,71,99,90,98,96,44,71,98,Writer
Terry Reeves,93,86,77,88,67,87,69,57,42,Writer
Brian Carrillo,85,90,98,81,43,40,53,82,76,Data Scientist
Robert Cole,78,65,63,55,88,48,62,81,99,Entrepreneur
Christine Shields,43,98,100,57,57,98,99,78,57,Data Scientist
Martin Nguyen,41,55,92,89,56,69,96,93,83,Writer
Stacey Odonnell,69,86,75,50,50,42,56,91,93,Human Resource Specialist
Denise Hart,76,55,97,96,84,72,93,40,52,Writer
Pamela Clark,76,59,80,72,86,100,40,79,46,Entrepreneur
Antonio Williams,53,100,43,41,79,86,86,79,78,Manager
Elizabeth Jackson,49,90,78,89,76,67,100,79,80,Writer
Raven Waters,43,84,85,79,69,85,85,73,62,Data Scientist
Christine Adams,66,89,84,86,70,68,88,86,100,Data Scientist
Sara Boyer,41,53,81,78,67,80,69,63,64,Teacher
Tricia Barton,57,51,74,61,84,71,77,70,47,Entrepreneur
Kathryn Gilbert,59,92,83,67,96,71,69,100,59,Data Scientist
Dawn Kirby,75,68,64,93,96,40,75,77,84,Writer
Brent Powell,78,79,99,56,78,64,56,58,89,Data Scientist
Michelle Abbott,47,76,94,77,74,100,93,93,66,Data Scientist
Gabriel Scott,43,94,66,94,55,44,66,43,70,Writer
Stephanie Woodard,73,76,92,40,41,91,70,100,64,Data Scientist
Marc Sanders,44,51,47,87,44,41,60,57,99,Writer
Gerald Davis,94,63,81,80,58,53,63,99,84,Software Engineer
Cassandra Archer,86,76,54,90,78,83,41,97,60,Writer
Robert Moreno,62,44,73,48,78,50,90,86,72,Manager
Jacqueline Roman,99,88,79,63,96,96,78,46,69,Entrepreneur
Kevin Bentley,69,48,56,83,78,77,81,49,74,Marketing Executive
Sue Mccullough,69,79,47,96,43,42,55,52,85,Writer
Lori Evans,49,51,93,64,55,50,48,63,85,Marketing Executive
Deborah Andrews,85,46,97,45,82,98,65,68,95,Entrepreneur
Pamela Sosa,90,53,53,98,57,58,86,43,72,Writer
Taylor Lucas,74,59,59,42,99,85,44,77,83,Entrepreneur
Isabella Stewart,46,89,58,71,96,100,45,73,52,Entrepreneur
Mary Vega,55,55,72,75,40,94,90,85,65,Manager
Laura Roberts,64,45,100,80,58,98,88,69,86,Human Resource Specialist
Megan Sweeney,99,51,50,63,59,97,98,47,61,Marketing Executive
Mrs. Caitlin Hogan,56,44,60,99,61,44,41,65,53,Writer
David Liu,79,47,75,87,99,93,61,96,50,Writer
Angela Diaz,66,99,68,46,95,98,89,56,66,Entrepreneur
Martin Schmidt,96,69,75,42,71,83,46,85,70,Financial Analyst
Carlos Ruiz,83,91,64,82,54,60,57,70,45,Financial Analyst
Brady Moore,85,79,73,71,46,88,86,84,65,Manager
Elizabeth Moreno,90,57,97,71,41,67,76,64,57,Financial Analyst
Antonio Armstrong,66,52,83,85,81,44,60,73,100,Entrepreneur
Amy Peterson,49,67,84,40,79,82,44,54,88,Human Resource Specialist
Anthony Norris,49,86,99,77,66,58,48,60,63,Data Scientist
Donna Bernard,82,81,72,67,85,93,82,87,66,Manager
Autumn Thompson,83,70,47,70,75,71,59,86,84,Marketing Executive
Joe Mullins,73,68,52,60,76,53,75,62,78,Software Engineer
Colin Kelly,49,99,63,87,55,100,64,61,84,Writer
Angela Lopez,82,53,72,62,68,67,63,64,73,Teacher
Carrie Miller,42,47,63,67,87,87,97,84,83,Manager
Daniel Mcfarland,64,70,55,58,75,45,92,43,47,Software Engineer
Rhonda Holmes,53,43,63,58,40,57,71,52,74,Teacher
Sara Smith,80,42,50,93,50,62,49,85,57,Writer
Renee Lawrence,91,47,96,65,59,85,92,88,82,Manager
Virginia Jones,42,69,55,42,62,52,40,96,80,Software Engineer
Andre Leonard,84,92,93,81,72,74,58,43,41,Data Scientist
Marcus Newman,69,63,83,90,82,62,99,64,54,Writer
Dawn Smith,63,85,97,91,62,100,73,90,96,Data Scientist
Amanda Turner,97,53,42,54,58,44,41,59,72,Software Engineer
Andrew Brooks,86,68,52,46,40,40,68,69,61,Teacher
Jessica Webb,68,85,99,42,86,40,64,78,53,Data Scientist
Sarah Mcdowell,56,100,99,55,80,45,58,85,100,Data Scientist
Benjamin Buck,46,40,57,42,88,78,45,69,98,Entrepreneur
Jason Wilkins,95,55,56,89,50,93,41,86,73,Writer
Joanna Frye,71,73,43,60,52,46,56,60,91,Human Resource Specialist
Carl Vega,67,82,86,97,80,42,61,77,68,Data Scientist
Ellen Lopez,80,94,72,54,86,60,98,86,40,Manager
Jaime Roberts,80,57,63,94,60,72,64,61,47,Writer
Carrie Silva,70,50,100,51,42,75,89,52,95,Human Resource Specialist
Alejandro Tran,94,49,94,96,67,65,65,47,40,Writer
Tracy Escobar,52,100,48,70,95,55,59,84,45,Entrepreneur
Daniel Gonzalez,57,62,66,62,74,100,55,44,41,Teacher
Elizabeth Huber PhD,88,92,51,79,73,63,80,74,60,Financial Analyst
Shane French,83,86,68,81,80,56,64,76,81,Financial Analyst
Victor Rogers,98,40,98,82,49,78,68,55,71,Software Engineer
Ashley Chapman,62,81,74,99,52,75,98,77,77,Writer
Lauren Bell,62,57,41,44,88,49,53,54,83,Entrepreneur
Kaitlyn Kaiser,50,53,51,59,46,97,93,91,99,Manager
Clinton Gardner,98,53,82,96,95,53,50,60,52,Writer
Julie Day,65,53,59,69,95,76,51,81,55,Entrepreneur
Angela Berry,100,75,41,60,53,74,77,47,55,Marketing Executive
Bryan Blake,52,62,59,67,93,94,96,75,79,Entrepreneur
Roger Owen,54,78,44,45,49,71,65,78,48,Teacher
Kathleen Nicholson,89,52,45,94,100,71,69,63,85,Writer
John Meyer,95,74,74,100,76,72,100,75,61,Writer
Nathan Bates,83,40,76,91,45,76,61,91,98,Writer
Bradley Banks,47,92,79,61,93,85,59,47,100,Entrepreneur
Jessica Randall,47,44,79,97,100,42,52,54,95,Writer
Kristina Butler,99,82,67,78,43,44,62,51,89,Human Resource Specialist
Jaime Rivera,58,40,93,49,61,84,86,81,78,Manager
Jacqueline Camacho,45,98,56,59,98,99,52,98,87,Entrepreneur
Nichole Barnett,73,69,79,100,99,59,56,68,65,Writer
Olivia Kerr,55,63,72,67,100,94,58,49,41,Entrepreneur
Jamie Bowen,78,56,53,93,75,41,58,60,72,Writer
Allison Dean,77,67,59,92,61,51,44,97,67,Writer
Michelle Garcia,88,71,77,78,48,99,75,53,63,Software Engineer
Mariah Baker,86,60,46,70,47,88,86,83,86,Manager
Justin Parrish,68,71,65,89,75,45,100,95,80,Writer
Barbara Bond,67,84,92,44,42,50,71,56,66,Data Scientist
Michael Simon,58,94,66,90,88,99,50,78,89,Writer
Tammy Parker,53,65,47,71,72,85,47,51,93,Human Resource Specialist
Linda Guzman,59,44,45,81,81,86,75,49,72,Entrepreneur
Ricardo Collins,61,75,48,63,87,42,58,100,42,Entrepreneur
Marie Barnes,56,88,77,42,72,91,73,62,77,Financial Analyst
Claudia Garcia,74,73,76,40,58,41,55,42,47,Teacher
Samantha Bright DDS,86,77,80,70,79,46,90,68,59,Teacher
Ashley Cantu,74,93,58,81,41,93,68,71,68,Marketing Executive
Emily Long,93,99,79,80,84,60,71,83,70,Entrepreneur
Tina Franklin,91,65,66,79,76,53,47,66,90,Human Resource Specialist
Kyle Glass,81,54,85,86,51,78,68,99,53,Writer
Ashlee Newton,78,53,53,44,80,58,66,89,47,Software Engineer
Bryan Castro,86,89,41,97,88,90,41,99,90,Writer
Maria Jackson,64,62,93,88,75,91,75,51,97,Writer
Brittany Berger,78,57,89,63,57,94,61,58,44,Teacher
Carolyn Harrison,65,41,55,91,90,61,89,71,94,Writer
Rachel Anderson,90,46,65,74,55,73,44,99,44,Financial Analyst
Samuel Rose,76,96,80,69,99,62,82,99,79,Manager
Sarah Stanley,50,73,63,76,55,78,92,63,83,Financial Analyst
Rhonda Sullivan,73,87,91,88,57,58,89,64,59,Data Scientist
Nicholas Watkins,40,50,91,62,80,73,63,61,84,Marketing Executive
Anna Jones DDS,53,66,76,46,83,83,60,89,96,Entrepreneur
Mrs. Sherry Reyes MD,40,56,45,61,64,53,66,84,70,Teacher
Jeffrey Gonzales,79,59,99,99,58,50,71,79,44,Writer
Deanna Blevins,92,66,83,99,64,91,62,55,99,Writer
Rebecca West,63,72,78,63,92,82,74,44,75,Entrepreneur
Angela Oliver,89,54,88,81,95,77,54,75,67,Entrepreneur
Laura Frye,61,59,100,50,65,58,63,79,87,Human Resource Specialist
Randall French,75,100,92,73,43,88,95,67,49,Data Scientist
Mr. Jacob Martinez,68,88,41,52,67,85,85,73,92,Human Resource Specialist
Tamara Galloway,55,89,68,64,98,55,71,92,49,Entrepreneur
Dustin Hicks,52,99,69,56,40,67,57,78,64,Marketing Executive
Anthony Davis,80,63,93,57,46,72,46,84,67,Teacher
James Cummings,54,66,78,79,74,64,86,90,70,Manager
Jeffrey Wise,87,82,79,75,94,98,91,70,80,Entrepreneur
Megan Zamora,92,65,99,84,51,84,87,83,53,Manager
Claudia Lee,73,90,80,84,99,40,44,44,98,Entrepreneur
Abigail Johnson,98,100,86,69,91,78,64,87,63,Data Scientist
Robin Glenn,90,55,90,67,90,66,53,61,58,Entrepreneur
Amy Mendez,82,79,57,60,90,64,61,59,90,Entrepreneur
Larry Gross,66,96,51,87,78,40,57,60,48,Writer
Samantha King,60,100,47,45,95,54,56,97,83,Entrepreneur
Kevin Jacobson,92,97,99,44,96,81,83,49,75,Data Scientist
Kevin Leach,74,40,84,94,63,94,49,51,47,Writer
Megan Douglas,83,43,87,90,60,85,40,81,80,Writer
Sarah Byrd,99,89,49,64,50,51,43,52,88,Human Resource Specialist
Thomas Hayes,40,94,73,50,92,80,75,88,68,Entrepreneur
Valerie Steele,41,46,97,93,47,66,95,76,92,Writer
Jordan Vaughn,45,100,47,87,56,56,92,77,99,Writer
Jonathan Mahoney,97,63,60,79,57,73,87,88,50,Manager
Hunter Smith,84,78,98,66,96,59,64,90,58,Data Scientist
Mitchell Davis,65,75,51,95,54,50,51,83,47,Writer
Christian Allen,43,86,63,56,67,99,82,72,86,Human Resource Specialist
Erica Washington,57,58,57,46,97,71,87,68,65,Entrepreneur
Douglas Holmes,56,43,45,55,90,80,65,43,73,Entrepreneur
Matthew Medina,88,49,54,98,49,71,96,51,82,Writer
Adam Hill PhD,50,67,71,92,91,61,55,65,98,Writer
Rose Jones,83,79,84,93,88,83,94,58,43,Data Scientist
Audrey Martinez,57,85,78,94,65,82,65,45,59,Writer
Randy Moore,40,71,43,60,98,68,65,78,40,Entrepreneur
Ronald Patterson,97,42,100,50,59,62,85,82,55,Manager
Erica Avila,53,98,49,87,82,75,100,40,62,Writer
Elizabeth Carter,96,77,58,90,99,88,57,98,60,Writer
Cindy Stafford,40,100,68,62,41,68,58,77,52,Marketing Executive
Colton Levy,84,99,90,66,95,96,46,60,99,Data Scientist
Ashley Turner,79,75,48,69,56,50,68,40,68,Software Engineer
Mr. Cameron Williams,73,43,76,92,86,75,55,72,91,Writer
Zachary James,73,91,61,85,49,54,75,93,94,Human Resource Specialist
Melissa Soto,74,68,70,40,47,58,49,40,83,Marketing Executive
Jacob Miller,90,82,41,78,97,52,67,66,71,Entrepreneur
Ashley Moore,100,95,95,51,89,63,76,47,83,Data Scientist
Victoria Nixon,65,58,87,99,68,45,67,61,63,Writer
Kevin Martinez,71,65,95,66,58,49,42,59,41,Teacher
Sean Miles DVM,53,40,82,82,89,49,54,56,64,Entrepreneur
Lance Young,49,78,49,98,80,73,100,66,97,Writer
Erika Scott,60,78,93,74,62,42,93,56,68,Data Scientist
Gary Mccarthy DDS,81,68,71,77,94,54,85,58,72,Entrepreneur
Ashley Lawrence,98,90,66,90,69,63,86,50,64,Writer
Randy Chavez,76,51,44,64,46,48,42,76,68,Software Engineer
Richard Mcdonald,91,69,56,54,60,63,96,93,42,Manager
Audrey Jones,93,47,88,65,94,92,42,41,45,Entrepreneur
Maria Caldwell,48,92,52,73,65,45,63,96,46,Software Engineer
Bryan Haney,93,54,89,84,51,43,97,64,71,Software Engineer
Kristy Levine,82,53,89,89,58,87,85,80,65,Writer
Daniel Bates,83,51,62,46,65,61,84,51,67,Marketing Executive
David Garza,83,67,70,41,42,65,65,59,91,Human Resource Specialist
George Briggs,43,86,46,90,78,56,98,66,63,Writer
Rachel Bender,82,93,91,73,58,56,69,62,93,Data Scientist
Angela Green,69,96,99,63,85,54,87,78,42,Data Scientist
Mary Campbell,73,90,86,62,43,89,78,90,97,Data Scientist
Alice Hernandez,45,68,80,70,79,49,46,86,62,Marketing Executive
Chad Hurst,95,55,74,66,51,84,63,94,58,Financial Analyst
Tamara Park,95,63,66,53,97,48,72,87,91,Entrepreneur
Cathy Chandler,42,95,93,90,45,62,64,81,71,Data Scientist
Carla Coffey,50,60,89,51,90,67,55,45,47,Entrepreneur
Jonathan Brooks,90,90,67,59,60,42,63,56,98,Human Resource Specialist
Kyle James,91,84,72,90,67,54,63,55,47,Writer
Laurie Gonzales,48,48,61,81,79,69,46,65,91,Human Resource Specialist
James Sanford,80,73,96,100,76,88,64,57,99,Writer
Jessica Barton,40,82,93,76,89,72,82,59,69,Data Scientist
James Russo,81,97,70,62,41,61,41,86,92,Human Resource Specialist
Kaitlyn Matthews,95,47,43,82,99,83,64,86,89,Entrepreneur
Nathan Wong,100,53,94,76,91,88,70,56,98,Entrepreneur
Krystal Hernandez,99,64,99,75,49,66,71,74,41,Financial Analyst
Amber Hernandez,58,58,94,85,91,90,81,43,96,Entrepreneur
Darren Cook,97,44,77,51,62,45,63,91,43,Teacher
Denise Anderson,49,96,100,77,95,87,82,100,81,Data Scientist
Karen Schwartz,91,71,82,97,90,58,82,89,97,Writer
Marcus Carter,40,86,46,41,42,90,57,61,79,Software Engineer
Christine Reyes,62,61,64,85,54,80,65,80,43,Financial Analyst
Stephanie Porter,60,65,45,94,85,91,42,71,43,Writer
Megan Murray,77,93,52,90,50,45,57,40,92,Writer
Teresa Robbins,64,43,75,52,61,98,60,98,62,Teacher
Micheal Spears,70,61,96,95,46,43,69,97,45,Writer
Colin Olson,67,81,76,86,83,54,60,66,58,Writer
Tina Harrison,100,53,41,42,79,54,66,47,52,Marketing Executive
Kelly Sims,54,74,66,100,91,60,87,59,72,Writer
Kristina Hart,43,68,99,83,61,44,47,94,40,Teacher
Laura Burns,50,79,83,56,46,56,80,44,42,Data Scientist
Aaron Mitchell,76,78,81,85,64,60,84,76,48,Data Scientist
Keith Ryan,88,51,62,99,98,50,62,61,48,Writer
Alexis Howard,65,56,53,41,55,55,91,73,73,Financial Analyst
Matthew Leach,65,67,51,56,45,76,83,40,76,Financial Analyst
Daniel Knapp,89,100,61,55,72,82,47,97,78,Marketing Executive
Robert Hall,51,45,77,45,53,50,79,54,81,Software Engineer
Kim Haley,60,49,67,64,65,95,58,43,54,Financial Analyst
Michael Perry,94,57,88,73,86,77,92,51,66,Entrepreneur
Shawn Miranda,98,90,48,75,60,59,82,64,85,Teacher
Daniel Thomas,82,83,49,65,40,75,56,96,87,Human Resource Specialist
Connie Houston,100,80,99,61,84,98,87,46,77,Data Scientist
Jennifer Waters,44,66,62,92,62,69,98,75,48,Writer
Peter Davis,40,90,46,78,74,76,74,90,67,Software Engineer
Kayla Johnson,79,90,100,96,54,56,43,90,95,Data Scientist
Dr. Michael Hamilton,44,67,97,52,90,78,63,57,76,Entrepreneur
Christopher Sweeney,49,47,47,63,77,74,45,57,41,Financial Analyst
Denise Pena,67,76,66,86,77,59,69,93,68,Writer
Joshua White,98,70,83,84,53,57,71,49,77,Financial Analyst
William Strong,48,89,82,67,46,54,47,62,95,Data Scientist
Rhonda Wilcox,90,49,91,75,73,70,61,95,58,Teacher
Elizabeth Quinn,56,77,73,64,77,48,47,97,42,Software Engineer
Melissa Jones,98,83,83,55,98,92,96,60,99,Data Scientist
David Freeman Jr.,75,88,40,90,99,85,87,72,73,Writer
Todd Trujillo,53,52,82,68,55,77,59,93,47,Teacher
Holly Pacheco,61,54,53,99,57,86,69,55,79,Writer
Brian Sandoval,47,80,74,83,93,73,64,64,85,Entrepreneur
Richard Rasmussen,74,40,45,67,59,92,55,44,43,Marketing Executive
Danny Gonzales,63,72,76,94,45,59,94,67,60,Writer
Ann Dominguez,69,67,44,85,44,48,45,96,55,Software Engineer
Margaret Patterson,100,73,91,71,55,64,40,46,99,Human Resource Specialist
Matthew Braun,56,59,77,96,50,74,87,48,53,Writer
Luke Garcia,82,60,74,51,95,69,48,48,84,Entrepreneur
Megan Garrison,46,46,67,45,58,85,73,49,80,Financial Analyst
Andrea Salinas,55,66,66,50,85,65,63,78,51,Entrepreneur
Alyssa Luna,69,92,79,83,90,61,42,57,70,Entrepreneur
Kaitlyn Sandoval,85,46,58,44,62,67,78,41,62,Software Engineer
Amber Mooney MD,56,55,40,95,85,51,96,47,59,Writer
Destiny Rose,97,80,51,65,52,92,81,54,98,Human Resource Specialist
Erica Anderson,77,76,65,79,66,41,90,72,99,Human Resource Specialist
Kathleen Stevens,63,74,67,41,71,74,91,80,76,Manager
Donald Stein,44,86,75,66,82,54,76,75,91,Entrepreneur
Kimberly Walter,79,98,66,70,66,43,91,72,61,Software Engineer
Kelly Moreno,93,44,79,75,79,93,76,56,97,Human Resource Specialist
Kelly Perez,78,40,48,90,86,100,75,81,53,Writer
Carmen Daniels,97,53,91,40,63,97,68,72,93,Human Resource Specialist
Sean Wallace,52,64,65,63,52,41,83,97,60,Manager
Ryan Haas,64,72,46,53,73,46,44,70,53,Teacher
Kathy Thompson,43,74,77,63,40,50,47,68,85,Marketing Executive
Derek Singleton,55,50,98,43,60,64,97,65,100,Human Resource Specialist
Daniel Burke,95,100,45,62,76,65,54,53,57,Teacher
Roberta Rodgers,76,73,68,93,82,82,98,83,98,Writer
Diane Anderson,55,63,55,68,84,76,92,86,45,Manager
Dennis Watkins,78,69,67,88,52,78,53,61,47,Writer
Kenneth Alexander,56,90,60,70,90,48,97,72,65,Entrepreneur
Matthew Ford,77,95,56,87,98,43,45,86,89,Writer
William Hunt,81,41,41,86,93,53,88,64,73,Writer
Richard Palmer,61,98,68,61,58,75,65,54,59,Marketing Executive
Alan Pennington,77,77,73,91,98,60,76,68,68,Writer
Kelly Phillips,70,87,50,64,43,98,41,45,68,Software Engineer
Mr. Michael Lopez,85,55,48,80,62,70,93,84,92,Manager
Reginald Snyder,97,66,90,44,82,54,75,73,50,Entrepreneur
Kim Thomas,58,57,82,74,62,87,77,87,67,Teacher
Kelsey Odom,75,61,65,95,82,79,74,92,70,Writer
Harold Carroll,55,61,90,49,54,41,85,72,69,Financial Analyst
Robert Ferguson,97,52,94,52,89,69,69,68,60,Entrepreneur
Brenda Carlson,77,44,43,85,62,47,78,69,90,Human Resource Specialist
Michael Richard,97,62,54,72,46,86,46,87,70,Marketing Executive
Latoya Cook,59,47,44,58,61,51,87,78,81,Manager
Jonathan Fisher,95,98,70,63,44,42,86,93,93,Manager
Amy Byrd,64,86,100,66,66,87,64,56,72,Data Scientist
Megan Sanders,65,76,72,46,62,90,57,64,60,Financial Analyst
George Dorsey,46,53,82,70,45,96,63,61,45,Teacher
Christine Owens,48,62,65,58,61,50,93,78,68,Manager
Stephen Kramer,59,68,75,48,40,70,54,77,96,Human Resource Specialist
Laurie Alexander,90,53,54,53,56,79,44,77,41,Teacher
Hunter Tran,48,97,43,94,79,100,99,50,45,Writer
Perry Ray,91,92,88,83,88,94,61,51,61,Data Scientist
Amber Martin MD,81,46,97,45,43,82,69,78,99,Human Resource Specialist
Nathan Mercer,47,54,75,75,91,50,68,60,40,Entrepreneur
Jody Chan,81,76,89,56,84,87,67,63,62,Data Scientist
Edwin Tyler,97,78,65,87,98,48,51,90,60,Writer
Justin Curry,83,83,67,55,92,79,98,48,86,Entrepreneur
Heather Cox,94,92,47,73,99,97,42,71,48,Entrepreneur
Daniel Winters,64,74,46,87,49,79,63,91,80,Writer
Karen Smith,68,89,94,72,79,45,61,50,88,Data Scientist
Jeremiah Holland,99,53,77,49,47,73,75,95,72,Software Engineer
Dr. Mark Morrow Jr.,82,63,99,78,76,40,52,100,92,Human Resource Specialist
Dr. Laura Hobbs,73,86,86,78,83,95,93,95,54,Data Scientist
Christy Anderson,52,42,58,57,80,88,60,56,92,Human Resource Specialist
Jeffrey Fernandez,78,96,92,87,73,65,53,97,60,Data Scientist
Robert Finley,69,67,84,40,64,81,87,66,95,Human Resource Specialist
Theresa Coleman MD,44,65,45,100,62,86,61,47,89,Writer
Christy Hale,49,89,99,83,42,75,88,77,82,Data Scientist
James Wolfe,42,80,99,49,52,65,83,53,73,Data Scientist
Bryan Olson,85,88,80,52,54,76,86,48,43,Financial Analyst
April Odom,88,89,59,63,98,84,42,81,82,Entrepreneur
Anita Turner,61,100,49,40,67,83,63,73,67,Teacher
Peter Castillo,92,89,60,70,55,82,85,98,96,Manager
Douglas Hoffman,90,74,73,74,45,95,65,78,97,Human Resource Specialist
Adam Duffy,61,73,79,59,50,54,69,48,86,Human Resource Specialist
Ashley Savage,71,77,70,57,65,41,76,81,72,Teacher
Aaron Price,79,86,87,84,86,66,44,41,41,Data Scientist
Dawn Patel,43,60,49,75,74,73,54,68,69,Software Engineer
Kristen Jackson,75,88,87,87,61,49,97,81,92,Data Scientist
Leslie Larsen MD,85,43,86,43,94,41,69,70,41,Entrepreneur
Danielle Vega,70,82,83,91,64,78,89,56,94,Data Scientist
Diana Wilson,58,63,52,90,40,74,86,92,79,Writer
Chelsea Valencia,82,55,58,84,99,51,83,62,58,Entrepreneur
Maria Carr,52,51,94,82,85,99,40,46,48,Entrepreneur
Rebecca Davidson,90,98,41,63,45,93,84,66,45,Teacher
Dave Briggs,96,56,66,53,45,84,76,54,52,Financial Analyst
Cynthia Long,93,51,45,90,66,94,43,91,84,Writer
Michael Butler,59,78,68,41,90,93,93,84,72,Manager
Brandy Howell,83,49,95,66,66,49,92,61,59,Teacher
Laurie Jones,53,74,81,55,88,68,57,76,64,Entrepreneur
Jennifer Woods,82,58,46,58,55,61,94,87,63,Manager
Charles Garrison DDS,77,97,95,80,41,41,53,92,91,Data Scientist
Michael Vargas,99,43,73,93,53,77,51,81,43,Writer
Erica Fernandez,90,80,49,44,66,77,68,68,53,Software Engineer
Kellie Hernandez,52,44,100,94,90,77,90,71,83,Writer
Andrew Lopez,88,50,52,64,68,49,50,88,55,Software Engineer
Judith Choi,54,50,82,80,78,96,86,84,96,Manager
Taylor Dennis,44,70,75,78,81,43,92,92,81,Manager
Yvette Mitchell,66,89,67,79,88,59,55,83,42,Entrepreneur
Joseph Tate,74,78,61,68,51,56,47,76,43,Financial Analyst
Elizabeth Sanders,81,84,75,87,98,82,81,99,64,Writer
Jessica Church,91,43,64,65,98,62,72,88,70,Entrepreneur
Tracey Davis,96,90,91,50,76,90,43,90,58,Data Scientist
Brittany Johnson,81,53,77,94,45,49,95,49,95,Writer
Brianna James,85,53,67,75,67,95,52,41,82,Financial Analyst
Becky Cooper,88,87,98,90,96,96,78,42,59,Data Scientist
Joanna Barnes,76,40,67,67,90,73,61,69,74,Entrepreneur
Rebecca Peterson,74,76,99,96,57,66,50,78,63,Data Scientist
Mark West,61,47,77,57,65,65,100,59,69,Financial Analyst
Adam Delgado,83,66,70,86,46,75,57,51,76,Writer
Lisa Wong,89,83,66,63,90,83,75,82,73,Entrepreneur
Justin Richardson,86,81,50,80,64,56,89,93,100,Manager
Anthony House,54,60,77,58,80,68,60,76,72,Software Engineer
Stacey Decker,92,43,84,46,85,56,41,73,82,Entrepreneur
Jennifer Watson,77,74,82,43,58,99,100,71,68,Financial Analyst
Kara Nguyen,56,96,41,63,94,61,42,72,61,Entrepreneur
Emily Herrera,95,87,79,80,66,91,46,85,92,Human Resource Specialist
Dylan Owens,68,66,60,86,76,99,46,77,92,Writer
Mary Merritt,62,64,42,74,56,53,86,45,64,Marketing Executive
David Briggs,58,91,60,87,94,48,53,98,84,Writer
Nathan Roberts,60,70,94,81,75,55,45,95,75,Financial Analyst
Randy Coleman,69,43,77,81,85,47,87,62,52,Entrepreneur
Brittany Curtis,98,63,77,47,65,66,54,96,85,Teacher
Peter Moses,68,43,92,49,57,59,44,91,100,Human Resource Specialist
Carla Underwood,51,85,50,97,78,57,55,87,45,Writer
Alexandra Sullivan,55,43,99,74,90,89,92,76,97,Manager
Lori Glover,64,75,78,44,76,54,72,44,90,Human Resource Specialist
Robert Ochoa,41,92,44,77,99,65,100,83,69,Manager
Jacob Orr,53,70,82,44,74,60,81,55,72,Marketing Executive
Michelle Myers,93,88,41,72,70,93,90,58,88,Human Resource Specialist
Jason Ross,60,67,46,42,43,75,40,86,43,Marketing Executive
Rhonda Black,58,69,88,92,89,42,63,87,82,Writer
James Morales,70,71,91,75,98,62,79,87,41,Entrepreneur
Amanda Richardson,84,76,81,49,79,100,55,44,47,Data Scientist
Nancy Johnson,60,60,44,41,97,51,99,55,47,Entrepreneur
Kristy Palmer,57,72,63,87,80,91,64,50,41,Writer
Jordan Martin,42,77,40,95,91,82,58,71,97,Writer
Donald Montgomery,66,56,90,42,47,98,64,41,72,Financial Analyst
Antonio Dudley,53,50,91,49,89,63,99,89,58,Manager
Joseph Coleman,43,46,90,50,45,72,50,99,87,Human Resource Specialist
Kylie Cooper,80,93,43,62,51,75,91,53,91,Human Resource Specialist
Alexander Moses,58,41,68,82,63,55,63,83,43,Teacher
Robert Perry,61,70,89,54,47,56,94,51,59,Financial Analyst
Michael Santos,69,49,94,58,53,69,79,75,65,Marketing Executive
Diana Anderson DVM,70,59,88,71,49,88,43,64,49,Teacher
Emily Black,65,75,87,49,56,55,44,94,74,Marketing Executive
Michael Cochran,96,80,86,73,63,61,78,55,99,Data Scientist
Daniel Bond,83,100,59,55,41,100,47,99,45,Software Engineer
George Bennett,70,97,71,61,82,80,54,99,92,Entrepreneur
Steven Pacheco,48,93,69,68,96,71,44,71,53,Entrepreneur
Shelby Smith,76,55,90,55,89,72,91,46,77,Entrepreneur
Nathan Rodriguez,60,96,50,53,98,100,78,99,98,Entrepreneur
Heidi Lutz,82,82,84,89,77,100,47,73,57,Data Scientist
Andrew Lee,65,68,70,89,82,67,90,44,88,Writer
Tammy Fletcher,74,95,93,89,46,99,61,85,65,Data Scientist
Anita Morrison,67,59,51,48,42,40,84,92,82,Manager
Angelica Pineda,59,82,61,91,79,69,40,85,99,Writer
Mary Morris,56,57,83,77,65,58,70,56,83,Marketing Executive
Christopher Thompson,67,44,63,71,41,97,51,56,56,Marketing Executive
Matthew Wang,68,83,69,62,47,90,82,75,60,Financial Analyst
William Weber DDS,96,82,89,50,70,74,94,98,61,Data Scientist
Mary Li,84,98,70,44,81,90,59,71,88,Entrepreneur
Anthony Thomas,63,80,92,89,55,56,46,100,89,Data Scientist
Darlene Bryan,51,45,54,65,83,96,91,89,82,Manager
Julian Roberts,81,70,45,62,80,69,76,82,50,Software Engineer
Heather Phillips,56,53,47,57,74,62,99,48,63,Teacher
Michael Newman,76,96,97,72,90,58,57,40,63,Data Scientist
Jonathan Holland,92,51,45,84,83,41,60,40,56,Entrepreneur
Jason Baxter,79,95,46,65,95,76,64,42,42,Entrepreneur
Abigail Thompson,63,42,56,74,73,58,55,60,75,Software Engineer
Anthony Lawson,50,99,89,67,82,50,76,71,80,Data Scientist
Aaron Brooks,66,52,55,42,42,84,47,40,87,Human Resource Specialist
Sean Payne,73,96,44,54,93,58,98,65,41,Entrepreneur
Robert Adams,80,73,43,43,96,65,75,69,44,Entrepreneur
Joseph Davis,59,84,92,50,88,66,52,55,51,Data Scientist
Matthew Mayer,41,80,61,63,48,50,87,85,93,Manager